:020000040800F2
:10400000000002204D580008D9560008E15600086B
:10401000E9560008F1560008F956000800000000B3
:104020000000000000000000000000000157000830
:104030000F570008000000001D5700082B5700080C
:104040009D5800089D5800089D5800089D5800087C
:104050009D5800089D5800089D5800089D5800086C
:104060009D5800089D5800089D5800089D5800085C
:104070009D5800089D5800089D5800089D5800084C
:104080009D5800089D5800089D5800080000000039
:104090000000000000000000000000009D58000823
:1040A0009D5800089D5800089D5800089D5800081C
:1040B0009D5800089D5800089D5800089D5800080C
:1040C0009D5800089D5800089D5800089D580008FC
:1040D0009D5800089D5800089D58000800000000E9
:1040E0009D5800089D5800089D58000800000000D9
:1040F0000000000000000000000000009D580008C3
:10410000000000009D5800089D5800089D580008B8
:10411000000000000000000000000000000000009F
:104120009D5800089D5800089D5800089D5800089B
:104130009D58000800000000000000000000000082
:1041400000000000000000000000000039570008D7
:104150009D5800089D5800089D5800089D5800086B
:104160009D5800089D580008000000000000000055
:10417000000000000000000000000000000000003F
:10418000000000009D580008000000000000000032
:084190009D5800089D5800082D
:1041A00010B5054C237833B9044B13B10448AFF371
:1041B00000800123237010BD4C010020000000008E
:1041C00048D2000808B5034B1BB103490348AFF3BD
:1041D000008008BD000000005001002048D2000807
:1041E000034613F8012B002AFBD1181A0138704737
:1041F00001F0FF01102A2BDB10F0070F08D010F898
:10420000013B013A8B422DD010F0070F42B3F6D19B
:10421000F0B441EA012141EA014122F007047FF0B4
:1042200000070023F0E80256083C85EA010586EA0B
:10423000010685FA47F5A3FA87F586FA47F6A5FA47
:1042400087F68EB9EED1F0BC01F0FF0102F0070253
:1042500032B110F8013B013A83EA010313B1F8D1FE
:104260000020704701387047002D06BF35460338DF
:10427000073815F0010F07D1013015F4807F02BF18
:10428000013015F4C03F0130F0BC0138704700BF69
:1042900053B94AB9002908BF00281CBF4FF0FF31AD
:1042A0004FF0FF3000F088B9ADF1080C6DE904CE95
:1042B00000F006F8DDF804E0DDE9022304B0704701
:1042C0002DE9F047089D0F4604468C46002B48D147
:1042D0008A42164661D9B2FA82F34BB1C3F1200289
:1042E00001FA03FC20FA02F29E4042EA0C0C9C40C8
:1042F0004FEA164EB7B2BCFBFEF1220C0EFB11CCFE
:1043000042EA0C4201FB07F0904209D9B21801F1D0
:10431000FF3C80F0EE80904240F2EB800239324464
:10432000121AA4B2B2FBFEF00EFB102244EA0244C1
:1043300000FB07F7A74209D9341900F1FF3280F0DA
:10434000DA80A74240F2D7803444023840EA014084
:10435000E41B00211DB1DC400023C5E90043BDE89A
:10436000F0878B4206D90DB1C5E90001002108464E
:10437000BDE8F087B3FA83F1002948D1BB4202D3EC
:10438000824200F20781841A67EB030201209446FF
:10439000002DE4D0C5E9004CE1E7002A00F092804E
:1043A000B2FA82F3002B40F0A8808A1A4FEA164E28
:1043B0001FFA86FC0121200CB2FBFEF70EFB172230
:1043C00040EA02420CFB07F0904207D9B21807F10D
:1043D000FF3802D2904200F2E2804746121AA4B29D
:1043E000B2FBFEF00EFB102244EA02440CFB00FC80
:1043F000A44507D9341900F1FF3202D2A44500F2D6
:10440000CB801046A4EB0C0440EA0740A2E7C1F1C0
:1044100020068B4022FA06FC4CEA030C07FA01F452
:1044200020FA06F3F7404FEA1C49234300FA01F84B
:104430001FFA8CFEB7FBF9F01C0C09FB107744EA5D
:10444000074400FB0EF7A74202FA01F20AD91CEB5F
:10445000040400F1FF3A80F09B80A74240F298806C
:1044600002386444E41B9FB2B4FBF9F309FB134424
:1044700047EA044403FB0EFEA64509D91CEB0404DD
:1044800003F1FF3780F08280A6457FD9023B644468
:1044900043EA0040A4EB0E04A0FB02E7BC427346D3
:1044A000B94663D360D05DB1B8EB030264EB090495
:1044B00004FA06F622FA01F31E43CC40C5E9006473
:1044C00000214CE76208480842EAC1710B0C43EA3C
:1044D00000438AB242EA0342B3FBF6F1E407B44672
:1044E0003746B6461F23B0FBF6F0D21B41EA004127
:1044F00061E7614614E7104628E7C3F1200120FA7E
:1045000001F29E4027FA01F19F403A434FEA164ECE
:104510001FFA86FCB1FBFEF70EFB1710110C41EAE7
:10452000004107FB0CF8884504FA03F43AD97118E6
:1045300007F1FF3001D288451FD8A1EB0801B1FB7C
:10454000FEF808FB0CF70EFB181192B242EA01428A
:10455000BA422FD2B21808F1FF31C6D2BA42C4D241
:10456000A8F102013244C0E7F0459CD2BEEB020341
:1045700067EB0C070138B94695E7A6EB08084144FC
:10458000B81EB1FBFEF808FB0CF7DCE73B467FE703
:10459000504667E70846FBE63444023832E7023FFC
:1045A00032441BE7A1EB08013846B1FBFEF808FBDB
:1045B0000CF7C8E7414698E7704700BF80B500AFE9
:1045C00001224FF48051054801F0AEFC01224FF466
:1045D0000071034801F0A8FC00BF80BD0004024048
:1045E0000000024080B500AF00224FF48051024825
:1045F00001F09AFC00BF80BD0004024080B500AF0E
:1046000001224FF48051024801F08EFC00BF80BDB2
:104610000004024080B582B000AF0346FB71FFF793
:10462000E1FFF91D4FF0FF330122094803F0B9FB08
:104630000346002B03D0FFF7E1FF00F091FAFFF7EC
:10464000DDFF0A2000F00EFF00BF0837BD4680BD29
:104650006801002080B584B000AF03460A46FB71B4
:104660001346BB71FB7903F00F03DBB243F0500339
:10467000FB730023BB73FB7B3B72BB7B7B72BB7901
:10468000BB72FFF7AFFF07F108014FF0FF330322C2
:10469000094803F086FB0346002B03D0FFF7AEFF6B
:1046A00000F05EFAFFF7AAFF0A2000F0DBFE00BF71
:1046B0001037BD4680BD00BF6801002080B584B0C2
:1046C00000AF0346FB71FB7903F00F03DBB243F04D
:1046D0001003FB730023BB7300237B73FB7B3B72D4
:1046E000BB7B7B72FFF77EFF07F108014FF0FF33C2
:1046F0000222134803F055FB0346002B03D0FFF7BB
:104700007DFF00F02DFA0A2000F0ACFE07F10D014C
:104710004FF0FF3301220A4803F087FC0346002BC9
:1047200003D0FFF76BFF00F01BFAFFF767FF0A20CB
:1047300000F098FE7B7B18461037BD4680BD00BF59
:104740006801002080B584B000AF786001F00EF9F8
:10475000F86009E001F00AF90246FB68D31A7A68AA
:104760009A4201D2002308E04FF48071054801F01D
:10477000C3FB0346012BEDD0012318461037BD467D
:1047800080BD00BF0000024080B500AF00E000BF68
:104790004FF48071044801F0AFFB0346012BF6D0C3
:1047A00000BF00BF80BD00BF0000024080B59CB0CC
:1047B00000AFFFF723FF01224FF400713E4801F0E4
:1047C000B3FB322001F0DEF8FE20FFF723FF0520C7
:1047D00001F0D8F84FF47A70FFF7B4FF0346002BCE
:1047E00004D1364801F01FF800F0BAF90F20FFF7A6
:1047F00011FF022001F0C6F801210120FFF72AFF76
:1048000000210220FFF726FFF0210320FFF722FFFF
:10481000F020FFF7FFFE4FF47A70FFF793FF034697
:10482000002B04D1264800F0FEFF00F099F901208A
:10483000FFF744FF034687F86F3097F86F3007F1B2
:104840001800204A502108F043F8B866BB6E002BD0
:104850000ADDBB6E4F2B07DCBB6E9AB207F1180363
:104860001146184600F0BAFF97F86F30012B19D0A7
:10487000154800F0D8FF4FF47843144A1421022061
:1048800000F05CFB97F86F303846114A182108F0A9
:104890001FF83A464FF6FF732821022000F04EFB26
:1048A00000F05EF900F016F80A2000F0DBFD00BF12
:1048B0007037BD4680BD00BF0000024090D20008A6
:1048C000C0D20008F0D2000810D3000840D300087E
:1048D0006CD3000880B592B000AF374B7B6407F112
:1048E0003403364A1021184600F07CF807F12403FF
:1048F0007A6C1021184600F075F84FF6FF73304AB5
:104900000521022000F01AFB40F2FF732D4A14210A
:10491000022000F013FB40F2FF732B4A23210220F8
:1049200000F00CFB381D47F23053284A202107F0D5
:10493000CFFF3A1D4FF6FF733221022000F0FEFA3E
:10494000381D0123224A202107F0C2FF3A1D4FF6ED
:10495000FF734121022000F0F1FA07F13403381D02
:104960001C4A202107F0B4FF3A1D4FF6E073502196
:10497000022000F0E3FA07F12403381D164A202133
:1049800007F0A6FF3A1D4FF6E0735F21022000F00A
:10499000D5FA4FF4FC63114A6E21022000F0CEFAE2
:1049A0004FF4FC630E4A7D21022000F0C7FA00BFDD
:1049B0004837BD4680BD00BF26AB010098AC06005D
:1049C00078D3000890D30008A4D30008BCD3000813
:1049D000CCD30008D8D30008E8D30008FCD30008E3
:1049E00008D4000880B586B002AFF860B9607A607C
:1049F0007B680C4AA2FB032359097A68094BA3FB85
:104A000002035B09642000FB03F3D31A00930B46F7
:104A1000054AB968F86807F05BFF00BF1037BD466C
:104A200080BD00BF1F85EB5120D4000880B485B045
:104A300000AF78607B681B781A047B6801331B78B1
:104A40001B0213437A68023212781343FB60FB683F
:104A500003F40003002B03D0FB6843F07F43FB60AB
:104A6000FB6818461437BD465DF8047B70470000AC
:104A700080B584B002AF0123FB711E4A3B1D126852
:104A8000114619800233120C1A703B4600210A4667
:104A90001A800A469A70FFF7A5FDF91D4FF0FF3303
:104AA0000122154803F07DF90346002B03D0FFF7E0
:104AB000A5FD00F055F80A2000F0D4FC3A46391D57
:104AC0004FF0FF33009303230B4803F0C7FB03466B
:104AD000002B03D0FFF792FD00F042F8FFF78EFDA8
:104AE0003B461846FFF7A2FF034618460837BD4667
:104AF00080BD00BF2CD400086801002080B582B0C2
:104B000000AF0346FB71FB7919460120FFF7A2FDB8
:104B1000FC20FFF77FFD0020FFF77CFDFFF734FE50
:104B2000FFF7A6FF034618460837BD4680BD0000C4
:104B300080B500AF00224FF40051084801F0F4F9AD
:104B4000502000F01FFF01224FF40051034801F0F4
:104B5000EBF9502000F016FF00BFEBE70008024021
:104B600080B500AF72B600BFFFF7E2FF00BF80BDA7
:104B700080B500AF01221021074801F0D5F90122CC
:104B80004021054801F0D0F901228021024801F0BE
:104B9000CBF900BF80BD00BF0004024080B500AF6C
:104BA00000221021024801F0BFF900BF80BD00BF04
:104BB0000004024080B500AF01221021024801F03C
:104BC000B3F900BF80BD00BF0004024080B500AF54
:104BD00000224021024801F0A7F900BF80BD00BFBC
:104BE0000004024080B500AF01224021024801F0DC
:104BF0009BF900BF80BD00BF0004024080B582B0B9
:104C000000AF0346FB71FFF7E1FFFFF7C7FFF91D98
:104C10004FF0FF330122084803F0C3F80346002B8E
:104C200003D0FFF7C7FFFFF79BFFFFF7C3FF00BFEE
:104C30000837BD4680BD00BFC001002080B582B0EE
:104C400000AF0346FB71FFF7CDFFFFF7A7FFF91D8C
:104C50004FF0FF330122084803F0A3F80346002B6E
:104C600003D0FFF7A7FFFFF77BFFFFF7A3FF00BF0E
:104C70000837BD4680BD00BFC001002080B584B0AC
:104C800000AF78600B467B807B68FB60FFF7AAFF74
:104C9000FFF784FF7A884FF0FF33F968074803F085
:104CA00080F80346002B03D0FFF784FFFFF758FF7F
:104CB000FFF780FF00BF1037BD4680BDC001002058
:104CC00080B500AF012280210B4801F02DF90A20A8
:104CD00000F058FE00228021074801F025F932201B
:104CE00000F050FE01228021034801F01DF97820D8
:104CF00000F048FE00BF80BD0004024080B500AF58
:104D0000FFF758FFFFF7DCFF0120FFF777FF962042
:104D100000F038FE1120FFF771FF962000F032FE00
:104D20003A20FFF76BFF0520FFF788FF0A2000F00D
:104D300029FE3620FFF762FF0020FFF77FFF2920C2
:104D4000FFF75CFF962000F01DFE00BF80BD90B510
:104D500085B000AF0446084611461A462346FB714B
:104D60000346BB710B467B7113463B7100233B73BB
:104D7000FB797B730023BB737B79FB7300233B724E
:104D8000BB797B720023BB723B79FB722A20FFF751
:104D900035FF07F10C0304211846FFF76FFF2B20A6
:104DA000FFF72CFF07F1080304211846FFF766FF01
:104DB0002C20FFF723FF00BF1437BD4690BD80B500
:104DC00084B000AF0346FB710B46BB711346BB803A
:104DD00097F90730002B17DBBB799F2B16D8BB79CF
:104DE000FA79B979F879FFF7B2FFBB881B0A9BB251
:104DF000DBB23B73BB88DBB27B7307F10C03022190
:104E00001846FFF73BFF02E000BF00E000BF10378D
:104E1000BD4680BD80B586B000AF0346FB807F23D2
:104E2000FB749F23BB74FB881B0A9BB2DBB23B72F3
:104E3000FB88DBB27B724FF4A043FB60BB7CFA7C47
:104E400000210020FFF783FFFFF7CCFEFFF7A6FE4F
:104E500000237B6111E007F108014FF0FF330222CC
:104E60000B4802F09EFF0346002B03D0FFF7A2FE83
:104E7000FFF776FE7B6901337B617A69FB689A42B2
:104E8000E9D3FFF797FE00BF1837BD4680BD00BFCE
:104E9000C001002090B587B000AF04460846114617
:104EA0001A462346FB800346BB800B46FB70134625
:104EB0003B80FB781F2B02D9FB787E2B01D93F2347
:104EC000FB70FB78A3F1200213469B0013441A4A9F
:104ED00013443B610023FB7526E0FB7D3A691344D4
:104EE0001B78FB730023BB7518E0FA7BBB7D22FAAD
:104EF00003F303F00103002B0DD0FB88DAB2FB7D36
:104F00001344D8B2BB88DAB2BB7D1344DBB23A8813
:104F10001946FFF754FFBB7D0133BB75BB7D062BE4
:104F2000E3D9FB7D0133FB75FB7D042BD5D900BF95
:104F300000BF1C37BD4690BD20D5000880B586B0A7
:104F400000AFBA601A460346FB810B46BB8113468D
:104F5000FB80FB89FB82BB89BB822DE0BB681B7891
:104F60000A2B08D1FB89FB82BB8A0833BB82BB6852
:104F70000133BB6020E0BB681B780D2B03D1BB68FD
:104F80000133BB6018E0BB681A78FB88B98AF88ADD
:104F9000FFF780FFBB681B78202B03D0BB681B7812
:104FA0002D2B03D1FB8A0533FB8202E0FB8A0633FB
:104FB000FB82BB680133BB60BB681B78002BCDD183
:104FC00000BF00BF1837BD4680BD000080B58AB065
:104FD00000AF07F1140300221A605A609A60DA6089
:104FE0001A6100233B61454B1B6B444A43F00403A9
:104FF0001363424B1B6B03F004033B613B690023CB
:10500000FB603E4B1B6B3D4A43F0800313633B4BFD
:105010001B6B03F08003FB60FB680023BB60374B16
:105020001B6B364A43F002031363344B1B6B03F0D4
:105030000203BB60BB6800237B60304B1B6B2F4AB5
:1050400043F0010313632D4B1B6B03F001037B60E3
:105050007B6800224FF40051294800F065FF0022D0
:105060004FF48051274800F05FFF00224FF4007199
:10507000254800F059FF0122D021224800F054FFBA
:105080004FF400537B610123BB610023FB610023CC
:105090003B6207F114031946194800F0A9FD41F2DB
:1050A000D0037B610123BB610023FB6100233B62D2
:1050B00007F114031946134800F09AFD4FF480736A
:1050C0007B610023BB610123FB6107F114031946D7
:1050D0000D4800F08DFD4FF400737B610123BB612F
:1050E0000023FB6100233B6207F1140319460648C5
:1050F00000F07EFD00BF2837BD4680BD003802406D
:1051000000080240000402400000024090B5F1B0E7
:1051100006AF00F017F900F0C3FB00F0ABF8FFF7A3
:1051200055FF00F0C9F906F0C3FE00F0FBF900F0EE
:105130007FF900F01BF94FF4FA6000F023FCFFF751
:10514000DDFD0020FFF766FE444800F06CFBFFF732
:105150002DFB434800F067FB424800F064FB07F179
:1051600094034FF481720021184607F0E7FB0023F7
:10517000C7F8A43100F0FAFBC7F89C01002387F8B8
:10518000A33115E097F8A331374A12F8333097F876
:10519000A3411846FFF7B2FC024607F5D473A3F506
:1051A000927343F8242097F8A331013387F8A33191
:1051B00097F8A331032BE5D907F5D473A3F59273C0
:1051C0001B6807F5D472A2F59272526807F5D47184
:1051D000A1F59271896807F5D470A0F59270C06846
:1051E0003C1D0490039102920193D7F89C310093E7
:1051F000D7F8A4311D4A8021204607F069FBC7F883
:105200009801D7F89831002B0FDDD7F898317F2B14
:105210000BDCD7F89831A7F89631B7F89621391DED
:1052200007F19403184600F0B1F8D7F8A431013320
:10523000C7F8A43107F5D473A3F58A73B3F8003126
:10524000002B97D007F19403184600F0D7F84FF4DD
:105250000051074800F081FE8CE700BF30D4000801
:105260004CD4000870D4000800D5000898D4000879
:105270000008024080B594B000AF07F1200330224F
:105280000021184607F05AFB07F10C0300221A60B0
:105290005A609A60DA601A610023BB60274B1B6C6E
:1052A000264A43F080531364244B1B6C03F0805355
:1052B000BB60BB6800237B60214B1B68204A43F422
:1052C000404313601E4B1B6803F440437B607B68C4
:1052D00001233B624FF480337B620223BB634FF4B4
:1052E0008003FB6319233B64C0237B640223BB64FC
:1052F0000423FB6407F12003184602F09BF80346E1
:10530000002B01D0FFF72CFC0F23FB6002233B6135
:1053100000237B614FF48053BB610023FB6107F1E5
:105320000C030321184602F0FDFA0346002B01D0BE
:10533000FFF716FC00BF5037BD4680BD0038024065
:105340000070004080B400AF064B074A9A60BFF37C
:105350004F8F00BFBFF36F8F00BF00BFBD465DF82A
:10536000047B704700ED00E00040000880B500AF0E
:10537000FFF724F9FFF7FCFB00224FF4005102482D
:1053800000F0D2FD00BF80BD0008024080B586B0AD
:1053900000AFF860B9601346FB80FB88FF2B08D98B
:1053A000F86800F02BF8FB881946B86800F016FA88
:1053B00021E0FB68B3F80031C3F58073FB82FA8803
:1053C000FB8A9A4202D9F86800F018F8FB68FA687C
:1053D000B2F8002113443B61FB881A46B96838696A
:1053E00007F0E0FAFB68B3F80021FB8813449AB297
:1053F000FB68A3F800211837BD4680BD80B582B098
:1054000000AF78607B68B3F80031002B0CD07A686D
:105410007B68B3F800311946104600F0DFF97B686D
:105420000022A3F8002100E000BF0837BD4680BD80
:1054300080B400AF094BDB68084A43F08073D36047
:10544000074B00225A60064B1B68054A43F00103D4
:10545000136000BFBD465DF8047B7047F0ED00E0CF
:10546000001000E080B487B000AF78600F4B5B683D
:105470007B610F4B1B680F4AA2FB03239B0C3B6114
:105480007B683A6902FB03F3FB6000E000BF074B57
:105490005A687B69D31AFA689A42F7D800BF00BFEE
:1054A0001C37BD465DF8047B704700BF001000E06C
:1054B0000000002083DE1B4380B500AF174B184A65
:1054C0001A60164B4FF482725A60144B00229A6095
:1054D000124B0022DA60114B00221A610F4B01229D
:1054E0005A610E4B4FF400729A610C4B2022DA6124
:1054F0000A4B00221A62094B00225A62074B002213
:105500009A62064B0A22DA62044802F0C1FB0346A3
:10551000002B01D0FFF724FB00BF80BD68010020F5
:105520000038004080B500AF174B184A1A60164B80
:105530004FF482725A60144B00229A60124B002280
:10554000DA60114B00221A610F4B00225A610E4B98
:105550004FF400729A610C4B0022DA610A4B002270
:105560001A62094B00225A62074B00229A62064BCC
:105570000A22DA62044802F08BFB0346002B01D0BA
:10558000FFF7EEFA00BF80BDC0010020003C0040E4
:1055900080B58CB000AF786007F11C0300221A6060
:1055A0005A609A60DA601A617B681B68324A9342DB
:1055B0002DD10023BB61314B1B6C304A43F4804337
:1055C00013642E4B1B6C03F48043BB61BB69002347
:1055D0007B612A4B1B6B294A43F002031363274B61
:1055E0001B6B03F002037B617B694FF46043FB613B
:1055F00002233B6200237B620323BB620523FB6221
:1056000007F11C0319461E4800F0F2FA30E07B68EF
:105610001B681C4A93422BD100233B61174B1B6C28
:10562000164A43F400431364144B1B6C03F4004309
:105630003B613B690023FB60104B1B6B0F4A43F03F
:10564000020313630D4B1B6B03F00203FB60FB684B
:105650002823FB6102233B6200237B620323BB629E
:105660000623FB6207F11C031946054800F0C0FA47
:1056700000BF3037BD4680BD0038004000380240D2
:1056800000040240003C004080B483B000AF00231F
:105690007B60104B5B6C0F4A43F4804353640D4BAB
:1056A0005B6C03F480437B607B6800233B60094BA9
:1056B0001B6C084A43F080531364064B1B6C03F0C9
:1056C00080533B603B6800BF0C37BD465DF8047BF0
:1056D000704700BF0038024080B400AF00BFFDE754
:1056E00080B400AF00BFFDE780B400AF00BFFDE7AE
:1056F00080B400AF00BFFDE780B400AF00BFFDE79E
:1057000080B400AF00BFBD465DF8047B704780B435
:1057100000AF00BFBD465DF8047B704780B400AFAA
:1057200000BFBD465DF8047B704780B500AF00F058
:1057300009F900BF80BD000080B500AF024800F04D
:105740006AFD00BF80BD00BF0017002080B586B095
:1057500000AF7860144A154BD31A7B617B693B61BB
:10576000134B1B68002B02D1114B124A1A60104BCD
:105770001A687B6813443A699A4207D207F0E6F840
:1057800003460C221A604FF0FF3309E0084B1B68F8
:10579000FB60074B1A687B681344054A1360FB687B
:1057A00018461837BD4680BD0000022000040000E6
:1057B00018020020501F002080B400AF064BD3F821
:1057C0008830054A43F47003C2F8883000BFBD46F4
:1057D0005DF8047B704700BF00ED00E080B586B047
:1057E00000AF78600B467B8000F0C0F838617B68C2
:1057F000FB600123FB750EE07B881946F86806F014
:1058000015FC0346FB7500F0B1F802463B69D31A5C
:10581000B3F57A7F03D8FB7D012BEDD000E000BF0C
:105820001837BD4680BD80B584B000AF7860786819
:10583000FEF7D6FC0346FB81FB8919467868FFF723
:10584000CDFF00BF1037BD4680BD0000DFF834D06B
:10585000FFF7B2FF0C480D490D4A002302E0D4586F
:10586000C4500433C4188C42F9D30A4A0A4C0023AA
:1058700001E013600432A242FBD307F06DF8FFF79A
:1058800045FC704700000220000000204C01002071
:1058900050D700084C0100204C1F0020FEE70000FC
:1058A00080B500AF0E4B1B680D4A43F400731360C4
:1058B0000B4B1B680A4A43F480631360084B1B6858
:1058C000074A43F480731360032000F04FF90F2060
:1058D00000F008F8FFF7D8FE0023184680BD00BF8F
:1058E000003C024080B582B000AF7860124B1A686D
:1058F000124B1B7819464FF47A73B3FBF1F3B2FBEA
:10590000F3F3184600F067F90346002B01D001239A
:105910000EE07B680F2B0AD8002279684FF0FF3029
:1059200000F02FF9064A7B681360002300E0012392
:1059300018460837BD4680BD000000200800002042
:105940000400002080B400AF064B1B781A46064BBB
:105950001B681344044A136000BFBD465DF8047B16
:10596000704700BF080000201C02002080B400AF78
:10597000034B1B681846BD465DF8047B704700BFAB
:105980001C02002080B584B000AF7860FFF7EEFF06
:10599000B8607B68FB60FB68B3F1FF3F05D00A4B42
:1059A0001B781A46FB681344FB6000BFFFF7DEFF5D
:1059B0000246BB68D31AFA689A42F7D800BF00BF04
:1059C0001037BD4680BD00BF0800002080B485B000
:1059D00000AF78607B6803F00703FB600C4BDB686B
:1059E000BB60BA684FF6FF031340BB60FB681A0246
:1059F000BB68134343F0BF6343F40033BB60044A06
:105A0000BB68D36000BF1437BD465DF8047B7047A8
:105A100000ED00E080B400AF044BDB681B0A03F02C
:105A200007031846BD465DF8047B704700ED00E0B3
:105A300080B483B000AF0346FB7197F90730002BA9
:105A40000BDBFB7903F01F02074997F907305B096D
:105A5000012000FA02F241F8232000BF0C37BD46B6
:105A60005DF8047B704700BF00E100E080B483B0C4
:105A700000AF03463960FB7197F90730002B0ADB52
:105A80003B68DAB20C4997F907301201D2B20B44E5
:105A900083F800230AE03B68DAB20849FB7903F097
:105AA0000F03043B1201D2B20B441A7600BF0C372D
:105AB000BD465DF8047B704700E100E000ED00E0CA
:105AC00080B489B000AFF860B9607A60FB6803F019
:105AD0000703FB61FB69C3F10703042B28BF042301
:105AE000BB61FB690433062B02D9FB69033B00E071
:105AF00000237B614FF0FF32BB6902FA03F3DA4304
:105B0000BB681A407B699A404FF0FF317B6901FA0C
:105B100003F3D9437B680B40134318462437BD4633
:105B20005DF8047B7047000080B582B000AF7860FC
:105B30007B68013BB3F1807F01D301230FE00A4A68
:105B40007B68013B53600F214FF0FF30FFF78EFF62
:105B5000054B00229A60044B07221A600023184666
:105B60000837BD4680BD00BF10E000E080B582B0C0
:105B700000AF78607868FFF729FF00BF0837BD469F
:105B800080BD80B586B000AF0346B9607A60FB7314
:105B900000237B61FFF73EFF78617A68B968786916
:105BA000FFF78EFF024697F90F3011461846FFF7B0
:105BB0005DFF00BF1837BD4680BD80B582B000AF25
:105BC0000346FB7197F907301846FFF731FF00BF16
:105BD0000837BD4680BD80B582B000AF7860786878
:105BE000FFF7A2FF034618460837BD4680BD0000F8
:105BF00080B489B000AF7860396000237B610023F6
:105C00003B610023BB610023FB6159E10122FB6979
:105C100002FA03F37B613B681B687A6913403B61BE
:105C20003A697B699A4240F048813B685B6803F0BF
:105C30000303012B05D03B685B6803F00303022BD1
:105C400030D17B689B68BB61FB695B00032202FA71
:105C500003F3DB43BA691340BB613B68DA68FB6955
:105C60005B0002FA03F3BA691343BB617B68BA694C
:105C70009A607B685B68BB610122FB6902FA03F3EF
:105C8000DB43BA691340BB613B685B681B0903F0E7
:105C90000102FB6902FA03F3BA691343BB617B6833
:105CA000BA695A603B685B6803F00303032B17D0A3
:105CB0007B68DB68BB61FB695B00032202FA03F3CC
:105CC000DB43BA691340BB613B689A68FB695B00C0
:105CD00002FA03F3BA691343BB617B68BA69DA60FD
:105CE0003B685B6803F00303022B23D1FB69DA08EE
:105CF0007B68083253F82230BB61FB6903F007036D
:105D00009B000F2202FA03F3DB43BA691340BB6125
:105D10003B681A69FB6903F007039B0002FA03F36F
:105D2000BA691343BB61FB69DA087B680832B96959
:105D300043F822107B681B68BB61FB695B00032290
:105D400002FA03F3DB43BA691340BB613B685B684B
:105D500003F00302FB695B0002FA03F3BA69134321
:105D6000BB617B68BA691A603B685B6803F44033C7
:105D7000002B00F0A2800023FB60574B5B6C564A5F
:105D800043F480435364544B5B6C03F48043FB60E7
:105D9000FB68524AFB699B08023352F82330BB610F
:105DA000FB6903F003039B000F2202FA03F3DB43BA
:105DB000BA691340BB617B68494A934219D07B683A
:105DC000484A934213D07B68474A93420DD07B6880
:105DD000464A934207D07B68454A934201D1042347
:105DE00008E0072306E0032304E0022302E0012386
:105DF00000E00023FA6902F0030292009340BA69BE
:105E00001343BB613549FB699B080233BA6941F80A
:105E10002320384B9B68BB613B69DB43BA69134065
:105E2000BB613B685B6803F48013002B03D0BA6945
:105E30003B691343BB612F4ABB6993602D4BDB6801
:105E4000BB613B69DB43BA691340BB613B685B687C
:105E500003F40013002B03D0BA693B691343BB6101
:105E6000244ABB69D360234B5B68BB613B69DB435E
:105E7000BA691340BB613B685B6803F40033002BD5
:105E800003D0BA693B691343BB611A4ABB695360CB
:105E9000184B1B68BB613B69DB43BA691340BB61AC
:105EA0003B685B6803F48033002B03D0BA693B691D
:105EB0001343BB610F4ABB691360FB690133FB618C
:105EC000FB690F2B7FF6A2AE00BF00BF2437BD4693
:105ED0005DF8047B704700BF003802400038014085
:105EE000000002400004024000080240000C024092
:105EF00000100240003C014080B485B000AF7860E3
:105F00000B467B807B681A697B881340002B02D08C
:105F10000123FB7301E00023FB73FB7B184614375E
:105F2000BD465DF8047B704780B483B000AF7860F5
:105F30000B467B8013467B707B78002B03D07A88DE
:105F40007B689A6103E07B881A047B689A6100BFD2
:105F50000C37BD465DF8047B704780B485B000AF58
:105F600078600B467B807B685B69FB607A88FB68A6
:105F700013401A04FB68D9437B880B401A437B68A3
:105F80009A6100BF1437BD465DF8047B704780B549
:105F900086B002AF78607B68002B01D1012301E15C
:105FA0007B681B68BB607B6893F89534DBB2002B81
:105FB00006D17B68002283F89424786806F07EF985
:105FC0007B68032283F89524BB68B3F1A04F02D10C
:105FD0007B6800229A717B681B68184602F041FDBD
:105FE0007B6818687B681A7C8DF8002004330ECB20
:105FF00002F020FC0346002B05D07B68022283F8C8
:1060000095240123CEE07B681B680021184602F02E
:1060100039FD0346002B05D07B68022283F89524C6
:106020000123BFE00023FB734AE0FA7B7968134643
:10603000DB0013449B000B44153301221A70FA7BDA
:1060400079681346DB0013449B000B441433FA7B3E
:106050001A70FA7BFB7B98B279681346DB00134415
:106060009B000B442E3302461A80FA7B7968134654
:10607000DB0013449B000B44183300221A70FA7B98
:1060800079681346DB0013449B000B441C33002249
:106090001A60FA7B79681346DB0013449B000B44BB
:1060A000203300221A60FA7B79681346DB00134420
:1060B0009B000B44243300221A60FB7B0133FB73EB
:1060C0007B681B79FA7B9A42AFD30023FB7344E0D1
:1060D000FA7B79681346DB0013449B000B4403F200
:1060E000552300221A70FA7B79681346DB001344AB
:1060F0009B000B4403F51573FA7B1A70FA7B7968E1
:106100001346DB0013449B000B4403F51673002277
:106110001A70FA7B79681346DB0013449B000B442A
:1061200003F5177300221A60FA7B79681346DB00C7
:1061300013449B000B4403F5187300221A60FA7B8A
:1061400079681346DB0013449B000B4403F5197375
:1061500000221A60FB7B0133FB737B681B79FA7B9F
:106160009A42B5D37B6818687B681A7C8DF800204A
:1061700004330ECB02F0D2FC0346002B05D07B6823
:10618000022283F8952401230CE07B6800225A74D4
:106190007B68012283F895247B681B68184603F00E
:1061A0001CFD002318461037BD4680BD80B584B065
:1061B00000AF78607B681B68FB607B6893F8943461
:1061C000012B01D1022322E07B68012283F8942471
:1061D000FB68DB6803F04003002B09D07B685B7B26
:1061E000012B05D1FB689B6B43F48032FB689A63FB
:1061F0007B681B68184602F023FC7B681B68184606
:1062000003F0CAFC7B68002283F89424002318461C
:106210001037BD4680BD90B58DB000AF78607B680B
:106220001B683B623B6AFB617B681B68184603F096
:1062300088FD0346002B40F08C847B681B68184661
:1062400003F0ECFC0346002B00F08284FB6903F5AD
:1062500000639B681B0AC3F30D027B68C3F8D42458
:106260007B681B68184603F0D9FC034603F0020361
:10627000022B07D17B681B685A697B681B6802F098
:1062800002025A617B681B68184603F0C7FC03468C
:1062900003F01003102B61D17B681B689A697B683F
:1062A0001B6822F010029A613B6A1B6ABB61BB69E2
:1062B00003F00F021346DB0013449B0003F5147335
:1062C0007A68134404337B61BB6903F4F013B3F5BC
:1062D000802F24D1BA6947F6F0731340002B35D0D4
:1062E0007B69D968BB691B099BB2C3F30A039BB2E4
:1062F0001A46386A03F0FEFA7B69DA68BB691B0943
:10630000C3F30A031A447B69DA607B695A69BB6983
:106310001B09C3F30A031A447B695A6116E0BB697F
:1063200003F4F013B3F5402F10D17B6803F29C43C4
:1063300008221946386A03F0DDFA7B695A69BB699D
:106340001B09C3F30A031A447B695A617B681B6803
:106350009A697B681B6842F010029A617B681B682F
:10636000184603F05BFC034603F40023B3F5002F4B
:1063700040F0A78000237B627B681B68184603F00F
:1063800060FCB86299E0BB6A03F00103002B00F0E7
:106390008E807B681B687A6AD2B21146184603F079
:1063A00084FC38613B6903F00103002B0CD07B6A4D
:1063B0005A01FB69134403F530631A4601239360C5
:1063C000796A786800F0A4FE3B6903F00803002BAB
:1063D0000CD07B6A5A01FB69134403F530631A46FB
:1063E00008239360796A786800F07AFF3B6903F0CC
:1063F0001003002B08D07B6A5A01FB69134403F594
:1064000030631A46102393603B6903F00203002BAC
:1064100030D03B6A5B6903F08003802B09D1FB69B4
:1064200003F500635B68FA6902F5006243F4806378
:1064300053607A6A1346DB0013449B0003F5147320
:106440007A68134404337B617B69DB78012B08D1C4
:106450007B690022DA707B6ADBB21946786806F045
:1064600029F87B6A5A01FB69134403F530631A4625
:10647000022393603B6903F02003002B08D07B6A62
:106480005A01FB69134403F530631A4620239360D5
:106490003B6903F40053002B09D07B6A5A01FB6966
:1064A000134403F530631A464FF4005393607B6A3C
:1064B00001337B62BB6A5B08BB62BB6A002B7FF463
:1064C00062AF7B681B68184603F0A8FB034603F421
:1064D0008023B3F5802F40F0DB807B681B68184673
:1064E00003F0C9FBB86200237B62CDE0BB6A03F016
:1064F0000103002B00F0C2807B681B687A6AD2B26D
:106500001146184603F0EFFB38613B6903F00103C5
:10651000002B57D07B6A03F00F03012202FA03F32A
:10652000FB60FB6903F500635A6BFB68DB43F969A9
:1065300001F5006113404B637B6A5A01FB69134408
:1065400003F510631A46012393607B689B79012B46
:1065500032D179687A6A1346DB0013449B000B44FE
:106560002033196878687A6A1346DB0013449B006D
:1065700003441C331B68194478687A6A1346DB00AD
:1065800013449B000344203319607B6A002B13D112
:1065900079687A6A1346DB0013449B000B4424336A
:1065A0001B68002B08D17B6818687B6803F29C434A
:1065B0001A46012103F0F6FB7B6ADBB219467868C4
:1065C00005F0FDFE3B6903F00803002B08D07B6A51
:1065D0005A01FB69134403F510631A4608239360BC
:1065E0003B6903F01003002B08D07B6A5A01FB695A
:1065F000134403F510631A46102393603B6903F0BC
:106600004003002B08D07B6A5A01FB69134403F551
:1066100010631A46402393603B6903F00203002B8A
:1066200023D0796A386A02F0DDFB7A6A1346DB0010
:1066300013449B0010337A68134404337B617B69F5
:10664000DB78012B08D17B690022DA707B6ADBB230
:106650001946786805F040FF7B6A5A01FB691344CC
:1066600003F510631A46022393603B6903F080032D
:10667000002B03D0796A786800F0BDFC7B6A013397
:106680007B62BB6A5B08BB62BB6A002B7FF42EAFE8
:106690007B681B68184603F0C1FA034603F0004309
:1066A000B3F1004F22D1FB6903F500635B68FA691F
:1066B00002F5006223F0010353607B6893F8CC3449
:1066C000012B08D17B68002283F8CC240021786854
:1066D00000F0A4FE02E0786805F0DEFE7B681B682F
:1066E0005A697B681B6802F000425A617B681B682C
:1066F000184603F093FA034603F40063B3F5006F02
:1067000012D1FB6903F500639B6803F00103012BC1
:1067100002D1786805F09AFE7B681B685A697B682D
:106720001B6802F400625A617B681B68184603F01C
:1067300075FA034603F48053B3F5805F40F0B780E9
:10674000FB6903F500635B68FA6902F5006223F0F8
:10675000010353607B681B681021184602F042FB5E
:106760000023FB6246E0FB6A5A01FB69134403F510
:1067700010631A464FF67F339360FB6A5A01FB6938
:10678000134403F510631B68FA6A5101FA690A445D
:1067900002F5106223F400131360FB6A5A01FB69CF
:1067A000134403F530631A464FF67F339360FB6A58
:1067B0005A01FB69134403F530631B68FA6A5101FF
:1067C000FA690A4402F5306223F400131360FB6A8D
:1067D0005A01FB69134403F530631B68FA6A5101DF
:1067E000FA690A4402F5306243F000631360FB6A01
:1067F0000133FB627B681B791A46FB6A9342B2D372
:10680000FB6903F50063DB69FA6902F5006243F096
:106810000113D3617B68DB7B002B16D0FB6903F58A
:106820000063D3F88430FA6902F5006243F00B0389
:10683000C2F88430FB6903F500635B6CFA6902F50A
:10684000006243F00B03536415E0FB6903F500633A
:106850005B69FA6902F5006243F4005343F02B03CD
:106860005361FB6903F500631B69FA6902F5006275
:1068700043F00B031361FB6903F500631B68FA69BE
:1068800002F5006223F4FE6313607B6818687B687E
:1068900099797B6803F29C431A4603F083FA7B687C
:1068A0001B685A697B681B6802F480525A617B68D6
:1068B0001B68184603F0B2F9034603F40053B3F51E
:1068C000005F23D17B681B68184603F048FA7B6899
:1068D0001B68184602F0FFFA03461A467B68DA7115
:1068E0007B681C6801F0C8F901467B68DB791A46B1
:1068F000204602F003F8786805F089FD7B681B6884
:106900005A697B681B6802F400525A617B681B68F5
:10691000184603F083F9034603F00803082B0AD155
:10692000786805F066FD7B681B685A697B681B68A0
:1069300002F008025A617B681B68184603F06EF982
:10694000034603F08003802B23D13B6A9B6923F02D
:1069500080023B6A9A6101237B6214E079687A6A5B
:106960001346DB0013449B000B4403F257231B78B0
:10697000012B05D17B6ADBB21946786800F00AFB6F
:106980007B6A01337B627B681B791A467B6A934280
:10699000E4D37B681B68184603F040F9034603F410
:1069A0008013B3F5801F3CD101237B622BE07B6A0F
:1069B0005A01FB69134403F510631B68BB617968D6
:1069C0007A6A1346DB0013449B000B4418331B7890
:1069D000012B15D1BB69002B12DA79687A6A13464C
:1069E000DB0013449B000B44173301221A707B6AAF
:1069F000DBB263F07F03DBB21946786800F0CAFAB5
:106A00007B6A01337B627B681B791A467B6A9342FF
:106A1000CDD37B681B685A697B681B6802F48012BF
:106A20005A617B681B68184603F0F8F8034603F4C4
:106A30000013B3F5001F56D101237B6245E07B6A4A
:106A40005A01FB69134403F530631B68BB61796825
:106A50007A6A1346DB0013449B000B4403F516735C
:106A60001B78012B2ED1BB69002B2BDABB691A0CCA
:106A70007B68D3F8D434534003F00103002B21D1B9
:106A800079687A6A1346DB0013449B000B4403F2D7
:106A9000572301221A703B6A9B6943F080023B6ACC
:106AA0009A613B6A5B6903F08003002B0AD1FB69A2
:106AB00003F500635B68FA6902F5006243F4007352
:106AC000536008E07B6A01337B627B681B791A465E
:106AD0007B6A9342B3D37B681B685A697B681B68E7
:106AE00002F400125A617B681B68184603F096F89E
:106AF000034603F08043B3F1804F0AD1786805F074
:106B0000FDFC7B681B685A697B681B6802F0804249
:106B10005A617B681B68184603F080F8034603F04F
:106B20000403042B15D17B681B685B68BB61BB69E0
:106B300003F00403002B02D0786805F0EDFC7B68BD
:106B40001B6859687B681B68BA690A435A6000E091
:106B500000BF3437BD4690BD80B582B000AF7860CD
:106B60000B46FB707B6893F89434012B01D1022310
:106B700012E07B68012283F894247B68FA785A74C7
:106B80007B681B68FA781146184602F0DFFF7B68C5
:106B9000002283F89424002318460837BD4680BDA0
:106BA00080B584B000AF7860084611461A460346A7
:106BB000FB700B463B801346BB700023FB7297F9BA
:106BC0000330002B0FDAFB7803F00F021346DB00D3
:106BD00013449B0010337A6813440433FB60FB6852
:106BE00001225A700FE0FB7803F00F021346DB001E
:106BF00013449B0003F514737A6813440433FB6059
:106C0000FB6800225A70FB7803F00F03DAB2FB68CE
:106C10001A703B88C3F30A02FB689A60FB68BA7873
:106C20001A71FB685B78002B04D0FB681B781A464E
:106C3000FB685A83BB78022B02D1FB6800225A7191
:106C40007B6893F89434012B01D102230EE07B681A
:106C5000012283F894247B681B68F968184602F0C7
:106C60005FF97B68002283F89424FB7A184610377A
:106C7000BD4680BD80B584B000AF78600B46FB7028
:106C800097F90330002B0FDAFB7803F00F0213465D
:106C9000DB0013449B0010337A6813440433FB6019
:106CA000FB6801225A700FE0FB7803F00F021346D5
:106CB000DB0013449B0003F514737A681344043318
:106CC000FB60FB6800225A70FB7803F00F03DAB216
:106CD000FB681A707B6893F89434012B01D102236E
:106CE0000EE07B68012283F894247B681B68F968B6
:106CF000184602F09DF97B68002283F89424002353
:106D000018461037BD4680BD80B586B000AFF8602C
:106D10007A603B600B46FB72FB7A03F00F0213466E
:106D2000DB0013449B0003F51473FA681344043327
:106D30007B617B697A68DA607B693A681A617B6992
:106D400000225A617B6900225A70FB7A03F00F031C
:106D5000DAB27B691A70FB689B79012B02D17A68E1
:106D60007B69DA61FB681868FB689B791A46796968
:106D700002F03AFA002318461837BD4680BD80B4A9
:106D800083B000AF78600B46FB70FB7803F00F0216
:106D900079681346DB0013449B000B4403F51A7318
:106DA0001B6818460C37BD465DF8047B704780B5FC
:106DB00086B000AFF8607A603B600B46FB72FB7AEE
:106DC00003F00F021346DB0013449B001033FA68F4
:106DD000134404337B617B697A68DA607B693A68C3
:106DE0001A617B6900225A617B6901225A70FB7A21
:106DF00003F00F03DAB27B691A70FB689B79012BF1
:106E000002D17A687B69DA61FB681868FB689B7954
:106E10001A46796902F0E8F9002318461837BD468A
:106E200080BD80B584B000AF78600B46FB70FB7806
:106E300003F00F037A681279934201D901234FE0DE
:106E400097F90330002B0FDAFB7803F00F0213469B
:106E5000DB0013449B0010337A6813440433FB6057
:106E6000FB6801225A700DE0FA781346DB001344E8
:106E70009B0003F514737A6813440433FB60FB68CA
:106E800000225A70FB6801229A70FB7803F00F030E
:106E9000DAB2FB681A707B6893F89434012B01D145
:106EA00002231DE07B68012283F894247B681B6821
:106EB000F968184602F076FDFB7803F00F03002B0B
:106EC00009D17B6818687B6899797B6803F29C43D9
:106ED0001A4602F067FF7B68002283F8942400239F
:106EE00018461037BD4680BD80B584B000AF7860CD
:106EF0000B46FB70FB7803F00F037A68127993421C
:106F000001D9012342E097F90330002B0FDAFB7817
:106F100003F00F021346DB0013449B0010337A6822
:106F200013440433FB60FB6801225A700FE0FB78C6
:106F300003F00F021346DB0013449B0003F51473A8
:106F40007A6813440433FB60FB6800225A70FB68C4
:106F500000229A70FB7803F00F03DAB2FB681A7014
:106F60007B6893F89434012B01D102230EE07B68F7
:106F7000012283F894247B681B68F968184602F0A4
:106F80007FFD7B68002283F8942400231846103785
:106F9000BD4680BD80B584B000AF78600B46FB7005
:106FA00097F90330002B0CDAFB7803F00F0213463D
:106FB000DB0013449B0010337A6813440433FB60F6
:106FC0000CE0FB7803F00F021346DB0013449B0038
:106FD00003F514737A6813440433FB607B681B6801
:106FE000F968184602F09EFB0346FB72FB7A1846CE
:106FF0001037BD4680BD80B58AB002AF7860396079
:107000007B681B687B617B693B613A681346DB00E8
:1070100013449B0010337A6813440433FB60FB680D
:107020005A69FB681B699A4201D901236BE0FB682E
:107030001A69FB685B69D31AFB61FB689B68FA6994
:107040009A4202D9FB689B68FB61FB6903339B088A
:10705000BB612AE0FB681A69FB685B69D31AFB61B4
:10706000FB689B68FA699A4202D9FB689B68FB61DE
:10707000FB6903339B08BB61FB68D9683B68DAB2E4
:10708000FB6998B27B689B7900930346786902F0AC
:10709000F3FBFB68DA68FB691A44FB68DA60FB689B
:1070A0005A69FB691A44FB685A613B685A013B699B
:1070B000134403F510639B699BB2BA699A4209D8DD
:1070C000FB685A69FB681B699A4203D2FB681B691B
:1070D000002BBFD1FB681A69FB685B699A4211D823
:1070E0003B6803F00F03012202FA03F3BB603B6924
:1070F00003F500635A6BBB68DB43396901F5006136
:1071000013404B63002318462037BD4680BD000066
:1071100080B588B000AF786039607B681B68FB6120
:10712000FB69BB61FB693C3304331B687B613B68D3
:107130005A01BB69134403F530639B683B617B686C
:107140009B79012B7BD13B6903F00803002B15D001
:107150007B69614A934240F2B9803B6903F4004382
:10716000002B00F0B3803B685A01BB69134403F560
:1071700030631A464FF400439360A7E03B6903F085
:107180002003002B09D03B685A01BB69134403F567
:1071900030631A462023936098E03B6903F028038C
:1071A000002B40F093807B694B4A93420FD93B6997
:1071B00003F40043002B0AD03B685A01BB69134417
:1071C00003F530631A464FF4004393607EE03A685B
:1071D0001346DB0013449B0003F514737A681344D1
:1071E0000433FB60FB681A6A3B685901BB690B44B6
:1071F00003F530631B69C3F31203D21AFB685A61AB
:107200003B68002B14D1FB681B69002B09D17B68FC
:1072100018687B6803F29C431A46012102F0C2FD04
:1072200006E0FB68DA68FB685B691A44FB68DA60B1
:107230003B68DBB21946786805F0A6F846E07B6942
:10724000264A934224D13B6903F40043002B0AD021
:107250003B685A01BB69134403F530631A464FF487
:107260000043936032E03B6903F02003002B08D019
:107270003B685A01BB69134403F530631A46202367
:1072800093603B68DBB21946786805F07DF81DE035
:107290003B68002B14D179683A681346DB0013442D
:1072A0009B000B4403F519731B68002B08D17B6806
:1072B00018687B6803F29C431A46002102F072FDB5
:1072C0003B68DBB21946786805F05EF80023184683
:1072D0002037BD4680BD00BF0A30544F0A31544F9D
:1072E00080B586B000AF786039607B681B687B61D1
:1072F0007B693B617B693C3304331B68FB603B6803
:107300005A013B69134403F530639B68BB60FB681B
:10731000154A93420ED9BB6803F40043002B09D0F1
:107320003B685A013B69134403F530631A464FF436
:1073300000439360786805F015F8FB680A4A9342A9
:107340000CD97B689B79012B08D17B6818687B6816
:1073500003F29C431A46012102F024FD0023184643
:107360001837BD4680BD00BF0A30544F80B485B089
:1073700000AF78600B46FB7013463B807B681B6850
:107380005B6ABB60FB78002B07D13B8819047B68E4
:107390001B68BA680A439A6228E07B681B689B6A8C
:1073A0001B0CBA681344BB600023FB730DE07B68C1
:1073B0001A68FB7B40339B0013445B681B0CBA6864
:1073C0001344BB60FB7B0133FB73FA7BFB78013B0F
:1073D0009A42ECD33B8818047B681968FB78013B20
:1073E000BA68024340339B000B445A60002318469E
:1073F0001437BD465DF8047B704780B483B000AF9E
:1074000078600B467B807B681B687A885A62002311
:1074100018460C37BD465DF8047B704780B483B0D6
:1074200000AF78600B46FB7000BF0C37BD465DF8BF
:10743000047B704780B586B000AF78607B68002B16
:1074400001D1012367E27B681B6803F00103002B75
:1074500075D0884B9B6803F00C03042B0CD0854B34
:107460009B6803F00C03082B12D1824B5B6803F47A
:107470008003B3F5800F0BD17E4B1B6803F4003300
:10748000002B5BD07B685B68002B57D1012342E265
:107490007B685B68B3F5803F06D1764B1B68754A05
:1074A00043F4803313601DE07B685B68B3F5A02F65
:1074B0000CD1704B1B686F4A43F4802313606D4BF3
:1074C0001B686C4A43F4803313600BE0694B1B6804
:1074D000684A23F480331360664B1B68654A23F4C3
:1074E000802313607B685B68002B13D0FEF73EFAA5
:1074F000386108E0FEF73AFA02463B69D31A642B7A
:1075000001D9032307E25B4B1B6803F40033002B14
:10751000F0D014E0FEF72AFA386108E0FEF726FA08
:1075200002463B69D31A642B01D90323F3E1514B83
:107530001B6803F40033002BF0D100E000BF7B6830
:107540001B6803F00203002B63D04A4B9B6803F0D7
:107550000C03002B0BD0474B9B6803F00C03082B4C
:107560001CD1444B5B6803F48003002B16D1414BC4
:107570001B6803F00203002B05D07B68DB68012B3E
:1075800001D00123C7E13B4B1B6823F0F8027B6865
:107590001B69DB00374913430B603AE07B68DB680B
:1075A000002B20D0344B01221A60FEF7DFF938613E
:1075B00008E0FEF7DBF902463B69D31A022B01D93A
:1075C0000323A8E12B4B1B6803F00203002BF0D030
:1075D000284B1B6823F0F8027B681B69DB002549F8
:1075E00013430B6015E0244B00221A60FEF7BEF92E
:1075F000386108E0FEF7BAF902463B69D31A022B5C
:1076000001D9032387E11B4B1B6803F00203002B06
:10761000F0D17B681B6803F00803002B36D07B6831
:107620005B69002B16D0154B01221A60FEF79EF9FC
:10763000386108E0FEF79AF902463B69D31A022B3B
:1076400001D9032367E10B4B5B6F03F00203002BAF
:10765000F0D01BE0094B00221A60FEF787F9386171
:107660000EE0FEF783F902463B69D31A022B07D9D5
:10767000032350E10038024000004742800E474299
:10768000884B5B6F03F00203002BEAD17B681B6819
:1076900003F00403002B00F097800023FB75814B5F
:1076A0001B6C03F08053002B0FD10023BB607D4B7C
:1076B0001B6C7C4A43F0805313647A4B1B6C03F0C1
:1076C0008053BB60BB680123FB75774B1B6803F4D9
:1076D0008073002B18D1744B1B68734A43F480737A
:1076E0001360FEF743F9386108E0FEF73FF9024600
:1076F0003B69D31A022B01D903230CE16A4B1B68A7
:1077000003F48073002BF0D07B689B68012B06D1BB
:10771000644B1B6F634A43F0010313671CE07B68F3
:107720009B68052B0CD15F4B1B6F5E4A43F0040333
:1077300013675C4B1B6F5B4A43F0010313670BE05D
:10774000584B1B6F574A23F001031367554B1B6FB0
:10775000544A23F0040313677B689B68002B15D001
:10776000FEF704F938610AE0FEF700F902463B69CA
:10777000D31A41F28832934201D90323CBE0494B1B
:107780001B6F03F00203002BEED014E0FEF7EEF8BF
:1077900038610AE0FEF7EAF802463B69D31A41F283
:1077A0008832934201D90323B5E03E4B1B6F03F0AF
:1077B0000203002BEED1FB7D012B05D1394B1B6C55
:1077C000384A23F0805313647B689B69002B00F0D8
:1077D000A180344B9B6803F00C03082B5CD07B68C2
:1077E0009B69022B41D1314B00221A60FEF7BEF893
:1077F000386108E0FEF7BAF802463B69D31A022B5B
:1078000001D9032387E0274B1B6803F00073002B8B
:10781000F0D17B68DA697B681B6A1A437B685B6A14
:107820009B011A437B689B6A5B08013B1B041A435C
:107830007B68DB6A1B061B4913434B601B4B012211
:107840001A60FEF793F8386108E0FEF78FF80246F9
:107850003B69D31A022B01D903235CE0114B1B684F
:1078600003F00073002BF0D054E0104B00221A609C
:10787000FEF77CF8386108E0FEF778F802463B69CD
:10788000D31A022B01D9032345E0064B1B6803F0F2
:107890000073002BF0D13DE07B689B69012B07D181
:1078A000012338E000380240007000406000474289
:1078B0001B4B5B68FB607B689B69012B28D0FB68D6
:1078C00003F480027B68DB699A4221D1FB6803F0F4
:1078D0003F027B681B6A9A421AD1FA6847F6C07366
:1078E00013407A68526A9201934211D1FB6803F403
:1078F00040327B689B6A5B08013B1B049A4207D1BC
:10790000FB6803F070627B68DB6A1B069A4201D059
:10791000012300E0002318461837BD4680BD00BF94
:107920000038024080B584B000AF786039607B6871
:10793000002B01D10123CCE0684B1B6803F0070347
:107940003A689A420CD9654B3A68D2B21A70634BC6
:107950001B6803F007033A689A4201D00123B8E09C
:107960007B681B6803F00203002B20D07B681B6838
:1079700003F00403002B05D0594B9B68584A43F48D
:10798000E05393607B681B6803F00803002B05D06D
:10799000534B9B68524A43F460439360504B9B683F
:1079A00023F0F0027B689B684D4913438B607B6832
:1079B0001B6803F00103002B44D07B685B68012B3C
:1079C00007D1474B1B6803F40033002B19D1012367
:1079D0007FE07B685B68022B03D07B685B68032BCE
:1079E00007D13F4B1B6803F00073002B09D1012323
:1079F0006FE03B4B1B6803F00203002B01D1012316
:107A000067E0374B9B6823F003027B685B6834496F
:107A100013438B60FDF7AAFFF8600AE0FDF7A6FFAD
:107A20000246FB68D31A41F28832934201D90323FC
:107A30004FE02B4B9B6803F00C027B685B689B005C
:107A40009A42EBD1254B1B6803F007033A689A4230
:107A50000CD2224B3A68D2B21A70204B1B6803F04A
:107A600007033A689A4201D0012332E07B681B6821
:107A700003F00403002B08D0194B9B6823F4E05259
:107A80007B68DB68164913438B607B681B6803F0D7
:107A90000803002B09D0124B9B6823F460427B68DB
:107AA0001B69DB000E4913438B6000F021F802468E
:107AB0000B4B9B681B0903F00F030A49CB5C22FAAE
:107AC00003F3094A1360094B1B681846FDF70AFFC8
:107AD000002318461037BD4680BD00BF003C024061
:107AE00000380240FCD600080000002004000020FE
:107AF0002DE9B04F90B000AF00237B630023FB6300
:107B000000233B630023BB63584B9B6803F00C03CB
:107B1000082B0DD0082B00F2A080002B02D0042BE4
:107B200003D09AE0524BBB639AE0524BBB6397E0A1
:107B30004E4B5B6803F03F037B634C4B5B6803F485
:107B40008003002B27D0494B5B689B0900223B62D6
:107B50007A623B6AC3F308000021464B03FB01F243
:107B6000002300FB03F31344424AA0FB0221F96205
:107B7000BA62FA6A1344FB627B6B0022BB61FA6152
:107B8000D7E90623D7E90A01FCF782FB02460B4638
:107B90001346FB6353E0354B5B689B0900223B6156
:107BA0007A613B69C3F3080A4FF0000B52465B460B
:107BB0004FF000004FF00001590141EAD26150013D
:107BC00002460B46B2EB0A0863EB0B094FF00002CA
:107BD0004FF000034FEA891343EA98634FEA881293
:107BE000B2EB080463EB09054FF000024FF000030D
:107BF000EB0043EA5473E20014461D4614EB0A03FB
:107C00003B6045EB0B037B604FF000024FF000033D
:107C1000D7E9004529468B02214643EA9153214684
:107C20008A02104619467B6B0022BB60FA60D7E9D6
:107C30000223FCF72DFB02460B461346FB630B4B5E
:107C40005B681B0C03F0030301335B003B63FA6BBF
:107C50003B6BB2FBF3F3BB6302E0054BBB6300BFBE
:107C6000BB6B18464037BD46BDE8B08F00380240B8
:107C70000024F40040787D0180B400AF034B1B6802
:107C80001846BD465DF8047B704700BF0000002029
:107C900080B582B000AF78607B68002B01D10123F2
:107CA0007BE07B685B6A002B08D17B685B68B3F57F
:107CB000827F09D07B680022DA6105E07B680022C0
:107CC0001A617B6800225A617B6800229A627B6895
:107CD00093F85130DBB2002B06D17B68002283F889
:107CE00050207868FDF754FC7B68022283F851200D
:107CF0007B681B681A687B681B6822F040021A6068
:107D00007B685B6803F482727B689B6803F40443BE
:107D10001A437B68DB6803F400631A437B681B69C2
:107D200003F002031A437B685B6903F001031A4303
:107D30007B689B6903F400731A437B68DB6903F07B
:107D400038031A437B681B6A03F0800342EA03018D
:107D50007B689B6A03F400527B681B680A431A60C5
:107D60007B689B691B0C03F004017B685B6A03F072
:107D700010027B681B680A435A607B681B68DA69DB
:107D80007B681B6822F40062DA617B6800225A6516
:107D90007B68012283F85120002318460837BD462E
:107DA00080BD80B588B000AFF860B9603B60134615
:107DB000FB80FDF7DBFDF861FB887B83FB6893F8B4
:107DC0005130DBB2012B01D002232AE1BB68002B2A
:107DD00002D0FB88002B01D1012322E1FB6893F83C
:107DE0005030012B01D102231BE1FB68012283F8F3
:107DF0005020FB68032283F85120FB6800225A655B
:107E0000FB68BA681A63FB68FA889A86FB68FA8886
:107E1000DA86FB6800229A63FB6800229A87FB6877
:107E20000022DA87FB6800225A64FB6800221A6489
:107E3000FB689B68B3F5004F0FD1FB681B681A689D
:107E4000FB681B6822F040021A60FB681B681A6816
:107E5000FB681B6842F480421A60FB681B681B6861
:107E600003F04003402B07D0FB681B681A68FB68CF
:107E70001B6842F040021A60FB68DB68B3F5006FD4
:107E800052D1FB685B68002B02D07B8B012B45D164
:107E9000FB681B6B1A88FB681B68DA60FB681B6B4E
:107EA0009A1CFB681A63FB68DB8E9BB2013B9AB29B
:107EB000FB68DA8632E0FB681B689B6803F002030C
:107EC000022B12D1FB681B6B1A88FB681B68DA60F7
:107ED000FB681B6B9A1CFB681A63FB68DB8E9BB20A
:107EE000013B9AB2FB68DA8618E0FDF73FFD0246D7
:107EF000FB69D31A3A689A4203D83B68B3F1FF3F53
:107F000002D13B68002B09D1FB68012283F8512084
:107F1000FB68002283F85020032382E0FB68DB8E9D
:107F20009BB2002BC7D153E0FB685B68002B02D0EB
:107F30007B8B012B47D1FB681A6BFB681B680C33EA
:107F400012781A70FB681B6B5A1CFB681A63FB687B
:107F5000DB8E9BB2013B9AB2FB68DA8633E0FB68AA
:107F60001B689B6803F00203022B13D1FB681A6B9A
:107F7000FB681B680C3312781A70FB681B6B5A1C69
:107F8000FB681A63FB68DB8E9BB2013B9AB2FB680D
:107F9000DA8618E0FDF7EAFC0246FB69D31A3A6874
:107FA0009A4203D83B68B3F1FF3F02D13B68002BF4
:107FB00009D1FB68012283F85120FB68002283F875
:107FC000502003232DE0FB68DB8E9BB2002BC6D133
:107FD000FA693968F86800F0D9FB0346002B02D033
:107FE000FB6820225A65FB689B68002B0AD100239E
:107FF0007B61FB681B68DB687B61FB681B689B68B7
:108000007B617B69FB68012283F85120FB680022B9
:1080100083F85020FB685B6D002B01D0012300E04A
:10802000002318462037BD4680BD80B588B002AF1A
:10803000F860B9603B601346FB80FB6893F85130F1
:10804000DBB2012B01D0022304E1BB68002B02D07C
:10805000FB88002B01D10123FCE0FB685B68B3F5D2
:10806000827F12D1FB689B68002B0ED1FB68042233
:1080700083F85120FA883B6800931346BA68B968C0
:10808000F86800F0EBF80346E4E0FDF76FFC786178
:10809000FB6893F85030012B01D10223DAE0FB6832
:1080A000012283F85020FB68042283F85120FB68EA
:1080B00000225A65FB68BA689A63FB68FA889A8757
:1080C000FB68FA88DA87FB6800221A63FB680022E3
:1080D0009A86FB680022DA86FB6800221A64FB6835
:1080E00000225A64FB689B68B3F5004F0FD1FB6810
:1080F0001B681A68FB681B6822F040021A60FB6864
:108100001B681A68FB681B6822F480421A60FB68CF
:108110001B681B6803F04003402B07D0FB681B68FB
:108120001A68FB681B6842F040021A60FB68DB6853
:10813000002B70D135E0FB681B689B6803F00103DE
:10814000012B15D1FB681B6803F10C02FB689B6BCC
:108150001278D2B21A70FB689B6B5A1CFB689A6348
:10816000FB68DB8F9BB2013B9AB2FB68DA8718E0B1
:10817000FDF7FCFB02467B69D31A3A689A4203D8A2
:108180003B68B3F1FF3F02D13B68002B09D1FB688C
:10819000012283F85120FB68002283F8502003233A
:1081A00058E0FB68DB8F9BB2002BC4D138E0FB6842
:1081B0001B689B6803F00103012B13D1FB681B684C
:1081C000DA68FB689B6B92B21A80FB689B6B9A1C07
:1081D000FB689A63FB68DB8F9BB2013B9AB2FB683A
:1081E000DA8718E0FDF7C2FB02467B69D31A3A68CA
:1081F0009A4203D83B68B3F1FF3F02D13B68002BA2
:1082000009D1FB68012283F85120FB68002283F822
:10821000502003231EE0FB68DB8F9BB2002BC6D1EE
:108220007A693968F86800F04BFA0346002B02D0EF
:10823000FB6820225A65FB68012283F85120FB6805
:10824000002283F85020FB685B6D002B01D00123D6
:1082500000E0002318461837BD4680BD80B58AB0BF
:1082600000AFF860B9607A607B8001237B62FDF724
:108270007DFB3862FB6893F85130FB77FB685B68E5
:10828000BB617B88FB82FB7F012B0CD0BB69B3F504
:10829000827F06D1FB689B68002B02D1FB7F042BF9
:1082A00001D002237FE1BB68002B05D07B68002B47
:1082B00002D07B88002B01D1012374E1FB6893F885
:1082C0005030012B01D102236DE1FB68012283F8BC
:1082D0005020FB6893F85130DBB2042B03D0FB68CD
:1082E000052283F85120FB6800225A65FB687A68F2
:1082F0009A63FB687A88DA87FB687A889A87FB68D2
:10830000BA681A63FB687A88DA86FB687A889A8684
:10831000FB6800221A64FB6800225A64FB681B6831
:108320001B6803F04003402B07D0FB681B681A68EA
:10833000FB681B6842F040021A60FB68DB68B3F51B
:10834000006F7ED1FB685B68002B02D0FB8A012B9B
:108350006CD1FB681B6B1A88FB681B68DA60FB68D2
:108360001B6B9A1CFB681A63FB68DB8E9BB2013B9C
:108370009AB2FB68DA8659E0FB681B689B6803F0D9
:108380000203022B1BD1FB68DB8E9BB2002B16D0A5
:108390007B6A012B13D1FB681B6B1A88FB681B6877
:1083A000DA60FB681B6B9A1CFB681A63FB68DB8E48
:1083B0009BB2013B9AB2FB68DA8600237B62FB68C2
:1083C0001B689B6803F00103012B19D1FB68DB8F4D
:1083D0009BB2002B14D0FB681B68DA68FB689B6BB0
:1083E00092B21A80FB689B6B9A1CFB689A63FB68CD
:1083F000DB8F9BB2013B9AB2FB68DA8701237B6279
:10840000FDF7B4FA02463B6AD31A3A6B9A420DD88A
:108410003B6BB3F1FF3F09D0FB68012283F8512089
:10842000FB68002283F850200323BCE0FB68DB8E4E
:108430009BB2002BA0D1FB68DB8F9BB2002B9BD1A2
:1084400082E0FB685B68002B02D0FB8A012B71D1B4
:10845000FB681A6BFB681B680C3312781A70FB6898
:108460001B6B5A1CFB681A63FB68DB8E9BB2013BDB
:108470009AB2FB68DA865DE0FB681B689B6803F0D4
:108480000203022B1CD1FB68DB8E9BB2002B17D0A2
:108490007B6A012B14D1FB681A6BFB681B680C33D9
:1084A00012781A70FB681B6B5A1CFB681A63FB6816
:1084B000DB8E9BB2013B9AB2FB68DA8600237B62BB
:1084C000FB681B689B6803F00103012B19D1FB6853
:1084D000DB8F9BB2002B14D0FB681B68DA68FB684B
:1084E0009B6BD2B21A70FB689B6B5A1CFB689A6339
:1084F000FB68DB8F9BB2013B9AB2FB68DA870123F2
:108500007B62FDF733FA02463B6AD31A3A6B9A4212
:1085100003D83B6BB3F1FF3F02D13B6B002B09D17A
:10852000FB68012283F85120FB68002283F8502069
:10853000032338E0FB68DB8E9BB2002B9CD1FB68E9
:10854000DB8F9BB2002B97D13A6A396BF86800F049
:108550001DF90346002B08D0FB6820225A65FB68F2
:10856000002283F8502001231DE0FB689B68002B4C
:108570000AD100233B61FB681B68DB683B61FB6839
:108580001B689B683B613B69FB68012283F85120B3
:10859000FB68002283F85020FB685B6D002B01D044
:1085A000012300E0002318462837BD4680BD0000A7
:1085B00080B588B000AFF860B9603B601346FB71CE
:1085C000FDF7D4F90246BB6A9B1A3A681344FB6173
:1085D000FDF7CCF9B861394B1B685B011B0DFA69DB
:1085E00002FB03F37B6155E03B68B3F1FF3F51D0E1
:1085F000FDF7BCF90246BB69D31AFA699A4202D95F
:10860000FB69002B3DD1FB681B685A68FB681B683F
:1086100022F0E0025A60FB685B68B3F5827F11D1FB
:10862000FB689B68B3F5004F04D0FB689B68B3F50B
:10863000806F07D1FB681B681A68FB681B6822F013
:1086400040021A60FB689B6AB3F5005F0FD1FB68BC
:108650001B681A68FB681B6822F400521A60FB68EA
:108660001B681A68FB681B6842F400521A60FB68BA
:10867000012283F85120FB68002283F85020032355
:1086800018E07B69002B02D10023FB6102E07B69CB
:10869000013B7B61FB681B689A68BB681340BA6842
:1086A0009A420CBF01230023DBB21A46FB799A429F
:1086B0009AD1002318462037BD4680BD0000002017
:1086C00080B586B002AFF860B9607A60FB685B681D
:1086D000B3F5827F11D1FB689B68B3F5004F04D0DE
:1086E000FB689B68B3F5806F07D1FB681B681A684D
:1086F000FB681B6822F040021A60FB685B68B3F5F8
:10870000827F2AD1FB689B68B3F5806F12D07B68AB
:108710000093BB6800228021F868FFF749FF0346F9
:10872000002B2DD0FB685B6D43F02002FB685A657F
:10873000032326E07B680093BB6800220121F868D0
:10874000FFF736FF0346002B1AD0FB685B6D43F042
:108750002002FB685A65032313E07B680093BB6823
:1087600000220121F868FFF723FF0346002B07D002
:10877000FB685B6D43F02002FB685A65032300E051
:10878000002318461037BD4680BD000080B588B074
:1087900002AFF860B9607A607B680093BB68012221
:1087A0000221F868FFF704FF0346002B07D0FB689F
:1087B0005B6D43F02002FB685A65032332E01B4BDC
:1087C0001B681B4AA2FB03235B0D4FF47A7202FB6A
:1087D00003F37B61FB685B68B3F5827F12D17B6832
:1087E0000093BB6800228021F868FFF7E1FE034692
:1087F000002B16D0FB685B6D43F02002FB685A65C6
:1088000003230FE07B69002B0AD07B69013B7B616E
:10881000FB681B689B6803F08003802BF2D000E0AC
:1088200000BF002318461837BD4680BD0000002059
:10883000819F5E1684B080B584B000AF786007F188
:108840001C0080E80E0097F82130012B23D17B68B3
:108850009B6B23F480327B689A637B68DB6823F42C
:10886000840323F040037A68D3607B68DB6823F4D9
:1088700040127B68DA6097F82830012B05D17B68BD
:10888000DB6843F480127B68DA60786801F0E8FA0C
:108890000346FB731BE07B68DB6843F040027B68A8
:1088A000DA60786801F0DCFA0346FB7397F825304C
:1088B000002B06D17B689B6B43F480327B689A6304
:1088C00005E07B689B6B23F480327B689A63BB7FF7
:1088D000012B0BD17B689B6843F006027B689A6092
:1088E0007B689B6843F020027B689A60FB7B18469C
:1088F0001037BD46BDE8804004B0704780B487B0F3
:1089000000AFF860B9601346FB71FB79022B65D1AB
:10891000BB68414A934206D9BB68404A934202D29F
:108920000F237B6162E0BB683C4A934206D3BB687D
:108930003B4A934202D20E237B6157E0BB68384A20
:10894000934206D3BB68374A934202D20D237B6120
:108950004CE0BB68334A934206D3BB68324A934229
:1089600002D80C237B6141E0BB682F4A934206D9B1
:10897000BB682E4A934202D80B237B6136E0BB686A
:108980002A4A934206D9BB68294A934202D80A234D
:108990007B612BE0BB68264A934206D9BB68254A17
:1089A000934202D209237B6120E0BB68214A9342B3
:1089B00006D3BB68204A934202D808237B6115E0A6
:1089C000BB681D4A934206D9BB681C4A934202D237
:1089D00007237B610AE006237B6107E0FB79002B1C
:1089E00002D109237B6101E009237B61FB68DB681D
:1089F00023F47052FB68DA60FB68DA687B699B02DB
:108A000003F470531A43FB68DA60002318461C37DE
:108A1000BD465DF8047B7047BFACD800C0E1E40000
:108A20000024F400807306019F491A01FF2C3101D4
:108A30003FA44C0100366E011FABA6010048E801BF
:108A400080B483B000AF78607B689B6843F001021C
:108A50007B689A60002318460C37BD465DF8047B9E
:108A6000704780B483B000AF78607B689B6823F068
:108A700001027B689A60002318460C37BD465DF8FA
:108A8000047B704780B584B000AF78600B46FB7004
:108A90000023FB607B68DB6823F0C0427B68DA6000
:108AA000FB78012B15D17B68DB6843F000527B68B3
:108AB000DA600A20FCF766FFFB680A33FB6078681F
:108AC00001F03FF90346012B1ED0FB68C72BF0D9FC
:108AD0001AE0FB78002B15D17B68DB6843F08042FD
:108AE0007B68DA600A20FCF74DFFFB680A33FB6005
:108AF000786801F026F90346002B05D0FB68C72BE8
:108B0000F0D901E0012305E0FB68C82B01D1012366
:108B100000E0002318461037BD4680BD84B080B504
:108B200086B000AF786007F1240080E80E000023D3
:108B3000FB757B68FB6000233B6109E07A683B6959
:108B400040339B00134400225A603B6901333B6170
:108B50003B690E2BF2D997F82E30002B1CD1FB6805
:108B600003F500635B68FA6802F5006243F00203F4
:108B700053607B689B6B43F400127B689A637B684D
:108B80009B6B23F400227B689A637B689B6B23F4C6
:108B900080227B689A630BE07B689B6B23F4001256
:108BA0007B689A637B689B6B43F400227B689A63C3
:108BB000FB6803F560631A460023136097F82930B9
:108BC000012B0DD197F82730002B04D100217868B4
:108BD00000F068F908E00121786800F063F903E02B
:108BE0000321786800F05EF91021786800F0FAF847
:108BF0000346002B01D00123FB75786800F024F9AF
:108C00000346002B01D00123FB75FB6803F50063CD
:108C10001A4600231361FB6803F500631A4600231C
:108C20005361FB6803F500631A460023D3610023F8
:108C30003B6143E03B695A01FB68134403F5106351
:108C40001B6803F00043B3F1004F18D13B69002BC0
:108C50000AD13B695A01FB68134403F510631A46B5
:108C60004FF00063136013E03B695A01FB68134443
:108C700003F510631A464FF09043136008E03B6918
:108C80005A01FB68134403F510631A46002313606E
:108C90003B695A01FB68134403F510631A4600232D
:108CA00013613B695A01FB68134403F510631A46CC
:108CB0004FF67F3393603B6901333B6197F8243073
:108CC0001A463B699342B5D300233B6143E03B69BD
:108CD0005A01FB68134403F530631B6803F000433B
:108CE000B3F1004F18D13B69002B0AD13B695A01FF
:108CF000FB68134403F530631A464FF000631360BA
:108D000013E03B695A01FB68134403F530631A46CC
:108D10004FF09043136008E03B695A01FB6813442D
:108D200003F530631A46002313603B695A01FB6860
:108D3000134403F530631A46002313613B695A015B
:108D4000FB68134403F530631A464FF67F33936094
:108D50003B6901333B6197F824301A463B699342E3
:108D6000B5D3FB6803F500631B69FA6802F500627E
:108D700023F4807313617B6800229A617B686FF033
:108D800080425A6197F82630002B05D17B689B6999
:108D900043F010027B689A617B689A69104B134319
:108DA0007A68936197F82A30002B05D07B689B691D
:108DB00043F008027B689A6197F82E30012B07D1A7
:108DC0007B689B6943F0804343F004037A689361B6
:108DD000FB7D18461837BD46BDE8804004B070479B
:108DE00000383C8080B485B000AF786039600023E3
:108DF000FB60FB680133FB60FB68B3F1706F01D966
:108E000003231BE07B681B69002BF2DA0023FB6065
:108E10003B689B0143F020027B681A61FB680133C9
:108E2000FB60FB68B3F1706F01D9032306E07B6838
:108E30001B6903F02003202BF0D0002318461437C1
:108E4000BD465DF8047B704780B485B000AF7860A4
:108E50000023FB60FB680133FB60FB68B3F1706FBC
:108E600001D9032318E07B681B69002BF2DA002389
:108E7000FB607B6810221A61FB680133FB60FB68B2
:108E8000B3F1706F01D9032306E07B681B6903F01F
:108E90001003102BF0D0002318461437BD465DF8A0
:108EA000047B704780B485B000AF78600B46FB70E0
:108EB0007B68FB60FB6803F500631A68FB78F96860
:108EC00001F5006113430B60002318461437BD46BB
:108ED0005DF8047B704780B487B000AF78607B6832
:108EE0003B613B6903F500639B6803F00603FB608D
:108EF000FB68002B02D10023FB750AE0FB68022B04
:108F000002D0FB68062B02D10223FB7501E00F2380
:108F1000FB75FB7D18461C37BD465DF8047B70472A
:108F200080B485B000AF786039607B68FB603B68D7
:108F30001B78BB603B685B78012B3AD1FB6803F57B
:108F40000063DA693B681B7803F00F03012101FA23
:108F500003F39BB2F96801F500611343CB61BB6871
:108F60005A01FB68134403F510631B6803F40043C4
:108F7000002B55D1BB685A01FB68134403F51063FD
:108F80001A683B689B68C3F30A013B681B799B0422
:108F90001943BB689B050B431343BA685101FA6838
:108FA0000A4402F5106243F0805343F40043136017
:108FB00036E0FB6803F50063DA693B681B7803F071
:108FC0000F03012101FA03F31B04F96801F50061A5
:108FD0001343CB61BB685A01FB68134403F530634C
:108FE0001B6803F40043002B1AD1BB685A01FB68CD
:108FF000134403F530631A683B689B68C3F30A01A6
:109000003B681B799B040B431343BA685101FA6810
:109010000A4402F5306243F0805343F40043136086
:10902000002318461437BD465DF8047B70470000E6
:1090300080B485B000AF786039607B68FB603B68C6
:109040001B78BB603B685B78012B61D1BB685A0120
:10905000FB68134403F510631B6803F00043B3F18E
:10906000004F1FD1BB685A01FB68134403F510631E
:109070001B68BA685101FA680A4402F5106243F0AD
:1090800000631360BB685A01FB68134403F5106367
:109090001B68BA685101FA680A4402F5106243F08D
:1090A00080431360FB6803F50063DA6B3B681B7851
:1090B00003F00F03012101FA03F39BB2DB43F968CC
:1090C00001F500611340CB63FB6803F50063DA69C7
:1090D0003B681B7803F00F03012101FA03F39BB2F5
:1090E000DB43F96801F500611340CB61BB685A01AD
:1090F000FB68134403F510631A68BB685901FB68E9
:109100000B4403F510631946354B13400B6060E0C8
:10911000BB685A01FB68134403F530631B6803F016
:109120000043B3F1004F1FD1BB685A01FB681344E1
:1091300003F530631B68BA685101FA680A4402F506
:10914000306243F000631360BB685A01FB6813444C
:1091500003F530631B68BA685101FA680A4402F5E6
:10916000306243F080431360FB6803F50063DA6B01
:109170003B681B7803F00F03012101FA03F31B0482
:10918000DB43F96801F500611340CB63FB6803F52D
:109190000063DA693B681B7803F00F03012101FAD1
:1091A00003F31B04DB43F96801F500611340CB6155
:1091B000BB685A01FB68134403F530631A68BB6847
:1091C0005901FB680B4403F530631946054B134006
:1091D0000B60002318461437BD465DF8047B7047CA
:1091E000007833EC0078F3EF80B58AB002AFF86016
:1091F000B9601346FB71FB68FB61BB681B78BB6100
:10920000BB685B78012B40F07F81BB681B69002B3A
:1092100032D1BB695A01FB69134403F510631B6922
:10922000BA695101FA690A4402F5106223F0FF534A
:1092300023F4C0131361BB695A01FB69134403F59E
:1092400010631B69BA695101FA690A4402F5106298
:1092500043F400231361BB695A01FB69134403F50E
:1092600010631B69BA695101FA690A4402F5106278
:10927000DB0CDB04136197E0BB695A01FB69134403
:1092800003F510631B69BA695101FA690A4402F5D2
:109290001062DB0CDB041361BB695A01FB691344E8
:1092A00003F510631B69BA695101FA690A4402F5B2
:1092B000106223F0FF5323F4C0131361BB69002B2A
:1092C0001AD1BB681A69BB689B689A4203D9BB680C
:1092D0009A68BB681A61BB695A01FB69134403F5BC
:1092E00010631B69BA695101FA690A4402F51062F8
:1092F00043F40023136144E0BB681A69BB689B68B0
:1093000013445A1EBB689B68B2FBF3F3FB82BB6934
:109310005A01FB69134403F510631A69FB8AD904E7
:10932000A44B0B40B9694801F969014401F510618A
:1093300013430B61BB681B79012B22D1BB695A0116
:10934000FB69134403F510631B69BA695101FA699B
:109350000A4402F5106223F0C0431361BB695A014D
:10936000FB69134403F510631A69FB8A5B0703F07A
:10937000C043B9694801F969014401F5106113431B
:109380000B61BB695A01FB69134403F510631A6949
:10939000BB681B69C3F31203B9694801F969014449
:1093A00001F5106113430B61FB79012B4BD1BB68B5
:1093B000DB69002B09D0BB695A01FB69134403F533
:1093C00010631A46BB68DB695361BB681B79012BCC
:1093D00028D1FB6903F500639B6803F48073002BBD
:1093E00010D1BB695A01FB69134403F510631B6874
:1093F000BA695101FA690A4402F5106243F0005358
:1094000013600FE0BB695A01FB69134403F5106355
:109410001B68BA695101FA690A4402F5106243F007
:1094200080531360BB695A01FB69134403F5106351
:109430001B68BA695101FA690A4402F5106243F0E7
:109440000443136066E1BB695A01FB69134403F5E9
:1094500010631B68BA695101FA690A4402F5106287
:1094600043F004431360BB681B79012B15D0BB6824
:109470001B69002B00F04E81FB6903F500635A6BFA
:10948000BB681B7803F00F03012101FA03F3F969AC
:1094900001F5006113434B633CE1FB6903F5006395
:1094A0009B6803F48073002B10D1BB695A01FB69E0
:1094B000134403F510631B68BA695101FA690A4441
:1094C00002F5106243F0005313600FE0BB695A01CC
:1094D000FB69134403F510631B68BA695101FA690B
:1094E0000A4402F5106243F080531360BB68D968E8
:1094F000BB681A78BB681B6998B2FB790093034676
:10950000F86800F0B9F905E1BB695A01FB69134439
:1095100003F530631B69BA695101FA690A4402F51F
:109520003062DB0CDB041361BB695A01FB69134435
:1095300003F530631B69BA695101FA690A4402F5FF
:10954000306223F0FF5323F4C0131361BB69002B77
:1095500032D1BB681B69002B03D0BB689A68BB681B
:109560001A61BB689A68BB681A62BB695A01FB69D9
:10957000134403F530631A69BB681B6AC3F3120313
:10958000B9694801F969014401F5306113430B6180
:10959000BB695A01FB69134403F530631B69BA695F
:1095A0005101FA690A4402F5306243F40023136161
:1095B00062E000BF0000F81FBB681B69002B23D1CD
:1095C000BB695A01FB69134403F530631A69BB6830
:1095D0009B68C3F31203B9694801F969014401F5B5
:1095E000306113430B61BB695A01FB69134403F5F6
:1095F00030631B69BA695101FA690A4402F53062A5
:1096000043F40023136137E0BB681A69BB689B68A9
:1096100013445A1EBB689B68B2FBF3F3FB82BB6822
:109620009B68FA8A03FB02F2BB681A62BB695A01A3
:10963000FB69134403F530631A69FB8AD904384B7C
:109640000B40B9694801F969014401F530611343E0
:109650000B61BB695A01FB69134403F530631A6956
:10966000BB681B6AC3F31203B9694801F969014475
:1096700001F5306113430B61FB79012B0DD1BB6800
:10968000DB68002B09D0BB68D968BB695A01FB694C
:10969000134403F530630A465A61BB681B79012BFA
:1096A00028D1FB6903F500639B6803F48073002BEA
:1096B00010D1BB695A01FB69134403F530631B6881
:1096C000BA695101FA690A4402F5306243F0005365
:1096D00013600FE0BB695A01FB69134403F5306363
:1096E0001B68BA695101FA690A4402F5306243F015
:1096F00080531360BB695A01FB69134403F530635F
:109700001B68BA695101FA690A4402F5306243F0F4
:1097100004431360002318462037BD4680BD00BFB8
:109720000000F81F80B487B000AF78603960002374
:10973000FB600023FB757B683B613B685B78012B1A
:109740004AD13B681B785A013B69134403F5106307
:109750001B6803F00043B3F1004F40F086803B6884
:109760001B785A013B69134403F510631B683A6880
:10977000127851013A690A4402F5106243F000631D
:1097800013603B681B785A013B69134403F510636F
:109790001B683A68127851013A690A4402F510626E
:1097A00043F080431360FB680133FB60FB6842F2C7
:1097B0001072934202D90123FB7556E03B681B7877
:1097C0005A013B69134403F510631B6803F000431F
:1097D000B3F1004FE7D048E03B681B785A013B6982
:1097E000134403F530631B6803F00043B3F1004FEB
:1097F0003BD13B681B785A013B69134403F5306346
:109800001B683A68127851013A690A4402F53062DD
:1098100043F0006313603B681B785A013B691344B3
:1098200003F530631B683A68127851013A690A44BB
:1098300002F5306243F080431360FB680133FB6044
:10984000FB6842F21072934202D90123FB750CE0CF
:109850003B681B785A013B69134403F530631B686E
:1098600003F00043B3F1004FE7D0FB7D18461C37EF
:10987000BD465DF8047B704780B489B000AFF860E6
:10988000B96011461A460B46FB711346BB80FB6854
:109890007B61BB68FB6197F82830002B23D1BB8824
:1098A00003339B083B610023BB6118E0FB791A037B
:1098B0007B69134403F580531A46FB691B681360E8
:1098C000FB690133FB61FB690133FB61FB69013318
:1098D000FB61FB690133FB61BB690133BB61BA69A1
:1098E0003B699A42E2D3002318462437BD465DF80F
:1098F000047B704780B48BB000AFF860B96013464A
:10990000FB80FB68BB61BB687B62FB889B089BB2EA
:109910007B61FB8803F00303FB8300233B6214E0BD
:10992000BB6903F580531A687B6A1A607B6A01334E
:109930007B627B6A01337B627B6A01337B627B6A79
:1099400001337B623B6A01333B623A6A7B699A422C
:10995000E6D3FB8B002B1ED000233B62BB6903F5D3
:1099600080531A4607F1100312681A603A693B6A7D
:10997000DBB2DB0022FA03F3DAB27B6A1A703B6ACD
:1099800001333B627B6A01337B62FB8B013BFB83D0
:10999000FB8B002BEAD17B6A18462C37BD465DF85D
:1099A000047B704780B485B000AF786039607B6815
:1099B000FB603B681B78BB603B685B78012B2CD15C
:1099C000BB685A01FB68134403F510631B68002B46
:1099D00012DBBB68002B0FD0BB685A01FB68134435
:1099E00003F510631B68BA685101FA680A4402F56E
:1099F000106223F080431360BB685A01FB68134474
:109A000003F510631B68BA685101FA680A4402F54D
:109A1000106243F4001313602BE0BB685A01FB682B
:109A2000134403F530631B68002B12DBBB68002B6B
:109A30000FD0BB685A01FB68134403F530631B6801
:109A4000BA685101FA680A4402F5306223F0804393
:109A50001360BB685A01FB68134403F530631B684D
:109A6000BA685101FA680A4402F5306243F40013FF
:109A70001360002318461437BD465DF8047B704719
:109A800080B485B000AF786039607B68FB603B686C
:109A90001B78BB603B685B78012B28D1BB685A01FF
:109AA000FB68134403F510631B68BA685101FA6838
:109AB0000A4402F5106223F4001313603B681B791B
:109AC000032B03D03B681B79022B38D1BB685A01AA
:109AD000FB68134403F510631B68BA685101FA6808
:109AE0000A4402F5106243F08053136027E0BB681C
:109AF0005A01FB68134403F530631B68BA685101CF
:109B0000FA680A4402F5306223F4001313603B68DC
:109B10001B79032B03D03B681B79022B0FD1BB6849
:109B20005A01FB68134403F530631B68BA6851019E
:109B3000FA680A4402F5306243F080531360002350
:109B400018461437BD465DF8047B704780B485B075
:109B500000AF78600B46FB707B68FB60FB6803F529
:109B600000631B68FA6802F5006223F4FE63136069
:109B7000FB6803F500631A68FB781B0103F4FE63BE
:109B8000F96801F5006113430B6000231846143790
:109B9000BD465DF8047B704780B485B000AF786047
:109BA0007B68FB60FB6803F560631B68FA6802F57D
:109BB000606223F003031360FB6803F500635B68D6
:109BC000FA6802F5006223F002035360002318468E
:109BD0001437BD465DF8047B704780B485B000AF94
:109BE00078607B68FB60FB6803F560631B68FA685C
:109BF00002F5606223F003031360FB6803F5006362
:109C00005B68FA6802F5006243F0020353600023C8
:109C100018461437BD465DF8047B704780B485B0A4
:109C200000AF78607B685B69FB607B689B69FA6862
:109C30001340FB60FB6818461437BD465DF8047B93
:109C4000704780B485B000AF78607B68FB60FB68CC
:109C500003F500639B69BB60FB6803F50063DB6988
:109C6000BA681340BB60BB681B0C18461437BD466E
:109C70005DF8047B704780B485B000AF78607B6886
:109C8000FB60FB6803F500639B69BB60FB6803F541
:109C90000063DB69BA681340BB60BB689BB21846BF
:109CA0001437BD465DF8047B704780B485B000AFC3
:109CB00078600B46FB707B68FB60FB785A01FB68A1
:109CC000134403F530639B68BB60FB6803F50063D6
:109CD0005B69BA681340BB60BB6818461437BD4661
:109CE0005DF8047B704780B487B000AF78600B46A6
:109CF000FB707B687B617B6903F500631B693B61DB
:109D00007B6903F500635B6BFB60FB7803F00F037B
:109D1000FA6822FA03F3DB01DBB23A6913433B61D1
:109D2000FB785A017B69134403F510639B683A6919
:109D30001340BB60BB6818461C37BD465DF8047B0A
:109D4000704780B483B000AF78607B685B6903F0D4
:109D5000010318460C37BD465DF8047B704780B49C
:109D600085B000AF78607B68FB60FB6803F510632B
:109D70001B68FA6802F5106223F4FF6323F00703FF
:109D80001360FB6803F500635B68FA6802F5006224
:109D900043F480735360002318461437BD465DF8C2
:109DA000047B704780B487B000AFF8600B467A60E0
:109DB000FB72FB687B61FB683C3304331B683B61CF
:109DC0003B69264A93420AD97B6903F530631B68D5
:109DD00003F00043B3F1004F01D1002337E07B696A
:109DE00003F530631A46002313617B6903F5306382
:109DF0001B697A6902F5306243F4002313617B69C1
:109E000003F530631B697A6902F5306243F0180389
:109E100013617B6903F530631B697A6902F530626F
:109E200043F0C0431361FB7A012B0FD17B6903F52B
:109E300030631A467B6853617B6903F530631B68A6
:109E40007A6902F5306243F08023136000231846DC
:109E50001C37BD465DF8047B704700BF0A30544F85
:109E600080B485B000AF78600023FB60FB680133ED
:109E7000FB60FB68B3F1706F01D9032322E07B68BC
:109E80001B69002BF2DA0A23FB6002E0FB68013B4E
:109E9000FB60FB68002BF9D17B681B6943F0010272
:109EA0007B681A61FB680133FB60FB68B3F1706F7C
:109EB00001D9032306E07B681B6903F00103012B32
:109EC000F0D0002318461437BD465DF8047B704778
:109ED00080B584B000AF78600B46FB704FF407701C
:109EE00002F0B2FCF860FB68002B09D17B68D3F864
:109EF000D4227B68B032002143F822100223D4E040
:109F00004FF407720021F86802F018FD7B68D3F85F
:109F1000D4227B68B032F96843F822107B68D3F80A
:109F2000D4227B68B03253F822207B68C3F8BC226D
:109F30007B681B7C002B38D15E4B19784FF4007383
:109F40000222786802F05DFB5A4B1B7803F00F0287
:109F5000796813469B0013449B000B442333012272
:109F60001A70554B19784FF400730222786802F08A
:109F700048FB514B1B7803F00F02796813469B0096
:109F800013449B000B4403F2631301221A704B4BE2
:109F90001B7803F00F02796813469B0013449B0063
:109FA0000B441C3310221A6035E0424B19784023D1
:109FB0000222786802F025FB3E4B1B7803F00F026B
:109FC000796813469B0013449B000B442333012202
:109FD0001A70394B197840230222786802F011FB7D
:109FE000354B1B7803F00F02796813469B0013442E
:109FF0009B000B4403F2631301221A702F4B1B7852
:10A0000003F00F02796813469B0013449B000B4436
:10A010001C3310221A60294B197808230322786810
:10A0200002F0EFFA254B1B7803F00F027968134614
:10A030009B0013449B000B44233301221A70FB68DE
:10A040000022C3F804227B68D3F8D4327A68B03394
:10A050009B0013445B681B689847FB680022C3F8A9
:10A060001422FB680022C3F81822FB68D3F80432DC
:10A07000002B01D1022318E07B681B7C002B0AD146
:10A080000D4B1978FB68D3F804224FF400737868FD
:10A0900002F0A6FB08E0084B1978FB68D3F804220D
:10A0A0004023786802F09CFB002318461037BD4619
:10A0B00080BD00BF93000020940000209500002088
:10A0C00080B582B000AF78600B46FB703A4B1B78CE
:10A0D0001946786802F0BBFA374B1B7803F00F0281
:10A0E000796813469B0013449B000B4423330022E2
:10A0F0001A70324B1B781946786802F0A8FA2F4B79
:10A100001B7803F00F02796813469B0013449B00F1
:10A110000B4403F2631300221A70294B1B78194673
:10A12000786802F094FA264B1B7803F00F027968E6
:10A1300013469B0013449B000B44233300221A70E8
:10A140001F4B1B7803F00F02796813469B001344E2
:10A150009B000B441C3300221A607B68D3F8D42286
:10A160007B68B03253F82230002B1FD07B68D3F8C5
:10A17000D4327A68B0339B0013445B685B689847BD
:10A180007B68D3F8D4227B68B03253F8223018466B
:10A1900002F068FB7B68D3F8D4227B68B0320021E0
:10A1A00043F822107B680022C3F8BC220023184623
:10A1B0000837BD4680BD00BF9300002094000020FA
:10A1C0009500002080B586B000AF786039607B686C
:10A1D000D3F8D4227B68B03253F822303B6100239D
:10A1E0007B7300237B810023FB753B69002B01D12E
:10A1F0000323BFE03B681B7803F06003002B50D0C3
:10A20000202B40F0AF803B68DB88002B3AD03B68C6
:10A210001B785BB2002B1BDA7B68D3F8D4327A68E8
:10A22000B0339B0013445B689B683A685078396987
:10A230003A68D28898473B68DB88072B28BF0723FA
:10A24000FB813B69FA891946786801F0A9FD90E025
:10A250003B685A783B6983F800223B68DB883F2BD8
:10A2600003D83B68DB88DAB200E040223B6983F820
:10A27000012239693B6993F801321A46786801F086
:10A28000BEFD76E07B68D3F8D4327A68B0339B00A9
:10A2900013445B689B683A68507800223968984795
:10A2A00067E03B685B780B2B51D801A252F823F092
:10A2B000E1A200085DA300084FA300084FA3000817
:10A2C0004FA300084FA300084FA300084FA30008A6
:10A2D0004FA300084FA300080BA3000835A30008F4
:10A2E0007B6893F89C32DBB2032B07D107F10A039A
:10A2F00002221946786801F053FD32E03968786827
:10A3000001F0D1FC0323FB752BE07B6893F89C32B2
:10A31000DBB2032B07D107F10D0301221946786840
:10A3200001F03EFD1DE03968786801F0BCFC0323B4
:10A33000FB7516E07B6893F89C32DBB2032B0FD0E1
:10A340003968786801F0AFFC0323FB7508E03968D1
:10A35000786801F0A8FC0323FB7502E000BF08E069
:10A3600000BF06E03968786801F09DFC0323FB75A7
:10A3700000BFFB7D18461837BD4680BD80B584B050
:10A3800000AF78600B46FB707B68D3F8C832FB6087
:10A390007B68D3F8D4227B68B03253F82230002B8C
:10A3A00001D1032365E07B68D3F8D4227B68B03207
:10A3B00053F82230BB60FB7803F00F027968134634
:10A3C0009B0013449B000B4414331B68002B2FD0BD
:10A3D000FB7803F00F02796813469B0013449B003F
:10A3E0000B4414331A68FB7803F00F01F8680B462E
:10A3F000DB000B449B0003441C331B68B2FBF3F1EE
:10A4000001FB03F3D31A002B12D1FB7803F00F02E8
:10A41000796813469B0013449B000B4414330022BD
:10A420001A60F97800230022786802F0B8F91FE07A
:10A43000BB680022C3F814227B68D3F8D4327A6850
:10A44000B0339B0013445B681B69002B10D07B6802
:10A45000D3F8D4327A68B0339B0013445B681B692D
:10A46000BA68D2F80802BA6802F50471FA78984717
:10A47000002318461037BD4680BD80B584B000AFBC
:10A4800078600B46FB707B68D3F8D4227B68B032CF
:10A4900053F82230FB607B68D3F8D4227B68B0325B
:10A4A00053F82230002B01D103231AE0FB78194620
:10A4B000786802F0B6F90246FB68C3F80C227B68A4
:10A4C000D3F8D4327A68B0339B0013445B68DB68FE
:10A4D000FA68D2F80402FA6802F503721146984746
:10A4E000002318461037BD4680BD80B584B000AF4C
:10A4F00078607B68D3F8D4227B68B03253F822307E
:10A50000FB60FB68002B01D1032324E07B68D3F8B8
:10A51000D4327A68B0339B0013445B68002B19D0A7
:10A52000FB6893F80032FF2B14D07B68D3F8D43249
:10A530007A68B0339B0013445B689B68FA6892F8B2
:10A540000002F968FA6892F801229847FB68FF2236
:10A5500083F80022002318461037BD4680BD000056
:10A5600080B586B000AF78608221184800F062FDA7
:10A5700078610121154800F05DFD386181211348A3
:10A5800000F058FDF8607B69002B02D07B69102237
:10A590009A713B69002B06D03B69002242F04002D1
:10A5A0001A7100225A71FB68002B06D0FB6800224A
:10A5B00042F040021A7100225A717B6843221A80CD
:10A5C000024B18461837BD4680BD00BF5000002022
:10A5D00080B586B000AF78608221184800F02AFD6F
:10A5E00078610121154800F025FD3861812113486B
:10A5F00000F020FDF8607B69002B02D07B691022FF
:10A600009A713B69002B06D03B6900221A71002227
:10A6100042F002025A71FB68002B06D0FB68002250
:10A620001A71002242F002025A717B6843221A809A
:10A63000024B18461837BD4680BD00BF50000020B1
:10A6400080B586B000AF78608221184800F0F2FC37
:10A6500078610121154800F0EDFC38618121134833
:10A6600000F0E8FCF8607B69002B02D07B691022C7
:10A670009A713B69002B06D03B69002242F04002F0
:10A680001A7100225A71FB68002B06D0FB68002269
:10A6900042F040021A7100225A717B6843221A80EC
:10A6A000024B18461837BD4680BD00BF5000002041
:10A6B00080B483B000AF78607B680A221A80034BB5
:10A6C00018460C37BD465DF8047B70470C0000202F
:10A6D00080B483B000AF786039603B68002B01D153
:10A6E000032309E07B68D3F8D4327A68B0339B0047
:10A6F00013443A685A60002318460C37BD465DF88B
:10A70000047B704780B487B000AFF860B9607A60AE
:10A71000FB68D3F8D422FB68B03253F822307B6157
:10A720007B69002B01D1032308E07B69BA68C3F879
:10A7300008227B697A68C3F81022002318461C3768
:10A74000BD465DF8047B704780B485B000AF78608B
:10A7500039607B68D3F8D4227B68B03253F822305A
:10A76000FB60FB68002B01D1032304E0FB683A681F
:10A77000C3F80422002318461437BD465DF8047B55
:10A780007047000080B584B000AF78607B68D3F874
:10A79000D4227B68B03253F82230BB600123FB73B4
:10A7A000BB68002B01D1032325E0BB68D3F814322A
:10A7B000002B1FD1BB680122C3F81422104B1B7859
:10A7C00003F00F02BB68D3F81012786813469B00A1
:10A7D00013449B00034414331960094B1978BB6878
:10A7E000D3F80822BB68D3F81032786801F0D7FF9D
:10A7F0000023FB73FB7B18461037BD4680BD00BFAE
:10A800009300002080B584B000AF78607B68D3F8F7
:10A81000D4227B68B03253F82230FB607B68D3F8D7
:10A82000D4227B68B03253F82230002B01D10323AD
:10A8300018E07B681B7C002B0AD10C4B1978FB6855
:10A84000D3F804224FF40073786801F0C9FF08E0E0
:10A85000064B1978FB68D3F804224023786801F08E
:10A86000BFFF002318461037BD4680BD940000206E
:10A8700080B586B000AFF860B9601346FB71FB6825
:10A88000002B01D103231FE0FB680022C3F8B8228C
:10A89000FB680022C3F8C422FB680022C3F8D02260
:10A8A000BB68002B03D0FB68BA68C3F8B422FB680E
:10A8B000012283F89C22FB68FA791A70F86801F08B
:10A8C00039FE0346FB75FB7D18461837BD4680BD33
:10A8D00080B584B000AF786039600023FB813B68AD
:10A8E000002B01D1032325E07B683A68C3F8B82226
:10A8F0007B68D3F8D4227B68AE3253F82230DB6A0F
:10A90000002B0FD07B68D3F8D4227B68AE3253F88B
:10A910002230DB6A07F10E021046984702467B6838
:10A92000C3F8D0227B68D3F8D8325A1C7B68C3F8AE
:10A93000D822002318461037BD4680BD80B582B0AE
:10A9400000AF7860786801F041FE0346184608378A
:10A95000BD4680BD80B483B000AF78600023184648
:10A960000C37BD465DF8047B704780B584B000AFFE
:10A9700078600B46FB700023FB737B68D3F8B8321A
:10A98000002B09D07B68D3F8B8321B68FA781146DF
:10A99000786898470346FB73FB7B18461037BD4623
:10A9A00080BD80B584B000AF78600B46FB7000239B
:10A9B000FB737B68D3F8B8325B68FA781146786825
:10A9C00098470346002B01D00323FB73FB7B1846FB
:10A9D0001037BD4680BD80B584B000AF7860396067
:10A9E0007B6803F2AA233968184601F022F97B68D4
:10A9F0000122C3F894227B68B3F8B0321A467B6810
:10AA0000C3F898227B6893F8AA3203F01F03022B45
:10AA10001AD0022B22D8002B02D0012B0AD01DE025
:10AA20007B6803F2AA231946786800F077FB034697
:10AA3000FB7320E07B6803F2AA231946786800F0D4
:10AA4000DFFB0346FB7316E07B6803F2AA2319467B
:10AA5000786800F041FC0346FB730CE07B6893F8D8
:10AA6000AA3223F07F03DBB21946786801F00EFEAC
:10AA70000346FB7300BFFB7B18461037BD4680BD05
:10AA800080B586B000AFF8600B467A60FB72002399
:10AA9000FB75FB7A002B77D1FB6803F5AA733B614A
:10AAA000FB68D3F89432032B40F0A1803B695B68CC
:10AAB0003A69928993421CD93B695B683A699289E9
:10AAC0009A1A3B695A603B691B693A6992891A4430
:10AAD0003B691A613B6919693B699B891A463B6965
:10AAE0005B68934238BF13461A46F86801F0A8F92C
:10AAF0007DE0FB6893F8AA3203F01F03022B14D009
:10AB0000022B1DD8002B02D0012B03D018E000230C
:10AB1000BB7518E0FB68B3F8AE32DBB21946F868D3
:10AB200000F06EFA0346BB750DE0FB68B3F8AE3279
:10AB3000DBB21946F86800F070FA0346BB7502E014
:10AB40000023BB7500BFBB7D002B19D1FB6893F8B8
:10AB50009C32DBB2032B13D1BA7DFB68AE3253F8C3
:10AB600022301B69002B0BD0BA7DFB68C3F8D422BE
:10AB7000BA7DFB68AE3253F822301B69F8689847FB
:10AB8000F86801F06EF932E0FB7A03F07F03DBB284
:10AB90001946F86800F041FA0346BB75BB7DFF2BF0
:10ABA00025D0BB7D002B22D1FB6893F89C32DBB211
:10ABB000032B17D1BA7DFB68AE3253F822309B6964
:10ABC000002B0FD0BA7DFB68C3F8D422BA7DFB6896
:10ABD000AE3253F822309B69FA7A1146F8689847EA
:10ABE0000346FB75FB7D002B01D0FB7D00E00023BD
:10ABF00018461837BD4680BD80B586B000AFF860F6
:10AC00000B467A60FB72FB7A002B78D1FB68143319
:10AC10003B61FB68D3F89432022B63D13B695B68DC
:10AC20003A69928993421CD93B695B683A69928977
:10AC30009A1A3B695A603B691B693A6992891A44BE
:10AC40003B691A613B6919693B695B681A46F86898
:10AC500001F0C4F8002300220021F86801F0C0FDD3
:10AC600040E03B699B891A463B695B689A421CD16C
:10AC70003B691B683A699289934216D33B691A680B
:10AC8000FB68D3F898329A420FD200220021F8686C
:10AC900001F0A4F8FB680022C3F8982200230022E8
:10ACA0000021F86801F09CFD1CE0FB6893F89C32E1
:10ACB000DBB2032B0FD1FB68D3F8B832DB68002B73
:10ACC00009D0FB680022C3F8D422FB68D3F8B8325D
:10ACD000DB68F86898478021F86801F0D7FCF868CD
:10ACE00001F0D2F8FB6893F8A032002B3AD0F86854
:10ACF000FFF730FEFB68002283F8A02232E0FB7AE7
:10AD000063F07F03DBB21946F86800F086F903466A
:10AD1000FB75FB7DFF2B25D0FB7D002B22D1FB6833
:10AD200093F89C32DBB2032B1CD1FA7DFB68AE3268
:10AD300053F822305B69002B14D0FA7DFB68C3F80E
:10AD4000D422FA7DFB68AE3253F822305B69FA7A7E
:10AD50001146F86898470346BB75BB7D002B01D0B0
:10AD6000BB7D00E0002318461837BD4680BD80B586
:10AD700084B000AF78600023FB737B68012283F806
:10AD80009C227B680022C3F894227B6800225A60D0
:10AD90007B680022C3F8A4227B68002283F8A022EB
:10ADA0007B68D3F8B832002B14D07B68D3F8B83264
:10ADB0005B68002B0ED07B68D3F8B8325B687A688A
:10ADC0005268D2B21146786898470346002B01D0EA
:10ADD0000323FB73402300220021786801F011FC5B
:10ADE0007B68012283F863217B684022A3F86021FD
:10ADF000402300228021786801F003FC7B68012257
:10AE000083F823207B6840221A84FB7B1846103786
:10AE1000BD4680BD80B483B000AF78600B46FB7048
:10AE20007B68FA781A74002318460C37BD465DF823
:10AE3000047B704780B483B000AF78607B6893F880
:10AE40009C32DBB2042B06D07B6893F89C32DAB2DA
:10AE50007B6883F89D227B68042283F89C22002370
:10AE600018460C37BD465DF8047B704780B483B04C
:10AE700000AF78607B6893F89C32DBB2042B06D17C
:10AE80007B6893F89D32DAB27B6883F89C220023BA
:10AE900018460C37BD465DF8047B704780B582B01C
:10AEA00000AF78607B6893F89C32DBB2032B10D143
:10AEB0007B68D3F8B832002B0BD07B68D3F8B8325C
:10AEC000DB69002B05D07B68D3F8B832DB69786882
:10AED0009847002318460837BD4680BD80B582B02C
:10AEE00000AF78600B46FB707B68D3F8D4227B6898
:10AEF000AE3253F82230002B01D103231CE07B68D3
:10AF000093F89C32DBB2032B15D17B68D3F8D422A3
:10AF10007B68AE3253F822301B6A002B0BD07B6863
:10AF2000D3F8D4227B68AE3253F822301B6AFA7809
:10AF3000114678689847002318460837BD4680BDFB
:10AF400080B582B000AF78600B46FB707B68D3F8A9
:10AF5000D4227B68AE3253F82230002B01D1032378
:10AF60001CE07B6893F89C32DBB2032B15D17B6825
:10AF7000D3F8D4227B68AE3253F822305B6A002BC0
:10AF80000BD07B68D3F8D4227B68AE3253F82230E2
:10AF90005B6AFA78114678689847002318460837A4
:10AFA000BD4680BD80B483B000AF786000231846F2
:10AFB0000C37BD465DF8047B704780B584B000AFA8
:10AFC00078600023FB737B68012283F89C227B68F6
:10AFD000D3F8B832002B0ED07B68D3F8B8325B6858
:10AFE0007A685268D2B21146786898470346002BB7
:10AFF00001D00323FB73FB7B18461037BD4680BD91
:10B0000080B483B000AF78600B46FB700023184615
:10B010000C37BD465DF8047B704780B483B000AF49
:10B0200078600B46FB70002318460C37BD465DF870
:10B03000047B704780B586B000AF78600B46FB702C
:10B040007B687B617B68FB6000233B61FB685B88FE
:10B050009BB2FA68127893421FD9FB681B787B81F8
:10B0600013E007F10A031946786900F01BF87861CC
:10B070007B695B78052B08D17B693B613B699B78D9
:10B08000FA789A4208D000233B61FB685B889AB249
:10B090007B899A42E5D800E000BF3B691846183723
:10B0A000BD4680BD80B485B000AF786039607B68F4
:10B0B000FB603B681B88FA68127813449AB23B68BD
:10B0C0001A80FB681B781A467B681344FB60FB6898
:10B0D00018461437BD465DF8047B704780B487B0CE
:10B0E00000AF78607B687B617B691B787B827B69C2
:10B0F00001337B617B691B783B82B7F910301B02FF
:10B100001AB2B7F9123013431BB2FB81FB89184600
:10B110001C37BD465DF8047B7047000080B584B0E5
:10B1200000AF786039600023FB733B681B7803F045
:10B130006003402B05D0402B57D8002B0FD0202B7D
:10B1400053D17B68D3F8D4227B68AE3253F82230D7
:10B150009B683968786898470346FB734AE03B6808
:10B160005B78092B3BD801A252F823F0C1B100084B
:10B17000D5B10008DFB10008CBB10008DFB100088D
:10B180009FB1000895B10008DFB10008B7B1000811
:10B19000A9B100083968786800F03EFA24E03968FF
:10B1A000786800F0A3FB1FE03968786800F0E2FBE4
:10B1B0000346FB7318E03968786800F085FC13E0FB
:10B1C0003968786800F0B6FC0EE03968786800F0FD
:10B1D000E5FC09E03968786800F009FD04E03968A9
:10B1E000786800F060FD00BF04E03968786800F01E
:10B1F0005AFD00BFFB7B18461037BD4680BD00BF1F
:10B2000080B584B000AF786039600023FB733B6881
:10B210001B7803F06003402B05D0402B52D8002B45
:10B2200001D0202B4ED17B6893F89C32DBB2013BDE
:10B23000022B40D83B689B88DBB2012B36D83B6899
:10B240009B88DBB219467868FFF7DAFE0346BB73CA
:10B25000BB7BFF2B1DD0BB7B002B1AD1BA7B7B683D
:10B26000AE3253F822309B68002B0FD0BA7B7B683C
:10B27000C3F8D422BA7B7B68AE3253F822309B6885
:10B280003968786898470346FB7304E00323FB732F
:10B2900001E00323FB733B68DB88002B10D1FB7BB1
:10B2A000002B0DD1786800F0DCFD09E03968786882
:10B2B00000F0F9FC04E03968786800F0F4FC00E084
:10B2C00000BF04E03968786800F0EDFC00BFFB7B4C
:10B2D00018461037BD4680BD80B584B000AF786099
:10B2E00039600023FB733B689B88BB733B681B780A
:10B2F00003F06003402B07D0402B00F28181002B2C
:10B300002AD0202B40F07C81BB7B19467868FFF760
:10B3100084FE03467B737B7BFF2B00F076817B7B77
:10B32000002B40F072817A7B7B68C3F8D4227A7B51
:10B330007B68AE3253F822309B68002B00F06581A9
:10B340007A7B7B68AE3253F822309B683968786824
:10B3500098470346FB7358E13B685B78032B08D0A2
:10B36000032B00F34781002B00F09B80012B3CD086
:10B3700040E17B6893F89C32DBB2022B02D0032BB6
:10B3800016D02CE0BB7B002B0DD0BB7B802B0AD0D2
:10B39000BB7B1946786801F079F98021786801F063
:10B3A00075F900BF20E03968786800F07CFC1BE08C
:10B3B0003B685B88002B0ED1BB7B002B0BD0BB7B8B
:10B3C000802B08D03B68DB88002B04D1BB7B19465F
:10B3D000786801F05BF9786800F043FD04E03968B3
:10B3E000786800F060FC00BF09E17B6893F89C324C
:10B3F000DBB2022B02D0032B16D04BE0BB7B002B21
:10B400000DD0BB7B802B0AD0BB7B1946786801F03E
:10B410003DF98021786801F039F900BF40E03968D2
:10B42000786800F040FC3BE03B685B88002B36D13D
:10B43000BB7B03F07F03002B04D0BB7B19467868ED
:10B4400001F043F9786800F00CFDBB7B1946786881
:10B45000FFF7E3FD03467B737B7BFF2B1FD07B7BDA
:10B46000002B1CD17A7B7B68C3F8D4227A7B7B6863
:10B47000AE3253F822309B68002B10D07A7B7B6869
:10B48000AE3253F822309B68396878689847034693
:10B49000FB7304E03968786800F005FC00E000BF49
:10B4A000ADE07B6893F89C32DBB2022B02D0032B19
:10B4B00033D099E0BB7B002B07D0BB7B802B04D023
:10B4C0003968786800F0EFFB93E097F90E30002BB5
:10B4D0000BDABB7B03F07F0213469B0013449B00F7
:10B4E00010337A68134404330BE0BB7B03F07F0214
:10B4F00013469B0013449B0003F5A8737A6813441A
:10B500000433BB60BB6800229A73BB680E3302220F
:10B510001946786800F044FC6BE097F90E30002B78
:10B5200011DABB7B03F00F02796813469B001344CA
:10B530009B000B4423331B78002B17D139687868A4
:10B5400000F0B1FB55E0BB7B03F00F0279681346B6
:10B550009B0013449B000B4403F263131B78002BE6
:10B5600004D13968786800F09EFB42E097F90E300C
:10B57000002B0BDABB7B03F07F0213469B001344C6
:10B580009B0010337A68134404330BE0BB7B03F059
:10B590007F0213469B0013449B0003F5A8737A684F
:10B5A00013440433BB60BB7B002B02D0BB7B802BDE
:10B5B00003D1BB6800229A730EE0BB7B1946786802
:10B5C00001F0A2F80346002B03D0BB6801229A7356
:10B5D00002E0BB6800229A73BB680E330222194650
:10B5E000786800F0DDFB04E03968786800F05BFB08
:10B5F00000BF04E03968786800F055FB00BF05E043
:10B600003968786800F04FFB00E000BFFB7B18460C
:10B610001037BD4680BD000080B584B000AF7860B3
:10B62000396000233B810023FB600023FB723B68F1
:10B630005B881B0A9BB2013B062B00F2288101A20A
:10B6400052F823F061B6000879B60008B9B60008D0
:10B650008FB800088FB800082FB800085BB8000842
:10B660007B68D3F8B4321B687A68127C07F1080152
:10B6700010469847F86012E17B681B7C002B0DD1C7
:10B680007B68D3F8B8329B6A07F1080210469847E6
:10B69000F860FB68013302221A7000E17B68D3F87E
:10B6A000B832DB6A07F1080210469847F860FB6879
:10B6B000013302221A70F2E03B685B88DBB2052B93
:10B6C00000F2AC8001A252F823F000BFE5B60008FA
:10B6D00019B700084DB7000881B70008B5B70008D2
:10B6E000E9B700087B68D3F8B4325B68002B0BD055
:10B6F0007B68D3F8B4325B687A68127C07F1080182
:10B7000010469847F86091E03968786800F0CBFA05
:10B71000FB7A0133FB7289E07B68D3F8B4329B6813
:10B72000002B0BD07B68D3F8B4329B687A68127C0C
:10B7300007F1080110469847F86077E039687868A3
:10B7400000F0B1FAFB7A0133FB726FE07B68D3F84B
:10B75000B432DB68002B0BD07B68D3F8B432DB68E3
:10B760007A68127C07F1080110469847F8605DE09E
:10B770003968786800F097FAFB7A0133FB7255E07C
:10B780007B68D3F8B4321B69002B0BD07B68D3F8ED
:10B79000B4321B697A68127C07F108011046984799
:10B7A000F86043E03968786800F07DFAFB7A01338D
:10B7B000FB723BE07B68D3F8B4325B69002B0BD0A3
:10B7C0007B68D3F8B4325B697A68127C07F10801B0
:10B7D00010469847F86029E03968786800F063FA05
:10B7E000FB7A0133FB7221E07B68D3F8B4329B69AA
:10B7F000002B0BD07B68D3F8B4329B697A68127C3B
:10B8000007F1080110469847F8600FE0396878683A
:10B8100000F049FAFB7A0133FB7207E03968786877
:10B8200000F041FAFB7A0133FB7200BF37E07B681E
:10B830001B7C002B09D17B68D3F8B8325B6B07F116
:10B84000080210469847F86029E03968786800F0E7
:10B850002AFAFB7A0133FB7221E07B681B7C002B08
:10B860000DD17B68D3F8B8321B6B07F10802104684
:10B870009847F860FB68013307221A700FE03968B7
:10B88000786800F010FAFB7A0133FB7207E0396840
:10B89000786800F008FAFB7A0133FB7200BFFB7A8C
:10B8A000002B1ED13B68DB88002B16D03B89002B78
:10B8B0000ED03B68DA883B89934228BF13469BB27F
:10B8C0003B813B891A46F968786800F069FA09E01B
:10B8D0003968786800F0E7F904E0786800F0C1FAA8
:10B8E00000E000BF1037BD4680BD00BF80B584B00A
:10B8F00000AF786039603B689B88002B31D13B6892
:10B90000DB88002B2DD13B685B887F2B29D83B68D7
:10B910005B88DBB203F07F03FB737B6893F89C3298
:10B92000DBB2032B04D13968786800F0BCF91DE064
:10B930007B68FA7B83F89E22FB7B1946786800F0CF
:10B940000FFF786800F08DFAFB7B002B04D07B683A
:10B95000022283F89C2209E07B68012283F89C2262
:10B9600004E03968786800F09EF900BF00BF103726
:10B97000BD4680BD80B584B000AF786039600023DB
:10B98000FB733B685B88DAB24E4B1A704D4B1B78E9
:10B99000012B05D93968786800F085F903238CE01C
:10B9A0007B6893F89C32DBB2022B02D0032B29D0A8
:10B9B00075E0444B1B78002B20D0424B1B781A4675
:10B9C0007B685A603F4B1B7819467868FEF7CDFFBD
:10B9D0000346FB73FB7B002B08D03968786800F0C6
:10B9E00062F97B68022283F89C2265E0786800F0A7
:10B9F00038FA7B68032283F89C225DE0786800F0C7
:10BA000030FA59E02F4B1B78002B12D17B680222B1
:10BA100083F89C222B4B1B781A467B685A60294B73
:10BA20001B7819467868FEF7BCFF786800F019FAB1
:10BA300042E0244B1B781A467B685B689A422AD006
:10BA40007B685B68DBB219467868FEF7AAFF1D4B7E
:10BA50001B781A467B685A601A4B1B78194678681F
:10BA6000FEF783FF0346FB73FB7B002B0FD0396887
:10BA7000786800F018F97B685B68DBB21946786873
:10BA8000FEF78FFF7B68022283F89C2214E078681F
:10BA900000F0E7F910E0786800F0E3F90CE03968AD
:10BAA000786800F000F9074B1B7819467868FEF7B4
:10BAB00078FF0323FB7300BFFB7B18461037BD469E
:10BAC00080BD00BF2002002080B582B000AF78604A
:10BAD00039603B68DB88012B04D03968786800F056
:10BAE000E2F823E07B6893F89C32DBB2022B02DCA5
:10BAF000002B03DC15E0032B0BD012E07B68002247
:10BB00009A607B68083301221946786800F048F98A
:10BB10000CE07B68043301221946786800F040F994
:10BB200004E03968786800F0BEF800BF00BF08374D
:10BB3000BD4680BD80B582B000AF786039607B685B
:10BB400093F89C32DBB2013B022B1ED83B68DB88AA
:10BB5000022B04D03968786800F0A5F81AE07B68F9
:10BB60000122DA607B68D3F8A432002B05D07B6811
:10BB7000DB6843F002027B68DA607B680C330222E8
:10BB80001946786800F00CF904E03968786800F02C
:10BB90008AF800BF00BF0837BD4680BD80B582B0BF
:10BBA00000AF786039603B685B88012B07D17B6808
:10BBB0000122C3F8A422786800F053F913E03B682F
:10BBC0005B88022B0BD13B689B881B0A9BB2DAB2C5
:10BBD0007B6883F8A022786800F043F903E03968B5
:10BBE000786800F060F800BF0837BD4680BD80B5BA
:10BBF00082B000AF786039607B6893F89C32DBB22A
:10BC0000013B022B0BD83B685B88012B0CD17B6876
:10BC10000022C3F8A422786800F023F904E0396810
:10BC2000786800F040F800E000BF00BF0837BD466C
:10BC300080BD80B584B000AF786039603B68FB6040
:10BC4000FB681A787B681A70FB680133FB60FB683D
:10BC50001A787B685A70FB680133FB60F868FFF75D
:10BC60003DFA03461A467B685A80FB680133FB6045
:10BC7000FB680133FB60F868FFF730FA03461A46A9
:10BC80007B689A80FB680133FB60FB680133FB60D3
:10BC9000F868FFF723FA03461A467B68DA8000BF8C
:10BCA0001037BD4680BD80B582B000AF7860396086
:10BCB0008021786800F0EAFC0021786800F0E6FC5A
:10BCC00000BF0837BD4680BD80B586B000AFF860C4
:10BCD000B9607A600023FB75FB68002B42D0FB68DB
:10BCE0003B61386900F042F8034601335B00B3F56D
:10BCF000007F08D8386900F039F8034601339BB259
:10BD00005B009AB201E04FF400727B681A80FB7D01
:10BD1000BA6813447A6812781A70FB7D0133FB7598
:10BD2000FB7DBA68134403221A70FB7D0133FB7557
:10BD300013E0FB7DBA6813443A6912781A703B69C4
:10BD400001333B61FB7D0133FB75FB7DBA68134416
:10BD500000221A70FB7D0133FB753B691B78002BB9
:10BD6000E7D100E000BF1837BD4680BD80B485B084
:10BD700000AF78600023FB737B68BB6005E0FB7B52
:10BD80000133FB73BB680133BB60BB681B78002BBE
:10BD9000F5D1FB7B18461437BD465DF8047B704730
:10BDA00080B584B000AFF860B9607A60FB680222A9
:10BDB000C3F89422FB687A685A61FB68BA685A62D1
:10BDC000FB687A689A617B68BA680021F86800F0BD
:10BDD000E6FC002318461037BD4680BD80B584B010
:10BDE00000AFF860B9607A607B68BA680021F868D3
:10BDF00000F0D5FC002318461037BD4680BD80B545
:10BE000084B000AFF860B9607A60FB680322C3F8C1
:10BE10009422FB687A68C3F85421FB68BA68C3F8B7
:10BE20006421FB687A68C3F858217B68BA680021EE
:10BE3000F86800F0D5FC002318461037BD4680BDD9
:10BE400080B584B000AFF860B9607A607B68BA688A
:10BE50000021F86800F0C4FC002318461037BD46E6
:10BE600080BD80B582B000AF78607B680422C3F8E3
:10BE70009422002300220021786800F090FC002327
:10BE800018460837BD4680BD80B582B000AF7860E7
:10BE90007B680522C3F894220023002200217868E1
:10BEA00000F09EFC002318460837BD4680BD000008
:10BEB00080B500AF002212491248FEF7D9FC0346B4
:10BEC000002B01D0F8F74CFE0F490E48FEF700FD9D
:10BED0000346002B01D0F8F743FE0C490948FEF752
:10BEE000F7FB0346002B01D0F8F73AFE0548FEF7B2
:10BEF00025FD0346002B01D0F8F732FE00BF80BDC0
:10BF0000AC0000202402002018000020980000202F
:10BF100080B500AF002205490548FEF7F3FB05494F
:10BF20000348FEF711FC0023184680BD000D0020D9
:10BF3000240200200005002080B400AF0023184632
:10BF4000BD465DF8047B704780B483B000AF034604
:10BF50003960FB711346BB80FB79232B4AD801A2C1
:10BF600052F823F0F5BF0008F5BF0008F5BF000840
:10BF7000F5BF0008F5BF0008F5BF0008F5BF0008D1
:10BF8000F5BF0008F5BF0008F5BF0008F5BF0008C1
:10BF9000F5BF0008F5BF0008F5BF0008F5BF0008B1
:10BFA000F5BF0008F5BF0008F5BF0008F5BF0008A1
:10BFB000F5BF0008F5BF0008F5BF0008F5BF000891
:10BFC000F5BF0008F5BF0008F5BF0008F5BF000881
:10BFD000F5BF0008F5BF0008F5BF0008F5BF000871
:10BFE000F5BF0008F5BF0008F5BF0008F5BF000861
:10BFF000F5BF000800BF002318460C37BD465DF8AA
:10C00000047B704780B582B000AF78603960796892
:10C010000548FEF799FB0448FEF7F4FB0023184699
:10C020000837BD4680BD00BF2402002080B584B023
:10C0300000AF78600B467B800023FB730D4BD3F879
:10C04000BC32BB60BB68D3F81432002B01D0012393
:10C050000BE07B881A4679680648FEF753FB0548D3
:10C06000FEF790FB0346FB73FB7B18461037BD467B
:10C0700080BD00BF2402002080B487B000AFF8600C
:10C08000B9601346FB710023FB7597F9173018460A
:10C090001C37BD465DF8047B7047000080B483B058
:10C0A00000AF03463960FB713B6812221A80034BD4
:10C0B00018460C37BD465DF8047B7047C800002069
:10C0C00080B483B000AF03463960FB713B68042243
:10C0D0001A80034B18460C37BD465DF8047B704749
:10C0E000DC00002080B582B000AF03463960FB71F0
:10C0F000FB79002B05D13A6807490848FFF7E4FDB2
:10C1000004E03A6804490548FFF7DEFD024B184693
:10C110000837BD4680BD00BF00150020B8D4000818
:10C1200080B582B000AF03463960FB713A680449BC
:10C130000448FFF7C9FD024B18460837BD4680BDCD
:10C1400000150020D0D4000880B582B000AF0346AF
:10C150003960FB713B681A221A8000F043F8024BE9
:10C1600018460837BD4680BDE000002080B582B08B
:10C1700000AF03463960FB71FB79002B05D13A68AB
:10C1800007490848FFF7A0FD04E03A68044905485C
:10C19000FFF79AFD024B18460837BD4680BD00BF29
:10C1A00000150020E4D4000880B582B000AF03463B
:10C1B0003960FB71FB79002B05D13A6807490848C3
:10C1C000FFF782FD04E03A6804490548FFF77CFD6B
:10C1D000024B18460837BD4680BD00BF0015002041
:10C1E000F0D4000880B584B000AF0F4B1B68FB6033
:10C1F0000E4B1B68BB600E4B1B687B60FA687B684C
:10C200001344FB60FB68002B09D008220949F86839
:10C2100000F014F804220849B86800F00FF800BFD5
:10C220001037BD4680BD00BF107AFF1F147AFF1F74
:10C23000187AFF1FE2000020F200002080B487B0CF
:10C2400000AFF860B9601346FB710023FB75002353
:10C25000FB7527E0FB681B0F092B0BD8FB681B0F36
:10C26000DAB2FB7D5B001946BB680B443032D2B2B8
:10C270001A700AE0FB681B0FDAB2FB7D5B001946FF
:10C28000BB680B443732D2B21A70FB681B01FB60EB
:10C29000FB7D5B000133BA68134400221A70FB7DFA
:10C2A0000133FB75FA7DFB799A42D3D300BF00BFFF
:10C2B0001C37BD465DF8047B7047000080B58AB02E
:10C2C00000AF786007F1140300221A605A609A6088
:10C2D000DA601A617B681B68B3F1A04F3AD1002382
:10C2E0003B611E4B1B6B1D4A43F0010313631B4B49
:10C2F0001B6B03F001033B613B694FF4C0537B614F
:10C300000223BB610023FB6103233B620A237B62A0
:10C3100007F1140319461248F9F76AFC0F4B5B6BDF
:10C320000E4A43F0800353630023FB600B4B5B6CAE
:10C330000A4A43F480435364084B5B6C03F4804324
:10C34000FB60FB68002200214320F9F71AFC432020
:10C35000F9F733FC00BF2837BD4680BD00380240E6
:10C360000000024080B582B000AF78607B68D3F8EF
:10C37000E0247B6803F29C4319461046FEF72BFB32
:10C3800000BF0837BD4680BD80B582B000AF786081
:10C390000B46FB707B68D3F8E004FA7879681346A3
:10C3A000DB0013449B000B4403F518731A68FB78F9
:10C3B0001946FEF765FB00BF0837BD4680BD80B556
:10C3C00082B000AF78600B46FB707B68D3F8E00466
:10C3D000FA7879681346DB0013449B000B44203342
:10C3E0001A68FB781946FEF707FC00BF0837BD4600
:10C3F00080BD80B582B000AF78607B68D3F8E03450
:10C400001846FEF74BFD00BF0837BD4680BD80B51E
:10C4100084B000AF78600123FB737B68DB79022B6B
:10C4200001D0F8F79DFB7B68D3F8E034FA7B114626
:10C430001846FEF7EFFC7B68D3F8E0341846FEF7A9
:10C4400096FC00BF1037BD4680BD000080B582B0AD
:10C4500000AF78607B68D3F8E0341846FEF7EAFC5A
:10C460007B681B6803F560631B687A68126802F5D5
:10C47000606243F0010313607B68DB7A002B05D018
:10C48000044B1B69034A43F00603136100BF0837DE
:10C49000BD4680BD00ED00E080B582B000AF7860A1
:10C4A0007B68D3F8E0341846FEF7E0FC00BF08379D
:10C4B000BD4680BD80B582B000AF78600B46FB7092
:10C4C0007B68D3F8E034FA7811461846FEF738FD59
:10C4D00000BF0837BD4680BD80B582B000AF786030
:10C4E0000B46FB707B68D3F8E034FA7811461846A7
:10C4F000FEF7F4FC00BF0837BD4680BD80B582B0B2
:10C5000000AF78607B68D3F8E0341846FEF74AFD48
:10C5100000BF0837BD4680BD80B582B000AF7860EF
:10C520007B68D3F8E0341846FEF747FD00BF0837B4
:10C53000BD4680BD80B582B000AF78607B681B7857
:10C54000002B3CD1204A7B68C2F8E0347B681E4A4D
:10C55000C3F8C8221C4B4FF0A0421A601A4B0422A9
:10C560001A71194B0222DA71174B00229A71164B7D
:10C5700002225A72144B00229A72134B0022DA7272
:10C58000114B00221A73104B00229A730E4B00229B
:10C59000DA730D48F9F7FBFC0346002B01D0F8F7DE
:10C5A000DFFA80210848FAF728FF402200210648D8
:10C5B000FAF7DCFE802201210348FAF7D7FE0023B8
:10C5C00018460837BD4680BD0017002080B584B0EE
:10C5D00000AF78600023FB730023BB737B68D3F844
:10C5E000C8321846F9F7E2FD0346FB73FB7B184699
:10C5F00000F042F90346BB73BB7B18461037BD46BB
:10C6000080BD80B584B000AF7860084611461A46F8
:10C610000346FB700B46BB7013463B800023FB7345
:10C620000023BB737B68D3F8C802BB783A88F978DB
:10C63000FAF7B6FA0346FB73FB7B184600F01CF9C9
:10C640000346BB73BB7B18461037BD4680BD80B523
:10C6500084B000AF78600B46FB700023FB730023AF
:10C66000BB737B68D3F8C832FA7811461846FAF7DC
:10C6700001FB0346FB73FB7B184600F0FDF8034605
:10C68000BB73BB7B18461037BD4680BD80B584B0F8
:10C6900000AF78600B46FB700023FB730023BB7375
:10C6A0007B68D3F8C832FA7811461846FAF7B9FB16
:10C6B0000346FB73FB7B184600F0DEF80346BB73B2
:10C6C000BB7B18461037BD4680BD80B584B000AF37
:10C6D00078600B46FB700023FB730023BB737B6801
:10C6E000D3F8C832FA7811461846FAF7FDFB03462C
:10C6F000FB73FB7B184600F0BFF80346BB73BB7BA4
:10C7000018461037BD4680BD80B485B000AF786054
:10C710000B46FB707B68D3F8C832FB6097F9033097
:10C72000002B0BDAFB7803F07F02F9681346DB007D
:10C7300013449B000B4416331B780BE0FB7803F08B
:10C740007F02F9681346DB0013449B000B4403F29D
:10C7500056231B7818461437BD465DF8047B704796
:10C7600080B584B000AF78600B46FB700023FB738C
:10C770000023BB737B68D3F8C832FA781146184699
:10C78000FAF7EAF90346FB73FB7B184600F074F8EE
:10C790000346BB73BB7B18461037BD4680BD80B5D2
:10C7A00086B000AFF8607A603B600B46FB720023F6
:10C7B000FB750023BB75FB68D3F8C802F97A3B68A8
:10C7C0007A68FAF7F4FA0346FB75FB7D184600F029
:10C7D00053F80346BB75BB7D18461837BD4680BD70
:10C7E00080B586B000AFF8607A603B600B46FB72A4
:10C7F0000023FB750023BB75FB68D3F8C802F97AE8
:10C800003B687A68FAF780FA0346FB75FB7D1846A9
:10C8100000F032F80346BB75BB7D18461837BD469D
:10C8200080BD80B582B000AF78600B46FB707B683E
:10C83000D3F8C832FA7811461846FAF7A0FA034638
:10C8400018460837BD4680BD80B483B000AF78601D
:10C85000034B18460C37BD465DF8047B704700BF9C
:10C86000E41B002080B483B000AF786000BF0C37B9
:10C87000BD465DF8047B704780B485B000AF0346C9
:10C88000FB710023FB73FB79032B17D801A252F82D
:10C8900023F000BFA5C80008ABC80008B1C8000855
:10C8A000B7C800080023FB730BE00323FB7308E009
:10C8B0000123FB7305E00323FB7302E00323FB73F7
:10C8C00000BFFB7B18461437BD465DF8047B7047FC
:10C8D0000CB430B5184B0C1E1D689DB008DA8B23C4
:10C8E0002B604FF0FF301DB0BDE8304002B0704704
:10C8F0004FF40273ADF814304FF000031B9314BFD4
:10C9000004F1FF332346049307934FF6FF7302901D
:10C910000690ADF81630209A21AB02A92846019363
:10C9200000F0A6F9431CBCBF8B232B60002CDAD08F
:10C93000029B00221A70D6E7FC0000200244034646
:10C94000934200D1704703F8011BF9E7014B1868C7
:10C95000704700BFFC00002070B50D4B0D4D5B1BF8
:10C960009C100026A64209D100F06EFC0A4D0B4B2C
:10C970005B1B9C100026A64205D170BD55F8043BF8
:10C9800098470136EEE755F8043B98470136F2E741
:10C9900048D7000848D7000848D700084CD70008F7
:10C9A000704770470A44914200F1FF3300D170474D
:10C9B00010B511F8014B03F8014F9142F9D110BDA8
:10C9C00038B50546002941D051F8043C0C1F002B16
:10C9D000B8BFE41800F0E0F81D4A136833B963608B
:10C9E00014602846BDE8384000F0DCB8A34208D9FE
:10C9F000206821188B4201BF19685B680918216003
:10CA0000EDE71A465B680BB1A342FAD911685018DA
:10CA1000A0420BD120680144501883421160E0D13C
:10CA200018685B68536008441060DAE702D90C2389
:10CA30002B60D6E7206821188B4204BF19685B6819
:10CA4000636004BF091821605460CAE738BD00BFA5
:10CA5000481F002070B50F4E0C463168054611B9CD
:10CA600000F0ACFB30602146284600F0A7FB431CD9
:10CA700003D14FF0FF34204670BDC41C24F00304E2
:10CA8000A042F8D0211A284600F098FB0130F2D1DC
:10CA9000EFE700BF441F00202DE9F843CD1C25F02F
:10CAA000030508350C2D38BF0C25002D064601DB8B
:10CAB000A94204D90C2333600020BDE8F883DFF8D5
:10CAC000D48000F069F8D8F800301C4644BB2946F1
:10CAD0003046FFF7BFFF431C044658D1D8F800404A
:10CAE0002746002F43D1002C4BD0236839463046CF
:10CAF00004EB030900F062FB814542D121686D1A05
:10CB000029463046FFF7A6FF01303AD023682B4470
:10CB10002360D8F800305A6862BBC8F800700FE094
:10CB20002268521B20D40B2A17D96119A342256011
:10CB300018BF5960636808BFC8F8001062514B60A5
:10CB4000304600F02FF804F10B00231D20F0070001
:10CB5000C21A1CBF1B1AA350AFE76268A3420CBFE6
:10CB6000C8F800205A60EBE723466468AEE73C460D
:10CB70007F68B6E71A465B68A342FBD10023536087
:10CB8000DEE70C233360304600F00CF894E70560D4
:10CB9000D6E700BF481F00200148FFF701BF00BFD4
:10CBA000401F00200148FFF7FCBE00BF401F0020CF
:10CBB0002DE9F0478E681F46BE4282460C469046DD
:10CBC000334653D8B1F90C0010F4906F2BD065693F
:10CBD0002368096905EB4505A3EB010905EBD5754C
:10CBE0007B1C6D104B44AB422A4684BF1D462A462F
:10CBF000430527D511465046FFF74EFF064658B36A
:10CC000021694A46FFF7CEFEA38923F4906343F0DF
:10CC10008003A381266165614E44A5EB090526606A
:10CC2000A5603E463B461F4620683A46414600F016
:10CC3000ABFAA3689B1BA36023683B4423600020DE
:10CC4000BDE8F087504600F0C9FA06460028E1D159
:10CC500021695046FFF7B4FE0C23CAF80030A389BF
:10CC600043F04003A3814FF0FF30E9E73E46DBE7A6
:10CC70002DE9F0471F468B891B069CB006460D46E2
:10CC8000144610D50B6973B94021FFF705FF2860E2
:10CC9000286130B90C2333604FF0FF301CB0BDE881
:10CCA000F08740236B610023099320238DF82930FE
:10CCB00003973023654F8DF82A304FF00108234643
:10CCC000994613F8012B0AB1252AF9D1B9EB040AC8
:10CCD0000BD05346224629463046FFF769FF013004
:10CCE00000F0A480099A5244099299F80030002B70
:10CCF00000F09C8000234FF0FF32CDE9052309F1BD
:10CD00000109049307938DF853301A934C464F480A
:10CD100014F8011B0522F7F76BFA049BD0B9D8066B
:10CD200044BF20228DF85320190744BF2B228DF8D1
:10CD3000532099F800202A2A13D0079A4C46002045
:10CD40004FF00A0C214611F8013B303B092B49D921
:10CD500068B913E0C01B08FA00F018430490A1461C
:10CD6000D4E7039A111D12680391002A01DB079290
:10CD700004E0524243F002030792049323782E2BDF
:10CD80000AD163782A2B32D1039B1A1D1B680392A8
:10CD900043EAE37302340593DFF8C090217803225D
:10CDA0004846F7F725FA38B1049BA0EB090040226A
:10CDB000824013430134049314F8011B24488DF876
:10CDC00028100622F7F714FA002835D0214818BB9E
:10CDD000039B073323F0070308330393099B0344A2
:10CDE00009936CE70CFB02320C460120AAE70023F2
:10CDF0000134059319464FF00A0C204610F8012B18
:10CE0000303A092A03D9002BC6D00591C4E70CFBA0
:10CE1000012104460123F0E703AB00932A460E4BA1
:10CE200004A93046AFF30080421CD7D1AB895B0622
:10CE30003FF532AF099831E703AB00932A46064B22
:10CE400004A9304600F07AF8EEE700BF0CD70008DE
:10CE500016D7000800000000B1CB000812D7000868
:10CE60002DE9F047164698468A680B69DDF8209050
:10CE70009342B8BF1346336091F8432007460C46EF
:10CE80000AB1013333602368990642BF3368023325
:10CE90003360256815F0060506D104F1190AE36828
:10CEA00032689B1AAB4226DC94F843302268003B80
:10CEB00018BF012392062BD404F1430241463846A1
:10CEC000C84701301ED02368226903F00603042BF3
:10CED00002BFE5683368ED1AA3680CBF25EAE57563
:10CEE00000259342C4BF9B1AED1800261A34B542A0
:10CEF0001AD1002008E00123524641463846C8476F
:10CF0000013003D14FF0FF30BDE8F0870135C6E7AF
:10CF1000E1185A1C302081F84300224494F845104F
:10CF200082F843100233C7E70123224641463846C0
:10CF3000C8470130E6D00136D9E700002DE9F043BB
:10CF40000D7E85B0782D90460C9E07460C4699467E
:10CF500001F1430207D8622D0AD8002D00F0D780D6
:10CF6000582D00F0BC8004F1420684F842503BE0AA
:10CF7000A5F16303152BF6D801A151F823F000BFEA
:10CF8000D9CF0008EDCF000867CF000867CF0008B1
:10CF900067CF000867CF0008EDCF000867CF000813
:10CFA00067CF000867CF000867CF0008F5D00008FA
:10CFB00017D00008A7D0000867CF000867CF000887
:10CFC00017D1000867CF000817D0000867CF000806
:10CFD00067CF0008AFD0000833681A1D1B683260A5
:10CFE00004F1420684F842300123A1E0336820684E
:10CFF000191D3160060601D51D6803E04506FBD505
:10D00000B3F90050002D03DA2D236D4284F843302C
:10D010005B480A2311E021683368080653F8045B73
:10D0200002D4490648BFADB23360237E54486F2B0B
:10D030005CD10823002184F843106668A660002EA6
:10D0400005DB21682E4321F00401216050D01646F3
:10D05000B5FBF3F103FB115C10F80CC006F801CD31
:10D06000AC4663450D46F3D9082B0BD12368DB078B
:10D0700008D5236961689942DEBF302306F8013C78
:10D0800006F1FF36921B2261CDF80090434603AAB9
:10D0900021463846FFF7E4FE01304ED14FF0FF3015
:10D0A00005B0BDE8F083236843F0200323603548D2
:10D0B000782584F845502368316813F0800F51F8C3
:10D0C000045B03D113F0400F18BFADB23160D90734
:10D0D00044BF43F0200323601DB11023AAE7284872
:10D0E000E7E7236823F020032360F6E70A23A1E79C
:10D0F0001646B9E7336825686169181D30602E0649
:10D100001B6801D5196002E06806FBD51980002371
:10D1100023611646B8E733681A1D32601E686268DC
:10D1200000213046F7F764F808B1801B606063683F
:10D130002361002384F84330A6E723693246414641
:10D140003846C8470130A9D023689B0713D4E0684C
:10D15000039B9842B8BF1846A2E7012332464146D6
:10D160003846C847013099D00135E36803995B1A06
:10D17000AB42F2DCEBE7002504F11906F5E700BF4E
:10D180001DD700082ED70008884210B501EB020415
:10D1900002D98442234607D8431EA14207D011F882
:10D1A000012B03F8012FF8E70244824200D110BDA1
:10D1B00013F8011D02F8011DF7E7000038B5064D10
:10D1C0000023044608462B60F8F7C0FA431C02D13E
:10D1D0002B6803B1236038BD3C1F00202DE9F041CE
:10D1E000074614460D4621B9BDE8F0411146FFF748
:10D1F00053BC2AB9FFF7E4FB25462846BDE8F08179
:10D2000000F01AF88442064602D8B4EB500FF4D866
:10D2100021463846FFF740FC804608B94546ECE712
:10D22000B4422246294628BF3246FFF7BBFB2946B7
:10D230003846FFF7C5FBF1E751F8043C181F002BF7
:10D24000BCBF0B58C0187047F8B500BFF8BC08BC8D
:10D250009E467047F8B500BFF8BC08BC9E467047B4
:10D2600041494E302D41494E3100000041494E3276
:10D270002D41494E3300000041494E342D41494E65
:10D280003500000041494E362D41494E370000001F
:10D290004552524F3A2074696D656F7574206E6FF8
:10D2A00020445244592061706F73205245534554B5
:10D2B00020646F20414453313235360D0A0000009E
:10D2C0004552524F3A2074696D656F7574206E6FC8
:10D2D00020445244592061706F732053454C46439B
:10D2E000414C20646F20414453313235360D0A00E1
:10D2F0004D555820646F2041445331323536206CEF
:10D3000069646F3A203078253032580D0A000000E9
:10D310004552524F3A204D555820646F2041445396
:10D3200031323536206469666572656E74652064D5
:10D330006F20657370657261646F0D0A00000000F4
:10D340004552524F3A204D555820646F2041445366
:10D35000313235360A6469666572656E74652064BB
:10D360006F20657370657261646F00004D55583AA7
:10D370002030782530325800414453313235362040
:10D38000496E696369616C697A61646F00000000CD
:10D390004D6F646F3A203420706172657320646948
:10D3A0006600000050617265733A20302D312032E2
:10D3B0002D3320342D3520362D3700004452415472
:10D3C000453A20256C752053505300005047413A90
:10D3D00020782575000000004D55583A202573200F
:10D3E0006C6569742F7300004672616D653A202583
:10D3F00073206C6569742F7300000000435356203E
:10D40000666F726D61743A004652414D452C732C23
:10D41000742C64312C64322C64332C64340000008E
:10D42000256C752E2530326C75000000FFFFFF0063
:10D43000496E696369616C697A616E646F20414409
:10D4400053313235362E2E2E0D0A00004144533111
:10D45000323536204F4B2E20496E696369616E6408
:10D460006F206C6569747572612E0D0A00000000F2
:10D47000466F726D61746F204353563A2046524195
:10D480004D452C7365712C742C64312C64322C64E2
:10D49000332C64340D0A00004652414D452C256C56
:10D4A000752C256C752C256C642C256C642C256CD6
:10D4B000642C256C640D0A0053544D333220566998
:10D4C000727475616C20436F6D506F727400000050
:10D4D00053544D6963726F656C656374726F6E69E6
:10D4E0006373000043444320436F6E666967000026
:10D4F00043444320496E74657266616365000000B1
:10D500000100000060D20008230000006CD2000877
:10D510004500000078D200086700000084D20008AF
:10D52000000000000000005F00000007000700147A
:10D530007F147F14242A7F2A122313086462364939
:10D540005522500005030000001C2241000041222A
:10D550001C0014083E081408083E0808005030005B
:10D56000000808080800006060000020100804029D
:10D570003E5149453E00427F4000426151494621AB
:10D5800041454B311814127F1027454545393C4A17
:10D590004949300171090503364949493606494967
:10D5A000291E0036360000005636000008142241BD
:10D5B0000014141414140041221408020151090625
:10D5C000324979413E7E1111117E7F494949363EEB
:10D5D000414141227F4141221C7F494949417F0904
:10D5E0000909013E4149497A7F0808087F00417FC7
:10D5F00041002040413F017F081422417F404040CC
:10D60000407F020C027F7F0408107F3E4141413E73
:10D610007F090909063E4151215E7F0919294646C5
:10D620004949493101017F01013F4040403F1F20EE
:10D6300040201F3F4038403F6314081463070870C0
:10D6400008076151494543007F4141000204081029
:10D65000200041417F00040201020440404040405C
:10D66000000102040020545454787F484444383860
:10D6700044444420384444487F3854545418087E65
:10D680000901020C5252523E7F0804047800447D86
:10D6900040002040443D007F1028440000417F406E
:10D6A000007C041804787C08040478384444443826
:10D6B0007C14141408081414187C7C08040408480A
:10D6C00054545420043F4440203C4040207C1C20C3
:10D6D00040201C3C4030403C44281028440C505012
:10D6E000503C4464544C44000836410000007F0024
:10D6F0000000413608001008081008000000000073
:10D70000000000000102030406070809232D302B46
:10D710002000686C4C006566674546470030313232
:10D720003334353637383941424344454600303189
:10D7300032333435363738396162636465660000E8
:08D74000A06AFF7F0100000058
:04D74800C5410008CF
:04D74C00A1410008EF
:10D750000024F40010000000010000000A0600028E
:10D760000000004001000000D19E0008C1A0000898
:10D77000C5A1000800000000EBA400087DA300087C
:10D780007BA4000800000000000000000000000072
:10D79000D1A5000861A5000841A60008B1A60008AF
:10D7A00009024300020100C0320904000001020224
:10D7B00001000524001001052401000104240202D7
:10D7C0000524060001070582030800100904010072
:10D7D000020A00000007050102400000070581025F
:10D7E000400000810182000011BF000839BF00081D
:10D7F00049BF000805C0000879C000089DC00008A6
:10D80000C1C0000821C10008E5C0000849C10008E6
:10D810006DC10008A9C10008120100020202004007
:10D8200083044057000201020301000004030904BD
:10D830001A030000000000000000000000000000CB
:10D8400000000000000000000000000000010020B7
:10D8500000000000041E00206C1E0020D41E0020CA
:10D8600000000000000000000000000000000000B8
:10D8700000000000000000000000000000000000A8
:10D880000000000000000000000000000000000098
:0CD890000000000000000000000000008C
:040000050800584D4A
:00000001FF
