tempo_pc_iso,tempo_pc_s,FRAME,SEQ,TIME,D1,D2,D3,D4,bytes_usb_linha
2026-07-02T20:14:39.457,0.003379,FRAME,1156,17094,-250,-207,-198,-490,38
2026-07-02T20:14:39.457,0.004153,FRAME,1157,17095,-284,-219,-215,-509,38
2026-07-02T20:14:39.458,0.004803,FRAME,1158,17096,-313,-266,-225,-509,38
2026-07-02T20:14:39.459,0.005435,FRAME,1159,17097,-260,-258,-216,-498,38
2026-07-02T20:14:39.459,0.006155,FRAME,1160,17098,-282,-249,-224,-526,38
2026-07-02T20:14:39.460,0.006895,FRAME,1161,17099,-282,-221,-204,-510,38
2026-07-02T20:14:39.461,0.007515,FRAME,1162,17100,-284,-257,-214,-528,38
2026-07-02T20:14:39.461,0.008188,FRAME,1163,17101,-279,-297,-254,-534,38
2026-07-02T20:14:39.462,0.008829,FRAME,1164,17102,-375,-325,-246,-578,38
2026-07-02T20:14:39.463,0.009449,FRAME,1165,17103,-355,-289,-266,-559,38
2026-07-02T20:14:39.463,0.010066,FRAME,1166,17104,-367,-332,-281,-524,38
2026-07-02T20:14:39.464,0.010702,FRAME,1167,17105,-367,-349,-259,-521,38
2026-07-02T20:14:39.465,0.011330,FRAME,1168,17106,-446,-327,-250,-528,38
2026-07-02T20:14:39.465,0.012001,FRAME,1169,17107,-453,-334,-268,-521,38
2026-07-02T20:14:39.466,0.012718,FRAME,1170,17108,-489,-317,-273,-525,38
2026-07-02T20:14:39.467,0.013363,FRAME,1171,17109,-507,-352,-299,-527,38
2026-07-02T20:14:39.467,0.014042,FRAME,1172,17110,-474,-389,-293,-522,38
2026-07-02T20:14:39.468,0.014714,FRAME,1173,17111,-462,-365,-275,-512,38
2026-07-02T20:14:39.469,0.015407,FRAME,1174,17112,-406,-299,-288,-475,38
2026-07-02T20:14:39.469,0.016072,FRAME,1175,17113,-372,-328,-262,-483,38
2026-07-02T20:14:39.470,0.016804,FRAME,1176,17114,-313,-270,-211,-480,38
2026-07-02T20:14:39.471,0.017475,FRAME,1177,17115,-272,-280,-194,-469,38
2026-07-02T20:14:39.472,0.018224,FRAME,1178,17116,-271,-263,-195,-469,38
2026-07-02T20:14:39.472,0.018901,FRAME,1179,17117,-228,-326,-215,-477,38
2026-07-02T20:14:39.473,0.019539,FRAME,1180,17118,-228,-258,-209,-538,38
2026-07-02T20:14:39.474,0.020203,FRAME,1181,17119,-305,-297,-229,-481,38
2026-07-02T20:14:39.474,0.020857,FRAME,1182,17120,-339,-322,-230,-569,38
2026-07-02T20:14:39.475,0.021505,FRAME,1183,17121,-358,-339,-264,-545,38
2026-07-02T20:14:39.475,0.022130,FRAME,1184,17122,-351,-322,-242,-515,38
2026-07-02T20:14:39.476,0.022840,FRAME,1185,17123,-345,-316,-255,-507,38
2026-07-02T20:14:39.477,0.023626,FRAME,1186,17124,-400,-329,-247,-448,38
2026-07-02T20:14:39.478,0.024255,FRAME,1187,17125,-408,-338,-202,-510,38
2026-07-02T20:14:39.478,0.024891,FRAME,1188,17126,-361,-328,-233,-458,38
2026-07-02T20:14:39.479,0.025511,FRAME,1189,17127,-390,-351,-230,-490,38
2026-07-02T20:14:39.479,0.026127,FRAME,1190,17128,-343,-329,-202,-490,38
2026-07-02T20:14:39.480,0.026756,FRAME,1191,17129,-381,-293,-237,-440,38
2026-07-02T20:14:39.481,0.027368,FRAME,1192,17130,-331,-322,-219,-479,38
2026-07-02T20:14:39.481,0.028075,FRAME,1193,17131,-325,-245,-207,-473,38
2026-07-02T20:14:39.482,0.028779,FRAME,1194,17132,-296,-239,-169,-477,38
2026-07-02T20:14:39.483,0.029492,FRAME,1195,17133,-254,-250,-186,-447,38
2026-07-02T20:14:39.483,0.030196,FRAME,1196,17134,-205,-211,-182,-471,38
2026-07-02T20:14:39.484,0.030885,FRAME,1197,17135,-188,-189,-130,-491,38
2026-07-02T20:14:39.485,0.031546,FRAME,1198,17136,-135,-185,-130,-475,38
2026-07-02T20:14:39.486,0.032268,FRAME,1199,17137,-134,-191,-141,-482,38
2026-07-02T20:14:39.486,0.032933,FRAME,1200,17138,-135,-196,-137,-466,38
2026-07-02T20:14:39.487,0.033550,FRAME,1201,17139,-118,-171,-148,-437,38
2026-07-02T20:14:39.488,0.034215,FRAME,1202,17140,-207,-151,-109,-468,38
2026-07-02T20:14:39.488,0.034897,FRAME,1203,17141,-124,-186,-108,-476,38
2026-07-02T20:14:39.489,0.035512,FRAME,1204,17142,-119,-198,-129,-419,38
2026-07-02T20:14:39.489,0.036126,FRAME,1205,17143,-130,-209,-145,-439,38
2026-07-02T20:14:39.490,0.036829,FRAME,1206,17144,-130,-171,-119,-437,38
2026-07-02T20:14:39.491,0.037445,FRAME,1207,17145,-130,-174,-107,-473,38
2026-07-02T20:14:39.491,0.038070,FRAME,1208,17146,-149,-192,-114,-458,38
2026-07-02T20:14:39.492,0.038707,FRAME,1209,17147,-125,-195,-144,-422,38
2026-07-02T20:14:39.493,0.039332,FRAME,1210,17148,-91,-139,-115,-463,37
2026-07-02T20:14:39.493,0.040074,FRAME,1211,17149,-96,-138,-86,-457,36
2026-07-02T20:14:39.494,0.040774,FRAME,1212,17150,-104,-161,-78,-475,37
2026-07-02T20:14:39.495,0.041384,FRAME,1213,17151,-62,-152,-120,-497,37
2026-07-02T20:14:39.495,0.041996,FRAME,1214,17152,-95,-133,-100,-477,37
2026-07-02T20:14:39.496,0.042586,FRAME,1215,17153,-45,-117,-103,-453,37
2026-07-02T20:14:39.496,0.043178,FRAME,1216,17154,-34,-106,-109,-442,37
2026-07-02T20:14:39.497,0.043800,FRAME,1217,17155,-108,-170,-142,-476,38
2026-07-02T20:14:39.498,0.044392,FRAME,1218,17156,-148,-121,-118,-416,38
2026-07-02T20:14:39.498,0.045005,FRAME,1219,17157,-156,-166,-99,-429,37
2026-07-02T20:14:39.499,0.045615,FRAME,1220,17158,-210,-168,-121,-466,38
2026-07-02T20:14:39.500,0.046224,FRAME,1221,17159,-196,-163,-149,-478,38
2026-07-02T20:14:39.500,0.046842,FRAME,1222,17160,-180,-169,-161,-454,38
2026-07-02T20:14:39.501,0.047444,FRAME,1223,17161,-244,-161,-175,-425,38
2026-07-02T20:14:39.501,0.048050,FRAME,1224,17162,-215,-211,-150,-496,38
2026-07-02T20:14:39.502,0.048673,FRAME,1225,17163,-251,-224,-182,-473,38
2026-07-02T20:14:39.503,0.049270,FRAME,1226,17164,-243,-207,-205,-485,38
2026-07-02T20:14:39.503,0.049888,FRAME,1227,17165,-224,-242,-230,-496,38
2026-07-02T20:14:39.504,0.050498,FRAME,1228,17166,-268,-284,-207,-475,38
2026-07-02T20:14:39.504,0.051112,FRAME,1229,17167,-289,-265,-237,-493,38
2026-07-02T20:14:39.505,0.051732,FRAME,1230,17168,-308,-297,-251,-547,38
2026-07-02T20:14:39.506,0.052329,FRAME,1231,17169,-319,-266,-224,-499,38
2026-07-02T20:14:39.506,0.052952,FRAME,1232,17170,-340,-301,-232,-540,38
2026-07-02T20:14:39.507,0.053571,FRAME,1233,17171,-322,-297,-306,-547,38
2026-07-02T20:14:39.507,0.054181,FRAME,1234,17172,-369,-348,-276,-518,38
2026-07-02T20:14:39.565,0.111364,FRAME,1235,17367,97,-264,-269,-526,36
2026-07-02T20:14:39.565,0.112094,FRAME,1236,17368,137,-284,-246,-528,37
2026-07-02T20:14:39.566,0.112789,FRAME,1237,17369,133,-216,-241,-543,37
2026-07-02T20:14:39.567,0.113447,FRAME,1238,17370,146,-232,-218,-529,37
2026-07-02T20:14:39.567,0.114098,FRAME,1239,17371,123,-211,-218,-539,37
2026-07-02T20:14:39.568,0.114792,FRAME,1240,17372,165,-193,-206,-487,37
2026-07-02T20:14:39.569,0.115369,FRAME,1241,17373,107,-191,-145,-485,37
2026-07-02T20:14:39.569,0.116024,FRAME,1242,17374,143,-196,-151,-497,37
2026-07-02T20:14:39.570,0.116703,FRAME,1243,17375,107,-175,-114,-470,37
2026-07-02T20:14:39.571,0.117264,FRAME,1244,17376,73,-155,-169,-439,36
2026-07-02T20:14:39.571,0.117861,FRAME,1245,17377,96,-147,-127,-414,36
2026-07-02T20:14:39.572,0.118435,FRAME,1246,17378,82,-128,-164,-454,36
2026-07-02T20:14:39.572,0.119004,FRAME,1247,17379,87,-108,-155,-439,36
2026-07-02T20:14:39.573,0.119590,FRAME,1248,17380,80,-127,-106,-452,36
2026-07-02T20:14:39.573,0.120162,FRAME,1249,17381,79,-93,-123,-457,35
2026-07-02T20:14:39.574,0.120748,FRAME,1250,17382,96,-105,-105,-459,36
2026-07-02T20:14:39.575,0.121288,FRAME,1251,17383,104,-49,-97,-484,35
2026-07-02T20:14:39.575,0.121854,FRAME,1252,17384,87,-105,-67,-481,35
2026-07-02T20:14:39.576,0.122475,FRAME,1253,17385,115,-74,-52,-438,35
2026-07-02T20:14:39.576,0.123137,FRAME,1254,17386,116,-111,-69,-459,36
2026-07-02T20:14:39.577,0.123815,FRAME,1255,17387,92,-113,-94,-444,35
2026-07-02T20:14:39.578,0.124399,FRAME,1256,17388,121,-90,-103,-415,36
2026-07-02T20:14:39.578,0.124988,FRAME,1257,17389,73,-39,-54,-414,34
2026-07-02T20:14:39.579,0.125545,FRAME,1258,17390,32,-52,-49,-443,34
2026-07-02T20:14:39.580,0.126216,FRAME,1259,17391,75,-22,-78,-415,34
2026-07-02T20:14:39.580,0.126777,FRAME,1260,17392,35,-61,-48,-410,34
2026-07-02T20:14:39.581,0.127431,FRAME,1261,17393,44,-45,-67,-416,34
2026-07-02T20:14:39.581,0.127983,FRAME,1262,17394,62,-56,-59,-444,34
2026-07-02T20:14:39.582,0.128543,FRAME,1263,17395,-16,-11,-60,-443,35
2026-07-02T20:14:39.582,0.129097,FRAME,1264,17396,15,-36,-76,-395,34
2026-07-02T20:14:39.583,0.129667,FRAME,1265,17397,39,-38,-79,-447,34
2026-07-02T20:14:39.584,0.130219,FRAME,1266,17398,-18,-21,-86,-423,35
2026-07-02T20:14:39.584,0.131009,FRAME,1267,17399,-29,-95,-93,-443,35
2026-07-02T20:14:39.585,0.131586,FRAME,1268,17400,-47,-87,-108,-477,36
2026-07-02T20:14:39.586,0.132294,FRAME,1269,17401,-43,-94,-148,-428,36
2026-07-02T20:14:39.586,0.132902,FRAME,1270,17402,-116,-143,-101,-480,38
2026-07-02T20:14:39.587,0.133497,FRAME,1271,17403,-118,-182,-137,-451,38
2026-07-02T20:14:39.587,0.134089,FRAME,1272,17404,-131,-153,-151,-474,38
2026-07-02T20:14:39.588,0.134708,FRAME,1273,17405,-164,-190,-145,-488,38
2026-07-02T20:14:39.589,0.135285,FRAME,1274,17406,-182,-193,-190,-429,38
2026-07-02T20:14:39.589,0.135916,FRAME,1275,17407,-227,-227,-168,-461,38
2026-07-02T20:14:39.590,0.136513,FRAME,1276,17408,-215,-177,-157,-469,38
2026-07-02T20:14:39.590,0.137116,FRAME,1277,17409,-241,-201,-175,-504,38
2026-07-02T20:14:39.591,0.137778,FRAME,1278,17410,-244,-246,-196,-443,38
2026-07-02T20:14:39.592,0.138359,FRAME,1279,17411,-261,-208,-205,-492,38
2026-07-02T20:14:39.592,0.138978,FRAME,1280,17412,-287,-199,-169,-475,38
2026-07-02T20:14:39.593,0.139607,FRAME,1281,17413,-266,-239,-213,-467,38
2026-07-02T20:14:39.594,0.140351,FRAME,1282,17414,-276,-218,-178,-468,38
2026-07-02T20:14:39.594,0.141003,FRAME,1283,17415,-297,-224,-183,-492,38
2026-07-02T20:14:39.595,0.141620,FRAME,1284,17416,-283,-237,-175,-501,38
2026-07-02T20:14:39.596,0.142237,FRAME,1285,17417,-268,-178,-203,-512,38
2026-07-02T20:14:39.596,0.142850,FRAME,1286,17418,-267,-237,-176,-481,38
2026-07-02T20:14:39.597,0.143452,FRAME,1287,17419,-293,-238,-197,-483,38
2026-07-02T20:14:39.597,0.144046,FRAME,1288,17420,-330,-210,-188,-489,38
2026-07-02T20:14:39.598,0.145071,FRAME,1289,17421,-312,-270,-159,-490,38
2026-07-02T20:14:39.599,0.145722,FRAME,1290,17422,-345,-276,-178,-501,38
2026-07-02T20:14:39.600,0.146638,FRAME,1291,17423,-328,-211,-181,-484,38
2026-07-02T20:14:39.601,0.147583,FRAME,1292,17424,-353,-214,-174,-450,38
2026-07-02T20:14:39.602,0.148524,FRAME,1293,17425,-314,-224,-144,-459,38
2026-07-02T20:14:39.603,0.149444,FRAME,1294,17426,-287,-231,-145,-458,38
2026-07-02T20:14:39.604,0.150389,FRAME,1295,17427,-249,-240,-152,-455,38
2026-07-02T20:14:39.605,0.151298,FRAME,1296,17428,-189,-196,-112,-433,38
2026-07-02T20:14:39.605,0.152130,FRAME,1297,17429,-228,-198,-95,-433,37
2026-07-02T20:14:39.606,0.153028,FRAME,1298,17430,-265,-173,-104,-411,38
2026-07-02T20:14:39.607,0.153900,FRAME,1299,17431,-175,-125,-81,-417,37
2026-07-02T20:14:39.608,0.154753,FRAME,1300,17432,-139,-81,-63,-399,36
2026-07-02T20:14:39.609,0.155611,FRAME,1301,17433,-118,-106,-23,-450,37
2026-07-02T20:14:39.610,0.156368,FRAME,1302,17434,-111,-73,-53,-415,36
2026-07-02T20:14:39.611,0.157367,FRAME,1303,17435,-113,-93,-89,-476,36
2026-07-02T20:14:39.612,0.158284,FRAME,1304,17436,-162,-106,-101,-424,38
2026-07-02T20:14:39.612,0.159165,FRAME,1305,17437,-174,-115,-86,-466,37
2026-07-02T20:14:39.613,0.159988,FRAME,1306,17438,-195,-162,-135,-423,38
2026-07-02T20:14:39.614,0.160597,FRAME,1307,17439,-200,-172,-83,-449,37
2026-07-02T20:14:39.615,0.161494,FRAME,1308,17440,-226,-124,-121,-455,38
2026-07-02T20:14:39.616,0.162495,FRAME,1309,17441,-243,-158,-129,-465,38
2026-07-02T20:14:39.617,0.163425,FRAME,1310,17442,-275,-200,-117,-424,38
2026-07-02T20:14:39.618,0.164342,FRAME,1311,17443,-275,-197,-126,-460,38
2026-07-02T20:14:39.619,0.165259,FRAME,1312,17444,-294,-201,-158,-459,38
2026-07-02T20:14:39.620,0.166200,FRAME,1313,17445,-259,-163,-147,-413,38
2026-07-02T20:14:39.620,0.167173,FRAME,1314,17446,-239,-223,-150,-417,38
2026-07-02T20:14:39.621,0.168136,FRAME,1315,17447,-236,-199,-137,-429,38
2026-07-02T20:14:39.622,0.168968,FRAME,1316,17448,-230,-184,-116,-409,38
2026-07-02T20:14:39.623,0.169589,FRAME,1317,17449,-231,-142,-112,-461,38
2026-07-02T20:14:39.624,0.170219,FRAME,1318,17450,-158,-138,-115,-451,38
2026-07-02T20:14:39.624,0.170857,FRAME,1319,17451,-169,-179,-141,-485,38
2026-07-02T20:14:39.625,0.171515,FRAME,1320,17452,-177,-203,-172,-446,38
2026-07-02T20:14:39.625,0.172144,FRAME,1321,17453,-175,-193,-103,-478,38
2026-07-02T20:14:39.626,0.172792,FRAME,1322,17454,-180,-192,-111,-453,38
2026-07-02T20:14:39.627,0.173389,FRAME,1323,17455,-179,-218,-79,-454,37
2026-07-02T20:14:39.628,0.174247,FRAME,1324,17456,-210,-205,-153,-433,38
2026-07-02T20:14:39.628,0.174930,FRAME,1325,17457,-182,-167,-132,-469,38
2026-07-02T20:14:39.629,0.175765,FRAME,1326,17458,-217,-185,-138,-422,38
2026-07-02T20:14:39.630,0.176573,FRAME,1327,17459,-221,-207,-138,-421,38
2026-07-02T20:14:39.631,0.177399,FRAME,1328,17460,-199,-184,-139,-439,38
2026-07-02T20:14:39.632,0.178249,FRAME,1329,17461,-190,-191,-124,-424,38
2026-07-02T20:14:39.632,0.179112,FRAME,1330,17462,-173,-198,-121,-424,38
2026-07-02T20:14:39.633,0.179920,FRAME,1331,17463,-203,-121,-60,-417,37
2026-07-02T20:14:39.634,0.180778,FRAME,1332,17464,-136,-153,-100,-393,38
2026-07-02T20:14:39.635,0.181589,FRAME,1333,17465,-109,-136,-78,-385,37
2026-07-02T20:14:39.636,0.182365,FRAME,1334,17466,-93,-133,-50,-429,36
2026-07-02T20:14:39.636,0.183146,FRAME,1335,17467,-64,-110,-76,-408,36
2026-07-02T20:14:39.637,0.183927,FRAME,1336,17468,-40,-110,-81,-463,36
2026-07-02T20:14:39.638,0.184687,FRAME,1337,17469,-27,-78,-65,-410,35
2026-07-02T20:14:39.639,0.185466,FRAME,1338,17470,-46,-113,-91,-440,36
2026-07-02T20:14:39.640,0.186220,FRAME,1339,17471,-47,-94,-72,-446,35
2026-07-02T20:14:39.640,0.186995,FRAME,1340,17472,-69,-114,-74,-357,36
2026-07-02T20:14:39.641,0.187996,FRAME,1341,17473,-28,-103,-49,-390,36
2026-07-02T20:14:39.642,0.189047,FRAME,1342,17474,-78,-73,-26,-390,35
2026-07-02T20:14:39.643,0.190083,FRAME,1343,17475,-29,-87,-52,-363,35
2026-07-02T20:14:39.644,0.191148,FRAME,1344,17476,-29,-86,-43,-400,35
2026-07-02T20:14:39.674,0.220327,FRAME,1345,17477,-56,-78,-27,-380,35
2026-07-02T20:14:39.674,0.221024,FRAME,1346,17478,-4,-51,-40,-342,34
2026-07-02T20:14:39.675,0.221623,FRAME,1347,17479,0,-67,-29,-376,33
2026-07-02T20:14:39.676,0.222278,FRAME,1348,17480,-40,-53,-20,-383,35
2026-07-02T20:14:39.676,0.222956,FRAME,1349,17481,-44,-47,-39,-395,35
2026-07-02T20:14:39.677,0.223684,FRAME,1350,17482,-25,-86,-50,-389,35
2026-07-02T20:14:39.678,0.224269,FRAME,1351,17483,-39,-70,-52,-406,35
2026-07-02T20:14:39.678,0.225132,FRAME,1352,17484,-51,-60,-72,-451,35
2026-07-02T20:14:39.679,0.225922,FRAME,1353,17485,-25,-100,-89,-434,36
2026-07-02T20:14:39.680,0.226903,FRAME,1354,17486,-96,-150,-120,-428,37
2026-07-02T20:14:39.681,0.227806,FRAME,1355,17487,-115,-161,-134,-435,38
2026-07-02T20:14:39.682,0.228732,FRAME,1356,17488,-139,-139,-147,-465,38
2026-07-02T20:14:39.683,0.229660,FRAME,1357,17489,-186,-174,-168,-467,38
2026-07-02T20:14:39.684,0.230576,FRAME,1358,17490,-219,-205,-157,-436,38
2026-07-02T20:14:39.685,0.231522,FRAME,1359,17491,-256,-171,-171,-439,38
2026-07-02T20:14:39.686,0.232456,FRAME,1360,17492,-233,-165,-192,-465,38
2026-07-02T20:14:39.687,0.233239,FRAME,1361,17493,-265,-180,-184,-441,38
2026-07-02T20:14:39.687,0.234141,FRAME,1362,17494,-288,-219,-216,-427,38
2026-07-02T20:14:39.688,0.235017,FRAME,1363,17495,-282,-226,-204,-473,38
2026-07-02T20:14:39.689,0.235885,FRAME,1364,17496,-298,-230,-183,-467,38
2026-07-02T20:14:39.690,0.236766,FRAME,1365,17497,-301,-203,-234,-450,38
2026-07-02T20:14:39.691,0.237638,FRAME,1366,17498,-326,-265,-250,-478,38
2026-07-02T20:14:39.692,0.238455,FRAME,1367,17499,-359,-252,-230,-501,38
2026-07-02T20:14:39.693,0.239290,FRAME,1368,17500,-349,-268,-256,-505,38
2026-07-02T20:14:39.694,0.240245,FRAME,1369,17501,-368,-300,-242,-506,38
2026-07-02T20:14:39.694,0.241136,FRAME,1370,17502,-399,-312,-241,-514,38
2026-07-02T20:14:39.695,0.241953,FRAME,1371,17503,-398,-280,-258,-518,38
2026-07-02T20:14:39.696,0.242592,FRAME,1372,17504,-404,-314,-274,-533,38
2026-07-02T20:14:39.697,0.243542,FRAME,1373,17505,-399,-356,-280,-497,38
2026-07-02T20:14:39.698,0.244413,FRAME,1374,17506,-426,-355,-282,-473,38
2026-07-02T20:14:39.699,0.245335,FRAME,1375,17507,-454,-352,-290,-480,38
2026-07-02T20:14:39.700,0.246239,FRAME,1376,17508,-449,-319,-312,-485,38
2026-07-02T20:14:39.700,0.247146,FRAME,1377,17509,-457,-351,-281,-525,38
2026-07-02T20:14:39.701,0.248099,FRAME,1378,17510,-496,-322,-315,-506,38
2026-07-02T20:14:39.703,0.249506,FRAME,1379,17511,-479,-403,-278,-462,38
2026-07-02T20:14:39.704,0.250428,FRAME,1380,17512,-417,-358,-275,-474,38
2026-07-02T20:14:39.705,0.251335,FRAME,1381,17513,-434,-302,-253,-451,38
2026-07-02T20:14:39.705,0.251956,FRAME,1382,17514,-358,-297,-263,-447,38
2026-07-02T20:14:39.706,0.252601,FRAME,1383,17515,-364,-289,-207,-464,38
2026-07-02T20:14:39.707,0.253207,FRAME,1384,17516,-315,-282,-222,-464,38
2026-07-02T20:14:39.707,0.253820,FRAME,1385,17517,-328,-241,-202,-468,38
2026-07-02T20:14:39.708,0.254414,FRAME,1386,17518,-288,-254,-229,-470,38
2026-07-02T20:14:39.708,0.255018,FRAME,1387,17519,-341,-270,-258,-509,38
2026-07-02T20:14:39.709,0.255617,FRAME,1388,17520,-360,-341,-232,-497,38
2026-07-02T20:14:39.710,0.256217,FRAME,1389,17521,-372,-336,-269,-487,38
2026-07-02T20:14:39.710,0.256985,FRAME,1390,17522,-431,-314,-295,-522,38
2026-07-02T20:14:39.711,0.257907,FRAME,1391,17523,-436,-270,-256,-508,38
2026-07-02T20:14:39.712,0.258538,FRAME,1392,17524,-432,-294,-227,-500,38
2026-07-02T20:14:39.712,0.259162,FRAME,1393,17525,-424,-329,-232,-484,38
2026-07-02T20:14:39.713,0.259794,FRAME,1394,17526,-401,-356,-223,-466,38
2026-07-02T20:14:39.714,0.260492,FRAME,1395,17527,-435,-316,-269,-454,38
2026-07-02T20:14:39.714,0.261126,FRAME,1396,17528,-351,-322,-276,-478,38
2026-07-02T20:14:39.715,0.261758,FRAME,1397,17529,-375,-289,-258,-463,38
2026-07-02T20:14:39.716,0.262417,FRAME,1398,17530,-312,-281,-241,-450,38
2026-07-02T20:14:39.716,0.263043,FRAME,1399,17531,-309,-304,-222,-475,38
2026-07-02T20:14:39.717,0.263700,FRAME,1400,17532,-308,-301,-235,-468,38
2026-07-02T20:14:39.718,0.264409,FRAME,1401,17533,-310,-315,-200,-473,38
2026-07-02T20:14:39.718,0.265051,FRAME,1402,17534,-317,-261,-223,-480,38
2026-07-02T20:14:39.719,0.265691,FRAME,1403,17535,-298,-236,-210,-516,38
2026-07-02T20:14:39.720,0.266306,FRAME,1404,17536,-281,-281,-183,-470,38
2026-07-02T20:14:39.720,0.266931,FRAME,1405,17537,-233,-260,-215,-470,38
2026-07-02T20:14:39.721,0.267553,FRAME,1406,17538,-228,-278,-205,-475,38
2026-07-02T20:14:39.721,0.268165,FRAME,1407,17539,-236,-250,-170,-476,38
2026-07-02T20:14:39.722,0.268808,FRAME,1408,17540,-217,-248,-155,-408,38
2026-07-02T20:14:39.723,0.269418,FRAME,1409,17541,-245,-215,-154,-460,38
2026-07-02T20:14:39.723,0.270032,FRAME,1410,17542,-213,-233,-144,-430,38
2026-07-02T20:14:39.724,0.270658,FRAME,1411,17543,-195,-207,-112,-415,38
2026-07-02T20:14:39.725,0.271284,FRAME,1412,17544,-134,-189,-76,-395,37
2026-07-02T20:14:39.725,0.271900,FRAME,1413,17545,-125,-195,-78,-401,37
2026-07-02T20:14:39.726,0.272502,FRAME,1414,17546,-114,-136,-94,-387,37
2026-07-02T20:14:39.726,0.273116,FRAME,1415,17547,-107,-148,-47,-379,37
2026-07-02T20:14:39.727,0.273721,FRAME,1416,17548,-81,-139,-24,-376,36
2026-07-02T20:14:39.728,0.274459,FRAME,1417,17549,-8,-104,-67,-386,35
2026-07-02T20:14:39.728,0.275186,FRAME,1418,17550,-33,-104,-15,-396,36
2026-07-02T20:14:39.729,0.275913,FRAME,1419,17551,-11,-111,-23,-409,36
2026-07-02T20:14:39.730,0.276446,FRAME,1420,17552,27,-63,36,-402,33
2026-07-02T20:14:39.730,0.276987,FRAME,1421,17553,52,-67,-6,-400,33
2026-07-02T20:14:39.731,0.277503,FRAME,1422,17554,51,-77,3,-393,32
2026-07-02T20:14:39.731,0.278047,FRAME,1423,17555,66,-42,-25,-400,34
2026-07-02T20:14:39.732,0.278559,FRAME,1424,17556,48,-54,1,-378,32
2026-07-02T20:14:39.732,0.279102,FRAME,1425,17557,26,-33,3,-385,32
2026-07-02T20:14:39.733,0.279702,FRAME,1426,17558,76,-105,-32,-378,35
2026-07-02T20:14:39.734,0.280235,FRAME,1427,17559,-6,-84,-20,-399,34
2026-07-02T20:14:39.734,0.280819,FRAME,1428,17560,-12,-84,-36,-376,35
2026-07-02T20:14:39.735,0.281474,FRAME,1429,17561,-51,-109,-30,-412,36
2026-07-02T20:14:39.735,0.282039,FRAME,1430,17562,-46,-89,-20,-399,35
2026-07-02T20:14:39.736,0.282607,FRAME,1431,17563,-49,-130,-31,-394,36
2026-07-02T20:14:39.736,0.283175,FRAME,1432,17564,-112,-85,-40,-366,36
2026-07-02T20:14:39.737,0.283767,FRAME,1433,17565,-94,-136,-95,-425,36
2026-07-02T20:14:39.738,0.284351,FRAME,1434,17566,-95,-166,-128,-408,37
2026-07-02T20:14:39.738,0.284986,FRAME,1435,17567,-125,-166,-100,-445,38
2026-07-02T20:14:39.739,0.285589,FRAME,1436,17568,-167,-165,-154,-444,38
2026-07-02T20:14:39.739,0.286187,FRAME,1437,17569,-148,-161,-105,-438,38
2026-07-02T20:14:39.740,0.286798,FRAME,1438,17570,-182,-195,-159,-474,38
2026-07-02T20:14:39.741,0.287395,FRAME,1439,17571,-258,-198,-150,-479,38
2026-07-02T20:14:39.741,0.288006,FRAME,1440,17572,-261,-219,-153,-483,38
2026-07-02T20:14:39.742,0.288606,FRAME,1441,17573,-300,-241,-145,-409,38
2026-07-02T20:14:39.743,0.289207,FRAME,1442,17574,-255,-256,-182,-449,38
2026-07-02T20:14:39.743,0.289852,FRAME,1443,17575,-285,-280,-177,-468,38
2026-07-02T20:14:39.744,0.290934,FRAME,1444,17576,-302,-259,-201,-461,38
2026-07-02T20:14:39.745,0.291944,FRAME,1445,17577,-342,-247,-190,-473,38
2026-07-02T20:14:39.746,0.292986,FRAME,1446,17578,-336,-302,-183,-457,38
2026-07-02T20:14:39.747,0.294041,FRAME,1447,17579,-327,-299,-211,-442,38
2026-07-02T20:14:39.748,0.295084,FRAME,1448,17580,-391,-315,-212,-491,38
2026-07-02T20:14:39.749,0.296129,FRAME,1449,17581,-367,-333,-247,-466,38
2026-07-02T20:14:39.750,0.297153,FRAME,1450,17582,-393,-299,-258,-488,38
2026-07-02T20:14:39.751,0.298128,FRAME,1451,17583,-348,-336,-228,-481,38
2026-07-02T20:14:39.752,0.299106,FRAME,1452,17584,-396,-300,-210,-494,38
2026-07-02T20:14:39.753,0.300136,FRAME,1453,17585,-420,-346,-232,-509,38
2026-07-02T20:14:39.781,0.327734,FRAME,1454,17586,-403,-363,-249,-505,38
2026-07-02T20:14:39.782,0.329048,FRAME,1455,17587,-408,-359,-267,-515,38
2026-07-02T20:14:39.783,0.330119,FRAME,1456,17588,-414,-395,-284,-502,38
2026-07-02T20:14:39.784,0.331140,FRAME,1457,17589,-401,-397,-285,-484,38
2026-07-02T20:14:39.789,0.335232,FRAME,1458,17590,-408,-374,-265,-518,38
2026-07-02T20:14:39.793,0.339562,FRAME,1459,17591,-461,-351,-290,-477,38
2026-07-02T20:14:39.794,0.341074,FRAME,1460,17592,-411,-337,-283,-468,38
2026-07-02T20:14:39.795,0.342123,FRAME,1461,17593,-412,-276,-236,-480,38
2026-07-02T20:14:39.797,0.343223,FRAME,1462,17594,-409,-327,-230,-490,38
2026-07-02T20:14:39.798,0.344344,FRAME,1463,17595,-326,-308,-216,-495,38
2026-07-02T20:14:39.799,0.345453,FRAME,1464,17596,-341,-288,-200,-464,38
2026-07-02T20:14:39.800,0.346569,FRAME,1465,17597,-359,-276,-172,-478,38
2026-07-02T20:14:39.801,0.347700,FRAME,1466,17598,-331,-271,-210,-476,38
2026-07-02T20:14:39.802,0.348859,FRAME,1467,17599,-362,-295,-213,-508,38
2026-07-02T20:14:39.803,0.349982,FRAME,1468,17600,-288,-297,-193,-507,38
2026-07-02T20:14:39.804,0.351066,FRAME,1469,17601,-319,-327,-236,-520,38
2026-07-02T20:14:39.805,0.351962,FRAME,1470,17602,-350,-329,-252,-533,38
2026-07-02T20:14:39.806,0.352755,FRAME,1471,17603,-369,-332,-254,-555,38
2026-07-02T20:14:39.807,0.353580,FRAME,1472,17604,-397,-343,-284,-524,38
2026-07-02T20:14:39.808,0.354336,FRAME,1473,17605,-416,-381,-285,-533,38
2026-07-02T20:14:39.808,0.355166,FRAME,1474,17606,-397,-357,-290,-515,38
2026-07-02T20:14:39.809,0.356137,FRAME,1475,17607,-421,-406,-221,-489,38
2026-07-02T20:14:39.810,0.356909,FRAME,1476,17608,-482,-366,-322,-470,38
2026-07-02T20:14:39.811,0.357864,FRAME,1477,17609,-448,-324,-249,-492,38
2026-07-02T20:14:39.812,0.358559,FRAME,1478,17610,-453,-338,-260,-445,38
2026-07-02T20:14:39.813,0.359337,FRAME,1479,17611,-451,-370,-257,-483,38
2026-07-02T20:14:39.814,0.360238,FRAME,1480,17612,-421,-331,-242,-492,38
2026-07-02T20:14:39.814,0.360976,FRAME,1481,17613,-399,-321,-222,-500,38
2026-07-02T20:14:39.815,0.361602,FRAME,1482,17614,-395,-314,-226,-488,38
2026-07-02T20:14:39.816,0.362213,FRAME,1483,17615,-351,-323,-228,-479,38
2026-07-02T20:14:39.816,0.362869,FRAME,1484,17616,-338,-264,-215,-463,38
2026-07-02T20:14:39.817,0.363495,FRAME,1485,17617,-248,-294,-187,-497,38
2026-07-02T20:14:39.817,0.364112,FRAME,1486,17618,-271,-257,-220,-505,38
2026-07-02T20:14:39.818,0.364772,FRAME,1487,17619,-243,-244,-229,-488,38
2026-07-02T20:14:39.819,0.365414,FRAME,1488,17620,-284,-273,-242,-539,38
2026-07-02T20:14:39.819,0.366024,FRAME,1489,17621,-283,-256,-264,-474,38
2026-07-02T20:14:39.820,0.366644,FRAME,1490,17622,-267,-290,-185,-467,38
2026-07-02T20:14:39.821,0.367345,FRAME,1491,17623,-295,-243,-227,-487,38
2026-07-02T20:14:39.821,0.367977,FRAME,1492,17624,-287,-266,-241,-484,38
2026-07-02T20:14:39.822,0.368599,FRAME,1493,17625,-317,-295,-223,-482,38
2026-07-02T20:14:39.823,0.369215,FRAME,1494,17626,-348,-270,-192,-509,38
2026-07-02T20:14:39.823,0.369849,FRAME,1495,17627,-295,-278,-203,-469,38
2026-07-02T20:14:39.824,0.370470,FRAME,1496,17628,-288,-272,-212,-449,38
2026-07-02T20:14:39.824,0.371119,FRAME,1497,17629,-273,-270,-191,-474,38
2026-07-02T20:14:39.825,0.371774,FRAME,1498,17630,-258,-253,-151,-405,38
2026-07-02T20:14:39.826,0.372391,FRAME,1499,17631,-246,-246,-160,-450,38
2026-07-02T20:14:39.826,0.373023,FRAME,1500,17632,-257,-235,-167,-445,38
2026-07-02T20:14:39.827,0.373841,FRAME,1501,17633,-224,-227,-142,-450,38
2026-07-02T20:14:39.828,0.374505,FRAME,1502,17634,-258,-281,-148,-477,38
2026-07-02T20:14:39.828,0.375123,FRAME,1503,17635,-198,-251,-152,-452,38
2026-07-02T20:14:39.829,0.375784,FRAME,1504,17636,-178,-223,-134,-430,38
2026-07-02T20:14:39.830,0.376402,FRAME,1505,17637,-168,-217,-143,-488,38
2026-07-02T20:14:39.830,0.377023,FRAME,1506,17638,-210,-204,-100,-467,38
2026-07-02T20:14:39.831,0.377659,FRAME,1507,17639,-217,-289,-128,-542,38
2026-07-02T20:14:39.832,0.378263,FRAME,1508,17640,-176,-212,-115,-440,38
2026-07-02T20:14:39.832,0.378900,FRAME,1509,17641,-209,-227,-136,-450,38
2026-07-02T20:14:39.833,0.379508,FRAME,1510,17642,-199,-234,-130,-424,38
2026-07-02T20:14:39.833,0.380113,FRAME,1511,17643,-200,-236,-114,-429,38
2026-07-02T20:14:39.834,0.380761,FRAME,1512,17644,-221,-239,-142,-450,38
2026-07-02T20:14:39.835,0.381371,FRAME,1513,17645,-211,-258,-148,-475,38
2026-07-02T20:14:39.835,0.381987,FRAME,1514,17646,-272,-271,-122,-471,38
2026-07-02T20:14:39.836,0.382595,FRAME,1515,17647,-300,-292,-174,-475,38
2026-07-02T20:14:39.836,0.383192,FRAME,1516,17648,-287,-276,-190,-480,38
2026-07-02T20:14:39.837,0.383818,FRAME,1517,17649,-336,-318,-200,-488,38
2026-07-02T20:14:39.838,0.384426,FRAME,1518,17650,-331,-306,-179,-512,38
2026-07-02T20:14:39.838,0.385026,FRAME,1519,17651,-349,-361,-184,-498,38
2026-07-02T20:14:39.839,0.385633,FRAME,1520,17652,-334,-378,-248,-536,38
2026-07-02T20:14:39.840,0.386230,FRAME,1521,17653,-345,-330,-293,-530,38
2026-07-02T20:14:39.840,0.386872,FRAME,1522,17654,-400,-364,-259,-521,38
2026-07-02T20:14:39.841,0.387480,FRAME,1523,17655,-338,-349,-256,-481,38
2026-07-02T20:14:39.841,0.388080,FRAME,1524,17656,-318,-355,-219,-498,38
2026-07-02T20:14:39.842,0.388708,FRAME,1525,17657,-289,-305,-249,-464,38
2026-07-02T20:14:39.843,0.389302,FRAME,1526,17658,-268,-287,-218,-451,38
2026-07-02T20:14:39.843,0.389934,FRAME,1527,17659,-266,-325,-208,-455,38
2026-07-02T20:14:39.844,0.390876,FRAME,1528,17660,-251,-246,-199,-436,38
2026-07-02T20:14:39.845,0.391513,FRAME,1529,17661,-216,-234,-181,-425,38
2026-07-02T20:14:39.845,0.392146,FRAME,1530,17662,-236,-270,-200,-426,38
2026-07-02T20:14:39.846,0.392794,FRAME,1531,17663,-221,-214,-157,-454,38
2026-07-02T20:14:39.847,0.393405,FRAME,1532,17664,-174,-214,-185,-473,38
2026-07-02T20:14:39.847,0.394011,FRAME,1533,17665,-164,-265,-160,-454,38
2026-07-02T20:14:39.848,0.394623,FRAME,1534,17666,-192,-253,-130,-450,38
2026-07-02T20:14:39.849,0.395225,FRAME,1535,17667,-164,-250,-173,-471,38
2026-07-02T20:14:39.849,0.395848,FRAME,1536,17668,-146,-236,-158,-495,38
2026-07-02T20:14:39.850,0.396491,FRAME,1537,17669,-162,-275,-157,-499,38
2026-07-02T20:14:39.850,0.397109,FRAME,1538,17670,-185,-254,-172,-479,38
2026-07-02T20:14:39.851,0.397736,FRAME,1539,17671,-187,-257,-142,-453,38
2026-07-02T20:14:39.852,0.398321,FRAME,1540,17672,-202,-256,-178,-489,38
2026-07-02T20:14:39.852,0.398938,FRAME,1541,17673,-205,-242,-155,-474,38
2026-07-02T20:14:39.853,0.399552,FRAME,1542,17674,-226,-210,-158,-453,38
2026-07-02T20:14:39.853,0.400138,FRAME,1543,17675,-211,-208,-97,-467,37
2026-07-02T20:14:39.854,0.400754,FRAME,1544,17676,-215,-201,-139,-402,38
2026-07-02T20:14:39.855,0.401342,FRAME,1545,17677,-203,-183,-122,-439,38
2026-07-02T20:14:39.855,0.401975,FRAME,1546,17678,-224,-135,-100,-375,38
2026-07-02T20:14:39.856,0.402603,FRAME,1547,17679,-161,-130,-97,-409,37
2026-07-02T20:14:39.857,0.403616,FRAME,1548,17680,-174,-140,-105,-432,38
2026-07-02T20:14:39.858,0.404244,FRAME,1549,17681,-173,-145,-121,-421,38
2026-07-02T20:14:39.858,0.405177,FRAME,1550,17682,-141,-177,-105,-436,38
2026-07-02T20:14:39.860,0.406351,FRAME,1551,17683,-148,-175,-114,-417,38
2026-07-02T20:14:39.861,0.407442,FRAME,1552,17684,-168,-172,-107,-443,38
2026-07-02T20:14:39.862,0.408369,FRAME,1553,17685,-126,-207,-93,-466,37
2026-07-02T20:14:39.863,0.409305,FRAME,1554,17686,-126,-200,-124,-458,38
2026-07-02T20:14:39.863,0.410101,FRAME,1555,17687,-182,-214,-181,-453,38
2026-07-02T20:14:39.864,0.410877,FRAME,1556,17688,-213,-263,-139,-495,38
2026-07-02T20:14:39.865,0.411514,FRAME,1557,17689,-210,-241,-161,-467,38
2026-07-02T20:14:39.865,0.412159,FRAME,1558,17690,-271,-234,-123,-458,38
2026-07-02T20:14:39.866,0.412841,FRAME,1559,17691,-244,-257,-143,-428,38
2026-07-02T20:14:39.867,0.413724,FRAME,1560,17692,-230,-198,-112,-420,38
2026-07-02T20:14:39.894,0.440319,FRAME,1561,17693,-275,-226,-146,-412,38
2026-07-02T20:14:39.894,0.441159,FRAME,1562,17694,-257,-245,-161,-449,38
2026-07-02T20:14:39.895,0.441926,FRAME,1563,17695,-250,-229,-120,-410,38
2026-07-02T20:14:39.896,0.442602,FRAME,1564,17696,-236,-228,-66,-421,37
2026-07-02T20:14:39.897,0.443230,FRAME,1565,17697,-237,-216,-77,-420,37
2026-07-02T20:14:39.897,0.443846,FRAME,1566,17698,-184,-237,-72,-448,37
2026-07-02T20:14:39.898,0.444463,FRAME,1567,17699,-192,-171,-124,-406,38
2026-07-02T20:14:39.898,0.445165,FRAME,1568,17700,-159,-175,-85,-437,37
2026-07-02T20:14:39.899,0.445794,FRAME,1569,17701,-147,-154,-72,-454,37
2026-07-02T20:14:39.900,0.446386,FRAME,1570,17702,-132,-166,-71,-430,37
2026-07-02T20:14:39.900,0.446985,FRAME,1571,17703,-180,-144,-56,-451,37
2026-07-02T20:14:39.901,0.447601,FRAME,1572,17704,-129,-125,-108,-424,38
2026-07-02T20:14:39.902,0.448211,FRAME,1573,17705,-191,-157,-92,-468,37
2026-07-02T20:14:39.902,0.448899,FRAME,1574,17706,-187,-112,-122,-457,38
2026-07-02T20:14:39.903,0.449605,FRAME,1575,17707,-236,-190,-107,-427,38
2026-07-02T20:14:39.904,0.450271,FRAME,1576,17708,-227,-132,-102,-426,38
2026-07-02T20:14:39.904,0.450898,FRAME,1577,17709,-186,-160,-53,-446,37
2026-07-02T20:14:39.905,0.451485,FRAME,1578,17710,-187,-127,-31,-430,37
2026-07-02T20:14:39.905,0.452075,FRAME,1579,17711,-202,-144,-73,-378,37
2026-07-02T20:14:39.906,0.452726,FRAME,1580,17712,-212,-137,-59,-378,37
2026-07-02T20:14:39.907,0.453328,FRAME,1581,17713,-215,-84,-15,-335,36
2026-07-02T20:14:39.907,0.454111,FRAME,1582,17714,-109,-79,-29,-365,36
2026-07-02T20:14:39.908,0.454718,FRAME,1583,17715,-105,-93,-12,-386,36
2026-07-02T20:14:39.909,0.455330,FRAME,1584,17716,-99,-74,-12,-403,35
2026-07-02T20:14:39.909,0.455898,FRAME,1585,17717,-33,-88,4,-383,33
2026-07-02T20:14:39.910,0.456440,FRAME,1586,17718,-3,-53,1,-390,32
2026-07-02T20:14:39.910,0.457023,FRAME,1587,17719,26,-46,0,-338,32
2026-07-02T20:14:39.911,0.457659,FRAME,1588,17720,-7,-34,3,-375,32
2026-07-02T20:14:39.911,0.458190,FRAME,1589,17721,46,-47,15,-338,33
2026-07-02T20:14:39.912,0.458773,FRAME,1590,17722,2,-38,21,-390,32
2026-07-02T20:14:39.913,0.459308,FRAME,1591,17723,-16,-39,60,-363,34
2026-07-02T20:14:39.913,0.459836,FRAME,1592,17724,1,-10,14,-315,32
2026-07-02T20:14:39.914,0.460456,FRAME,1593,17725,27,-10,18,-376,33
2026-07-02T20:14:39.914,0.461015,FRAME,1594,17726,-16,-30,37,-392,34
2026-07-02T20:14:39.915,0.461571,FRAME,1595,17727,-10,-11,26,-332,34
2026-07-02T20:14:39.915,0.462088,FRAME,1596,17728,22,-5,37,-349,32
2026-07-02T20:14:39.916,0.462616,FRAME,1597,17729,26,-36,33,-361,33
2026-07-02T20:14:39.916,0.463151,FRAME,1598,17730,73,-17,48,-286,33
2026-07-02T20:14:39.917,0.463669,FRAME,1599,17731,77,8,75,-310,31
2026-07-02T20:14:39.917,0.464178,FRAME,1600,17732,81,14,49,-282,32
2026-07-02T20:14:39.918,0.464794,FRAME,1601,17733,127,14,78,-336,33
2026-07-02T20:14:39.919,0.465409,FRAME,1602,17734,112,-25,58,-329,34
2026-07-02T20:14:39.919,0.465984,FRAME,1603,17735,162,-1,47,-330,33
2026-07-02T20:14:39.920,0.466795,FRAME,1604,17736,109,15,95,-371,33
2026-07-02T20:14:39.921,0.467406,FRAME,1605,17737,104,-12,62,-342,34
2026-07-02T20:14:39.921,0.467941,FRAME,1606,17738,57,21,30,-373,32
2026-07-02T20:14:39.922,0.468448,FRAME,1607,17739,76,8,41,-306,31
2026-07-02T20:14:39.922,0.468983,FRAME,1608,17740,74,-48,69,-305,33
2026-07-02T20:14:39.923,0.469507,FRAME,1609,17741,62,-4,65,-301,32
2026-07-02T20:14:39.923,0.470114,FRAME,1610,17742,73,-45,54,-324,33
2026-07-02T20:14:39.924,0.470684,FRAME,1611,17743,68,-36,45,-298,33
2026-07-02T20:14:39.924,0.471188,FRAME,1612,17744,75,18,75,-330,32
2026-07-02T20:14:39.925,0.471729,FRAME,1613,17745,86,6,65,-281,31
2026-07-02T20:14:39.926,0.472232,FRAME,1614,17746,48,-6,68,-267,32
2026-07-02T20:14:39.926,0.472764,FRAME,1615,17747,69,34,58,-291,32
2026-07-02T20:14:39.927,0.473284,FRAME,1616,17748,141,43,92,-264,33
2026-07-02T20:14:39.927,0.473933,FRAME,1617,17749,97,17,131,-303,33
2026-07-02T20:14:39.928,0.474608,FRAME,1618,17750,118,-5,76,-277,33
2026-07-02T20:14:39.929,0.475280,FRAME,1619,17751,93,-33,44,-345,33
2026-07-02T20:14:39.929,0.475864,FRAME,1620,17752,45,-67,44,-361,33
2026-07-02T20:14:39.930,0.476443,FRAME,1621,17753,25,-65,-9,-378,33
2026-07-02T20:14:39.930,0.477047,FRAME,1622,17754,3,-86,-13,-363,33
2026-07-02T20:14:39.931,0.477646,FRAME,1623,17755,-86,-116,-76,-358,36
2026-07-02T20:14:39.932,0.478223,FRAME,1624,17756,-74,-172,-50,-362,36
2026-07-02T20:14:39.932,0.478970,FRAME,1625,17757,-139,-147,-36,-368,37
2026-07-02T20:14:39.933,0.479599,FRAME,1626,17758,-128,-180,-58,-334,37
2026-07-02T20:14:39.934,0.480249,FRAME,1627,17759,-134,-179,-75,-334,37
2026-07-02T20:14:39.934,0.480875,FRAME,1628,17760,-181,-214,-117,-338,38
2026-07-02T20:14:39.935,0.481553,FRAME,1629,17761,-235,-216,-100,-335,38
2026-07-02T20:14:39.935,0.482170,FRAME,1630,17762,-277,-237,-102,-347,38
2026-07-02T20:14:39.936,0.482811,FRAME,1631,17763,-274,-229,-117,-399,38
2026-07-02T20:14:39.937,0.483477,FRAME,1632,17764,-288,-246,-130,-412,38
2026-07-02T20:14:39.938,0.484243,FRAME,1633,17765,-257,-271,-180,-391,38
2026-07-02T20:14:39.938,0.484865,FRAME,1634,17766,-328,-283,-162,-406,38
2026-07-02T20:14:39.939,0.485546,FRAME,1635,17767,-327,-287,-163,-412,38
2026-07-02T20:14:39.939,0.486159,FRAME,1636,17768,-352,-264,-202,-437,38
2026-07-02T20:14:39.940,0.486775,FRAME,1637,17769,-346,-302,-196,-472,38
2026-07-02T20:14:39.941,0.487372,FRAME,1638,17770,-347,-356,-192,-477,38
2026-07-02T20:14:39.941,0.488054,FRAME,1639,17771,-373,-333,-193,-423,38
2026-07-02T20:14:39.942,0.488726,FRAME,1640,17772,-322,-329,-166,-403,38
2026-07-02T20:14:39.943,0.489326,FRAME,1641,17773,-302,-328,-159,-390,38
2026-07-02T20:14:39.943,0.489960,FRAME,1642,17774,-290,-302,-141,-372,38
2026-07-02T20:14:39.944,0.490727,FRAME,1643,17775,-318,-295,-142,-390,38
2026-07-02T20:14:39.945,0.491411,FRAME,1644,17776,-318,-315,-145,-422,38
2026-07-02T20:14:39.945,0.492024,FRAME,1645,17777,-318,-304,-166,-431,38
2026-07-02T20:14:39.946,0.492713,FRAME,1646,17778,-385,-331,-194,-431,38
2026-07-02T20:14:39.947,0.493392,FRAME,1647,17779,-350,-335,-194,-396,38
2026-07-02T20:14:39.947,0.494095,FRAME,1648,17780,-396,-353,-163,-427,38
2026-07-02T20:14:39.948,0.494714,FRAME,1649,17781,-359,-322,-208,-434,38
2026-07-02T20:14:39.949,0.495312,FRAME,1650,17782,-440,-350,-238,-458,38
2026-07-02T20:14:39.949,0.495923,FRAME,1651,17783,-415,-323,-175,-395,38
2026-07-02T20:14:39.950,0.496585,FRAME,1652,17784,-362,-341,-207,-466,38
2026-07-02T20:14:39.951,0.497214,FRAME,1653,17785,-405,-369,-219,-436,38
2026-07-02T20:14:39.951,0.497846,FRAME,1654,17786,-353,-341,-197,-434,38
2026-07-02T20:14:39.952,0.498592,FRAME,1655,17787,-442,-400,-193,-461,38
2026-07-02T20:14:39.952,0.499196,FRAME,1656,17788,-386,-349,-208,-457,38
2026-07-02T20:14:39.953,0.500129,FRAME,1657,17789,-372,-372,-189,-433,38
2026-07-02T20:14:39.954,0.500892,FRAME,1658,17790,-379,-344,-214,-453,38
2026-07-02T20:14:39.955,0.501744,FRAME,1659,17791,-409,-306,-224,-434,38
2026-07-02T20:14:39.956,0.502671,FRAME,1660,17792,-427,-339,-217,-412,38
2026-07-02T20:14:39.957,0.503629,FRAME,1661,17793,-404,-277,-199,-400,38
2026-07-02T20:14:39.958,0.504564,FRAME,1662,17794,-397,-294,-193,-439,38
2026-07-02T20:14:39.959,0.505507,FRAME,1663,17795,-337,-305,-199,-420,38
2026-07-02T20:14:39.960,0.506441,FRAME,1664,17796,-359,-310,-175,-366,38
2026-07-02T20:14:39.961,0.507312,FRAME,1665,17797,-349,-290,-193,-392,38
2026-07-02T20:14:39.961,0.508194,FRAME,1666,17798,-351,-276,-193,-424,38
2026-07-02T20:14:39.962,0.509143,FRAME,1667,17799,-324,-280,-173,-419,38
2026-07-02T20:14:39.963,0.510063,FRAME,1668,17800,-340,-280,-179,-432,38
2026-07-02T20:14:39.964,0.510978,FRAME,1669,17801,-293,-254,-178,-400,38
2026-07-02T20:14:39.965,0.511943,FRAME,1670,17802,-280,-232,-149,-417,38
2026-07-02T20:14:39.966,0.512794,FRAME,1671,17803,-256,-248,-152,-388,38
2026-07-02T20:14:39.967,0.513675,FRAME,1672,17804,-271,-232,-158,-427,38
2026-07-02T20:14:39.968,0.514585,FRAME,1673,17805,-284,-223,-190,-426,38
2026-07-02T20:14:40.001,0.547423,FRAME,1674,17806,-273,-241,-182,-413,38
2026-07-02T20:14:40.002,0.548266,FRAME,1675,17807,-289,-240,-201,-444,38
2026-07-02T20:14:40.002,0.549124,FRAME,1676,17808,-324,-270,-200,-386,38
2026-07-02T20:14:40.003,0.549902,FRAME,1677,17809,-347,-259,-172,-381,38
2026-07-02T20:14:40.004,0.550581,FRAME,1678,17810,-309,-260,-166,-419,38
2026-07-02T20:14:40.005,0.551200,FRAME,1679,17811,-294,-232,-134,-374,38
2026-07-02T20:14:40.005,0.551859,FRAME,1680,17812,-274,-210,-170,-363,38
2026-07-02T20:14:40.006,0.552532,FRAME,1681,17813,-253,-204,-170,-396,38
2026-07-02T20:14:40.006,0.553151,FRAME,1682,17814,-244,-196,-144,-371,38
2026-07-02T20:14:40.007,0.553787,FRAME,1683,17815,-227,-187,-175,-388,38
2026-07-02T20:14:40.008,0.554461,FRAME,1684,17816,-223,-194,-168,-383,38
2026-07-02T20:14:40.008,0.555079,FRAME,1685,17817,-221,-165,-137,-409,38
2026-07-02T20:14:40.009,0.555712,FRAME,1686,17818,-202,-221,-156,-403,38
2026-07-02T20:14:40.010,0.556313,FRAME,1687,17819,-174,-196,-185,-403,38
2026-07-02T20:14:40.010,0.556957,FRAME,1688,17820,-224,-188,-157,-405,38
2026-07-02T20:14:40.011,0.557707,FRAME,1689,17821,-183,-226,-213,-432,38
2026-07-02T20:14:40.012,0.558425,FRAME,1690,17822,-259,-235,-188,-413,38
2026-07-02T20:14:40.012,0.559027,FRAME,1691,17823,-323,-260,-203,-391,38
2026-07-02T20:14:40.013,0.559688,FRAME,1692,17824,-336,-269,-206,-384,38
2026-07-02T20:14:40.014,0.560279,FRAME,1693,17825,-362,-294,-252,-406,38
2026-07-02T20:14:40.014,0.560906,FRAME,1694,17826,-389,-284,-222,-392,38
2026-07-02T20:14:40.015,0.561512,FRAME,1695,17827,-346,-280,-216,-458,38
2026-07-02T20:14:40.015,0.562129,FRAME,1696,17828,-418,-308,-256,-436,38
2026-07-02T20:14:40.016,0.562913,FRAME,1697,17829,-410,-353,-256,-467,38
2026-07-02T20:14:40.017,0.563626,FRAME,1698,17830,-447,-319,-271,-471,38
2026-07-02T20:14:40.018,0.564248,FRAME,1699,17831,-465,-323,-302,-439,38
2026-07-02T20:14:40.018,0.564916,FRAME,1700,17832,-409,-345,-257,-439,38
2026-07-02T20:14:40.019,0.565581,FRAME,1701,17833,-461,-359,-268,-468,38
2026-07-02T20:14:40.019,0.566196,FRAME,1702,17834,-412,-384,-318,-505,38
2026-07-02T20:14:40.020,0.566830,FRAME,1703,17835,-385,-376,-280,-479,38
2026-07-02T20:14:40.021,0.567482,FRAME,1704,17836,-420,-397,-320,-458,38
2026-07-02T20:14:40.021,0.568117,FRAME,1705,17837,-423,-376,-319,-500,38
2026-07-02T20:14:40.022,0.568787,FRAME,1706,17838,-435,-398,-305,-463,38
2026-07-02T20:14:40.023,0.569416,FRAME,1707,17839,-472,-371,-359,-505,38
2026-07-02T20:14:40.023,0.570057,FRAME,1708,17840,-495,-420,-308,-471,38
2026-07-02T20:14:40.024,0.570734,FRAME,1709,17841,-540,-433,-327,-453,38
2026-07-02T20:14:40.025,0.571335,FRAME,1710,17842,-521,-416,-298,-472,38
2026-07-02T20:14:40.025,0.571957,FRAME,1711,17843,-534,-440,-310,-492,38
2026-07-02T20:14:40.026,0.572639,FRAME,1712,17844,-486,-428,-312,-468,38
2026-07-02T20:14:40.027,0.573272,FRAME,1713,17845,-505,-417,-308,-494,38
2026-07-02T20:14:40.027,0.573942,FRAME,1714,17846,-528,-431,-340,-474,38
2026-07-02T20:14:40.028,0.574826,FRAME,1715,17847,-548,-440,-343,-468,38
2026-07-02T20:14:40.029,0.575509,FRAME,1716,17848,-496,-405,-321,-454,38
2026-07-02T20:14:40.030,0.576203,FRAME,1717,17849,-512,-425,-343,-454,38
2026-07-02T20:14:40.030,0.576830,FRAME,1718,17850,-524,-481,-334,-525,38
2026-07-02T20:14:40.031,0.577482,FRAME,1719,17851,-481,-399,-291,-502,38
2026-07-02T20:14:40.031,0.578110,FRAME,1720,17852,-517,-464,-302,-484,38
2026-07-02T20:14:40.032,0.578768,FRAME,1721,17853,-512,-424,-298,-492,38
2026-07-02T20:14:40.033,0.579385,FRAME,1722,17854,-538,-457,-318,-485,38
2026-07-02T20:14:40.033,0.580019,FRAME,1723,17855,-510,-484,-351,-533,38
2026-07-02T20:14:40.034,0.580628,FRAME,1724,17856,-618,-467,-357,-517,38
2026-07-02T20:14:40.035,0.581226,FRAME,1725,17857,-566,-491,-342,-490,38
2026-07-02T20:14:40.035,0.581885,FRAME,1726,17858,-602,-475,-348,-477,38
2026-07-02T20:14:40.036,0.582534,FRAME,1727,17859,-572,-493,-319,-453,38
2026-07-02T20:14:40.036,0.583147,FRAME,1728,17860,-605,-511,-326,-496,38
2026-07-02T20:14:40.037,0.583825,FRAME,1729,17861,-592,-518,-362,-515,38
2026-07-02T20:14:40.038,0.584562,FRAME,1730,17862,-651,-500,-382,-480,38
2026-07-02T20:14:40.038,0.585175,FRAME,1731,17863,-609,-512,-392,-506,38
2026-07-02T20:14:40.039,0.585799,FRAME,1732,17864,-606,-537,-410,-493,38
2026-07-02T20:14:40.040,0.586453,FRAME,1733,17865,-574,-495,-387,-524,38
2026-07-02T20:14:40.040,0.587059,FRAME,1734,17866,-602,-492,-359,-508,38
2026-07-02T20:14:40.041,0.587713,FRAME,1735,17867,-592,-525,-306,-514,38
2026-07-02T20:14:40.042,0.588422,FRAME,1736,17868,-546,-487,-279,-487,38
2026-07-02T20:14:40.042,0.589059,FRAME,1737,17869,-509,-491,-305,-488,38
2026-07-02T20:14:40.043,0.589704,FRAME,1738,17870,-504,-458,-294,-498,38
2026-07-02T20:14:40.044,0.590924,FRAME,1739,17871,-499,-429,-271,-532,38
2026-07-02T20:14:40.045,0.591829,FRAME,1740,17872,-471,-379,-305,-470,38
2026-07-02T20:14:40.046,0.592765,FRAME,1741,17873,-487,-425,-320,-478,38
2026-07-02T20:14:40.047,0.593958,FRAME,1742,17874,-478,-427,-311,-472,38
2026-07-02T20:14:40.049,0.595218,FRAME,1743,17875,-443,-435,-277,-495,38
2026-07-02T20:14:40.049,0.596188,FRAME,1744,17876,-492,-461,-320,-465,38
2026-07-02T20:14:40.050,0.597143,FRAME,1745,17877,-537,-462,-310,-495,38
2026-07-02T20:14:40.051,0.597951,FRAME,1746,17878,-500,-442,-322,-464,38
2026-07-02T20:14:40.052,0.598961,FRAME,1747,17879,-559,-498,-319,-494,38
2026-07-02T20:14:40.053,0.599919,FRAME,1748,17880,-550,-443,-285,-495,38
2026-07-02T20:14:40.054,0.600962,FRAME,1749,17881,-536,-454,-301,-467,38
2026-07-02T20:14:40.055,0.601984,FRAME,1750,17882,-482,-428,-320,-515,38
2026-07-02T20:14:40.056,0.602937,FRAME,1751,17883,-570,-479,-288,-490,38
2026-07-02T20:14:40.057,0.603877,FRAME,1752,17884,-521,-442,-310,-491,38
2026-07-02T20:14:40.058,0.604807,FRAME,1753,17885,-443,-438,-308,-501,38
2026-07-02T20:14:40.059,0.605690,FRAME,1754,17886,-399,-468,-248,-492,38
2026-07-02T20:14:40.060,0.606612,FRAME,1755,17887,-389,-403,-277,-465,38
2026-07-02T20:14:40.061,0.607293,FRAME,1756,17888,-419,-447,-318,-469,38
2026-07-02T20:14:40.061,0.608050,FRAME,1757,17889,-411,-432,-273,-460,38
2026-07-02T20:14:40.063,0.609256,FRAME,1758,17890,-369,-419,-274,-462,38
2026-07-02T20:14:40.064,0.610306,FRAME,1759,17891,-405,-409,-236,-470,38
2026-07-02T20:14:40.065,0.611557,FRAME,1760,17892,-393,-416,-217,-407,38
2026-07-02T20:14:40.066,0.612500,FRAME,1761,17893,-360,-376,-213,-420,38
2026-07-02T20:14:40.067,0.613705,FRAME,1762,17894,-362,-397,-187,-403,38
2026-07-02T20:14:40.068,0.614732,FRAME,1763,17895,-342,-324,-170,-408,38
2026-07-02T20:14:40.069,0.615824,FRAME,1764,17896,-341,-298,-177,-382,38
2026-07-02T20:14:40.070,0.616780,FRAME,1765,17897,-306,-325,-160,-441,38
2026-07-02T20:14:40.071,0.617740,FRAME,1766,17898,-275,-287,-122,-399,38
2026-07-02T20:14:40.072,0.618399,FRAME,1767,17899,-261,-267,-113,-421,38
2026-07-02T20:14:40.073,0.619290,FRAME,1768,17900,-231,-238,-139,-411,38
2026-07-02T20:14:40.074,0.620227,FRAME,1769,17901,-207,-255,-120,-398,38
2026-07-02T20:14:40.074,0.621123,FRAME,1770,17902,-217,-203,-138,-381,38
2026-07-02T20:14:40.075,0.622055,FRAME,1771,17903,-224,-246,-136,-413,38
2026-07-02T20:14:40.076,0.622991,FRAME,1772,17904,-197,-199,-79,-398,37
2026-07-02T20:14:40.077,0.623891,FRAME,1773,17905,-188,-243,-93,-391,37
2026-07-02T20:14:40.078,0.625049,FRAME,1774,17906,-168,-235,-115,-379,38
2026-07-02T20:14:40.079,0.625835,FRAME,1775,17907,-185,-214,-77,-374,37
2026-07-02T20:14:40.080,0.626708,FRAME,1776,17908,-207,-175,-94,-361,37
2026-07-02T20:14:40.081,0.627439,FRAME,1777,17909,-200,-245,-77,-347,37
2026-07-02T20:14:40.082,0.628474,FRAME,1778,17910,-212,-167,-85,-387,37
2026-07-02T20:14:40.082,0.629167,FRAME,1779,17911,-229,-202,-119,-333,38
2026-07-02T20:14:40.084,0.630202,FRAME,1780,17912,-300,-242,-87,-362,37
2026-07-02T20:14:40.109,0.655899,FRAME,1781,17913,-292,-232,-108,-422,38
2026-07-02T20:14:40.110,0.657167,FRAME,1782,17914,-327,-290,-152,-410,38
2026-07-02T20:14:40.112,0.658401,FRAME,1783,17915,-365,-316,-126,-427,38
2026-07-02T20:14:40.113,0.659523,FRAME,1784,17916,-364,-309,-175,-441,38
2026-07-02T20:14:40.114,0.660423,FRAME,1785,17917,-364,-315,-157,-459,38
2026-07-02T20:14:40.115,0.661311,FRAME,1786,17918,-385,-311,-168,-463,38
2026-07-02T20:14:40.116,0.662252,FRAME,1787,17919,-352,-292,-171,-432,38
2026-07-02T20:14:40.116,0.663191,FRAME,1788,17920,-337,-259,-171,-444,38
2026-07-02T20:14:40.117,0.664141,FRAME,1789,17921,-316,-225,-154,-437,38
2026-07-02T20:14:40.118,0.665078,FRAME,1790,17922,-290,-264,-169,-439,38
2026-07-02T20:14:40.119,0.666019,FRAME,1791,17923,-313,-243,-173,-386,38
2026-07-02T20:14:40.120,0.666943,FRAME,1792,17924,-321,-237,-158,-438,38
2026-07-02T20:14:40.121,0.667889,FRAME,1793,17925,-334,-215,-185,-417,38
2026-07-02T20:14:40.122,0.668849,FRAME,1794,17926,-369,-247,-177,-383,38
2026-07-02T20:14:40.123,0.669743,FRAME,1795,17927,-311,-219,-129,-399,38
2026-07-02T20:14:40.124,0.670659,FRAME,1796,17928,-329,-238,-179,-441,38
2026-07-02T20:14:40.125,0.671595,FRAME,1797,17929,-287,-226,-180,-426,38
2026-07-02T20:14:40.126,0.672512,FRAME,1798,17930,-306,-243,-191,-422,38
2026-07-02T20:14:40.127,0.673467,FRAME,1799,17931,-306,-220,-199,-425,38
2026-07-02T20:14:40.128,0.674459,FRAME,1800,17932,-297,-282,-207,-427,38
2026-07-02T20:14:40.129,0.675537,FRAME,1801,17933,-314,-269,-226,-445,38
2026-07-02T20:14:40.130,0.676605,FRAME,1802,17934,-347,-266,-238,-477,38
2026-07-02T20:14:40.131,0.677531,FRAME,1803,17935,-369,-281,-224,-476,38
2026-07-02T20:14:40.132,0.678433,FRAME,1804,17936,-394,-351,-230,-494,38
2026-07-02T20:14:40.133,0.679367,FRAME,1805,17937,-377,-326,-241,-478,38
2026-07-02T20:14:40.134,0.680304,FRAME,1806,17938,-435,-347,-262,-483,38
2026-07-02T20:14:40.135,0.681209,FRAME,1807,17939,-411,-330,-284,-478,38
2026-07-02T20:14:40.135,0.682137,FRAME,1808,17940,-427,-374,-283,-494,38
2026-07-02T20:14:40.136,0.683085,FRAME,1809,17941,-450,-370,-270,-472,38
2026-07-02T20:14:40.138,0.684246,FRAME,1810,17942,-473,-396,-224,-490,38
2026-07-02T20:14:40.139,0.685595,FRAME,1811,17943,-452,-349,-257,-494,38
2026-07-02T20:14:40.140,0.686267,FRAME,1812,17944,-474,-400,-253,-481,38
2026-07-02T20:14:40.140,0.687081,FRAME,1813,17945,-438,-362,-250,-471,38
2026-07-02T20:14:40.141,0.688157,FRAME,1814,17946,-457,-364,-301,-465,38
2026-07-02T20:14:40.142,0.689167,FRAME,1815,17947,-441,-368,-298,-494,38
2026-07-02T20:14:40.144,0.690614,FRAME,1816,17948,-461,-385,-279,-502,38
2026-07-02T20:14:40.145,0.691663,FRAME,1817,17949,-472,-374,-289,-514,38
2026-07-02T20:14:40.146,0.692761,FRAME,1818,17950,-498,-413,-333,-473,38
2026-07-02T20:14:40.147,0.693898,FRAME,1819,17951,-491,-385,-324,-528,38
2026-07-02T20:14:40.148,0.694957,FRAME,1820,17952,-506,-451,-305,-514,38
2026-07-02T20:14:40.149,0.696038,FRAME,1821,17953,-494,-443,-303,-496,38
2026-07-02T20:14:40.150,0.697055,FRAME,1822,17954,-511,-479,-316,-527,38
2026-07-02T20:14:40.152,0.698276,FRAME,1823,17955,-532,-430,-321,-519,38
2026-07-02T20:14:40.153,0.699558,FRAME,1824,17956,-545,-454,-296,-476,38
2026-07-02T20:14:40.154,0.700836,FRAME,1825,17957,-567,-448,-264,-489,38
2026-07-02T20:14:40.155,0.701972,FRAME,1826,17958,-551,-437,-290,-483,38
2026-07-02T20:14:40.156,0.703044,FRAME,1827,17959,-467,-382,-235,-496,38
2026-07-02T20:14:40.157,0.703962,FRAME,1828,17960,-469,-390,-234,-455,38
2026-07-02T20:14:40.158,0.704756,FRAME,1829,17961,-432,-339,-215,-422,38
2026-07-02T20:14:40.159,0.705899,FRAME,1830,17962,-432,-351,-230,-452,38
2026-07-02T20:14:40.160,0.707081,FRAME,1831,17963,-406,-326,-152,-474,38
2026-07-02T20:14:40.162,0.708529,FRAME,1832,17964,-417,-330,-171,-485,38
2026-07-02T20:14:40.163,0.709452,FRAME,1833,17965,-441,-338,-210,-468,38
2026-07-02T20:14:40.163,0.710115,FRAME,1834,17966,-404,-351,-216,-475,38
2026-07-02T20:14:40.164,0.710757,FRAME,1835,17967,-430,-342,-193,-514,38
2026-07-02T20:14:40.165,0.711370,FRAME,1836,17968,-442,-340,-236,-515,38
2026-07-02T20:14:40.165,0.712192,FRAME,1837,17969,-443,-312,-231,-520,38
2026-07-02T20:14:40.166,0.712841,FRAME,1838,17970,-459,-363,-231,-483,38
2026-07-02T20:14:40.167,0.713584,FRAME,1839,17971,-437,-330,-237,-503,38
2026-07-02T20:14:40.168,0.714483,FRAME,1840,17972,-426,-364,-229,-473,38
2026-07-02T20:14:40.169,0.715245,FRAME,1841,17973,-440,-363,-225,-483,38
2026-07-02T20:14:40.169,0.716175,FRAME,1842,17974,-463,-388,-192,-451,38
2026-07-02T20:14:40.170,0.717060,FRAME,1843,17975,-468,-373,-196,-460,38
2026-07-02T20:14:40.171,0.717846,FRAME,1844,17976,-448,-332,-203,-451,38
2026-07-02T20:14:40.172,0.718768,FRAME,1845,17977,-450,-380,-246,-446,38
2026-07-02T20:14:40.173,0.719478,FRAME,1846,17978,-427,-346,-210,-430,38
2026-07-02T20:14:40.174,0.720305,FRAME,1847,17979,-434,-335,-198,-423,38
2026-07-02T20:14:40.174,0.721123,FRAME,1848,17980,-380,-373,-197,-404,38
2026-07-02T20:14:40.175,0.721776,FRAME,1849,17981,-423,-339,-198,-462,38
2026-07-02T20:14:40.176,0.722497,FRAME,1850,17982,-412,-291,-173,-446,38
2026-07-02T20:14:40.177,0.723269,FRAME,1851,17983,-440,-304,-182,-450,38
2026-07-02T20:14:40.177,0.723907,FRAME,1852,17984,-311,-259,-173,-422,38
2026-07-02T20:14:40.178,0.724559,FRAME,1853,17985,-291,-270,-118,-453,38
2026-07-02T20:14:40.179,0.725378,FRAME,1854,17986,-282,-247,-142,-429,38
2026-07-02T20:14:40.179,0.726127,FRAME,1855,17987,-294,-267,-106,-443,38
2026-07-02T20:14:40.180,0.726764,FRAME,1856,17988,-256,-243,-132,-391,38
2026-07-02T20:14:40.181,0.727343,FRAME,1857,17989,-242,-207,-75,-423,37
2026-07-02T20:14:40.181,0.727954,FRAME,1858,17990,-238,-230,-76,-413,37
2026-07-02T20:14:40.182,0.728540,FRAME,1859,17991,-239,-206,-51,-390,37
2026-07-02T20:14:40.182,0.729124,FRAME,1860,17992,-180,-185,-50,-384,37
2026-07-02T20:14:40.183,0.729730,FRAME,1861,17993,-169,-186,-38,-349,37
2026-07-02T20:14:40.184,0.730309,FRAME,1862,17994,-140,-166,-48,-390,37
2026-07-02T20:14:40.184,0.730904,FRAME,1863,17995,-144,-144,-36,-370,37
2026-07-02T20:14:40.185,0.731492,FRAME,1864,17996,-175,-179,-29,-388,37
2026-07-02T20:14:40.185,0.732080,FRAME,1865,17997,-139,-143,-25,-382,37
2026-07-02T20:14:40.186,0.732697,FRAME,1866,17998,-106,-166,-52,-403,37
2026-07-02T20:14:40.187,0.733272,FRAME,1867,17999,-118,-114,-57,-388,37
2026-07-02T20:14:40.187,0.733854,FRAME,1868,18000,-39,-118,-45,-408,36
2026-07-02T20:14:40.188,0.734444,FRAME,1869,18001,-76,-122,-37,-388,36
2026-07-02T20:14:40.188,0.735014,FRAME,1870,18002,-72,-108,-63,-370,36
2026-07-02T20:14:40.189,0.735585,FRAME,1871,18003,-61,-142,-60,-403,36
2026-07-02T20:14:40.189,0.736172,FRAME,1872,18004,-102,-133,-60,-402,37
2026-07-02T20:14:40.190,0.736755,FRAME,1873,18005,-48,-108,-75,-369,36
2026-07-02T20:14:40.191,0.737312,FRAME,1874,18006,-70,-113,-28,-342,36
2026-07-02T20:14:40.191,0.737874,FRAME,1875,18007,-76,-99,-76,-327,35
2026-07-02T20:14:40.192,0.738445,FRAME,1876,18008,-54,-113,-32,-379,36
2026-07-02T20:14:40.192,0.739026,FRAME,1877,18009,-106,-97,-54,-353,36
2026-07-02T20:14:40.193,0.739624,FRAME,1878,18010,-69,-156,-49,-351,36
2026-07-02T20:14:40.193,0.740194,FRAME,1879,18011,-77,-126,-90,-362,36
2026-07-02T20:14:40.194,0.740787,FRAME,1880,18012,-40,-104,-80,-374,36
2026-07-02T20:14:40.195,0.741369,FRAME,1881,18013,-67,-101,-65,-382,36
2026-07-02T20:14:40.195,0.742014,FRAME,1882,18014,-86,-121,-80,-394,36
2026-07-02T20:14:40.196,0.742743,FRAME,1883,18015,-112,-155,-142,-386,38
2026-07-02T20:14:40.197,0.743334,FRAME,1884,18016,-116,-183,-110,-428,38
2026-07-02T20:14:40.197,0.743921,FRAME,1885,18017,-98,-194,-92,-424,36
2026-07-02T20:14:40.198,0.744519,FRAME,1886,18018,-115,-190,-174,-418,38
2026-07-02T20:14:40.198,0.745126,FRAME,1887,18019,-154,-206,-142,-460,38
2026-07-02T20:14:40.199,0.745739,FRAME,1888,18020,-189,-215,-159,-455,38
2026-07-02T20:14:40.218,0.764623,FRAME,1889,18021,-206,-210,-206,-404,38
2026-07-02T20:14:40.219,0.765677,FRAME,1890,18022,-249,-232,-164,-434,38
2026-07-02T20:14:40.220,0.766645,FRAME,1891,18023,-261,-247,-202,-447,38
2026-07-02T20:14:40.221,0.767582,FRAME,1892,18024,-280,-235,-213,-445,38
2026-07-02T20:14:40.222,0.768470,FRAME,1893,18025,-307,-251,-193,-445,38
2026-07-02T20:14:40.223,0.769357,FRAME,1894,18026,-332,-243,-236,-453,38
2026-07-02T20:14:40.223,0.770163,FRAME,1895,18027,-311,-307,-234,-491,38
2026-07-02T20:14:40.224,0.770981,FRAME,1896,18028,-330,-307,-244,-435,38
2026-07-02T20:14:40.225,0.771859,FRAME,1897,18029,-364,-303,-230,-479,38
2026-07-02T20:14:40.226,0.772739,FRAME,1898,18030,-415,-322,-272,-445,38
2026-07-02T20:14:40.227,0.773634,FRAME,1899,18031,-388,-380,-275,-531,38
2026-07-02T20:14:40.228,0.774542,FRAME,1900,18032,-439,-392,-277,-497,38
2026-07-02T20:14:40.229,0.775460,FRAME,1901,18033,-477,-354,-298,-547,38
2026-07-02T20:14:40.230,0.776300,FRAME,1902,18034,-474,-397,-369,-501,38
2026-07-02T20:14:40.231,0.777204,FRAME,1903,18035,-421,-413,-335,-507,38
2026-07-02T20:14:40.231,0.778121,FRAME,1904,18036,-408,-432,-316,-559,38
2026-07-02T20:14:40.232,0.778918,FRAME,1905,18037,-503,-442,-346,-531,38
2026-07-02T20:14:40.233,0.779529,FRAME,1906,18038,-496,-478,-386,-513,38
2026-07-02T20:14:40.234,0.780458,FRAME,1907,18039,-523,-427,-390,-535,38
2026-07-02T20:14:40.235,0.781439,FRAME,1908,18040,-512,-403,-414,-543,38
2026-07-02T20:14:40.236,0.782347,FRAME,1909,18041,-495,-481,-394,-553,38
2026-07-02T20:14:40.237,0.783244,FRAME,1910,18042,-510,-448,-413,-500,38
2026-07-02T20:14:40.237,0.784154,FRAME,1911,18043,-519,-449,-417,-506,38
2026-07-02T20:14:40.238,0.785076,FRAME,1912,18044,-513,-461,-394,-550,38
2026-07-02T20:14:40.239,0.786039,FRAME,1913,18045,-521,-432,-423,-552,38
2026-07-02T20:14:40.240,0.787024,FRAME,1914,18046,-534,-432,-392,-542,38
2026-07-02T20:14:40.241,0.787715,FRAME,1915,18047,-523,-471,-383,-547,38
2026-07-02T20:14:40.242,0.788449,FRAME,1916,18048,-547,-496,-429,-568,38
2026-07-02T20:14:40.243,0.789199,FRAME,1917,18049,-536,-430,-408,-503,38
2026-07-02T20:14:40.243,0.789918,FRAME,1918,18050,-481,-464,-419,-560,38
2026-07-02T20:14:40.244,0.790822,FRAME,1919,18051,-502,-445,-372,-553,38
2026-07-02T20:14:40.245,0.791721,FRAME,1920,18052,-413,-429,-426,-531,38
2026-07-02T20:14:40.246,0.792460,FRAME,1921,18053,-393,-381,-356,-542,38
2026-07-02T20:14:40.246,0.793178,FRAME,1922,18054,-369,-370,-366,-527,38
2026-07-02T20:14:40.247,0.793906,FRAME,1923,18055,-385,-353,-350,-540,38
2026-07-02T20:14:40.248,0.794620,FRAME,1924,18056,-369,-325,-286,-515,38
2026-07-02T20:14:40.249,0.795350,FRAME,1925,18057,-337,-361,-315,-516,38
2026-07-02T20:14:40.249,0.796129,FRAME,1926,18058,-359,-371,-342,-519,38
2026-07-02T20:14:40.250,0.797093,FRAME,1927,18059,-388,-350,-376,-475,38
2026-07-02T20:14:40.251,0.798042,FRAME,1928,18060,-359,-327,-355,-470,38
2026-07-02T20:14:40.252,0.798777,FRAME,1929,18061,-399,-366,-325,-513,38
2026-07-02T20:14:40.253,0.799495,FRAME,1930,18062,-393,-351,-321,-490,38
2026-07-02T20:14:40.254,0.800216,FRAME,1931,18063,-405,-392,-338,-473,38
2026-07-02T20:14:40.254,0.800930,FRAME,1932,18064,-428,-389,-311,-508,38
2026-07-02T20:14:40.255,0.801665,FRAME,1933,18065,-406,-370,-371,-501,38
2026-07-02T20:14:40.256,0.802533,FRAME,1934,18066,-385,-376,-309,-501,38
2026-07-02T20:14:40.257,0.803282,FRAME,1935,18067,-388,-288,-323,-518,38
2026-07-02T20:14:40.257,0.804023,FRAME,1936,18068,-329,-345,-295,-494,38
2026-07-02T20:14:40.258,0.804744,FRAME,1937,18069,-340,-314,-315,-525,38
2026-07-02T20:14:40.259,0.805460,FRAME,1938,18070,-356,-302,-281,-503,38
2026-07-02T20:14:40.259,0.806190,FRAME,1939,18071,-342,-298,-339,-491,38
2026-07-02T20:14:40.260,0.807036,FRAME,1940,18072,-340,-278,-308,-468,38
2026-07-02T20:14:40.261,0.807766,FRAME,1941,18073,-341,-323,-290,-470,38
2026-07-02T20:14:40.262,0.808626,FRAME,1942,18074,-318,-302,-292,-483,38
2026-07-02T20:14:40.263,0.809428,FRAME,1943,18075,-338,-256,-258,-482,38
2026-07-02T20:14:40.264,0.810279,FRAME,1944,18076,-310,-276,-268,-483,38
2026-07-02T20:14:40.264,0.811004,FRAME,1945,18077,-268,-236,-204,-447,38
2026-07-02T20:14:40.265,0.811727,FRAME,1946,18078,-241,-255,-223,-392,38
2026-07-02T20:14:40.266,0.812436,FRAME,1947,18079,-180,-235,-184,-436,38
2026-07-02T20:14:40.266,0.813145,FRAME,1948,18080,-147,-172,-191,-434,38
2026-07-02T20:14:40.267,0.813859,FRAME,1949,18081,-82,-160,-148,-413,37
2026-07-02T20:14:40.268,0.814712,FRAME,1950,18082,-82,-136,-149,-451,37
2026-07-02T20:14:40.269,0.815458,FRAME,1951,18083,-85,-161,-107,-399,37
2026-07-02T20:14:40.269,0.816153,FRAME,1952,18084,11,-125,-108,-400,36
2026-07-02T20:14:40.270,0.816848,FRAME,1953,18085,52,-158,-89,-409,35
2026-07-02T20:14:40.271,0.817544,FRAME,1954,18086,58,-102,-73,-388,35
2026-07-02T20:14:40.272,0.818203,FRAME,1955,18087,73,-55,-95,-375,34
2026-07-02T20:14:40.272,0.818865,FRAME,1956,18088,83,-37,-73,-430,34
2026-07-02T20:14:40.273,0.819517,FRAME,1957,18089,24,-64,-88,-401,34
2026-07-02T20:14:40.274,0.820316,FRAME,1958,18090,56,-40,-106,-425,35
2026-07-02T20:14:40.274,0.820988,FRAME,1959,18091,19,-45,-91,-393,34
2026-07-02T20:14:40.275,0.821694,FRAME,1960,18092,118,-67,-71,-359,35
2026-07-02T20:14:40.276,0.822380,FRAME,1961,18093,114,-37,-71,-437,35
2026-07-02T20:14:40.276,0.823062,FRAME,1962,18094,133,-56,-88,-357,35
2026-07-02T20:14:40.277,0.823746,FRAME,1963,18095,98,-17,-40,-374,34
2026-07-02T20:14:40.278,0.824413,FRAME,1964,18096,144,-64,-24,-363,35
2026-07-02T20:14:40.278,0.825114,FRAME,1965,18097,111,-26,-29,-397,35
2026-07-02T20:14:40.279,0.825964,FRAME,1966,18098,132,-22,-47,-354,35
2026-07-02T20:14:40.280,0.826669,FRAME,1967,18099,104,-65,-53,-389,35
2026-07-02T20:14:40.281,0.827312,FRAME,1968,18100,128,-36,-18,-391,35
2026-07-02T20:14:40.281,0.827982,FRAME,1969,18101,78,-49,-52,-403,34
2026-07-02T20:14:40.282,0.828663,FRAME,1970,18102,93,-37,-73,-463,34
2026-07-02T20:14:40.283,0.829307,FRAME,1971,18103,68,-81,-121,-395,35
2026-07-02T20:14:40.283,0.829951,FRAME,1972,18104,0,-117,-94,-395,34
2026-07-02T20:14:40.284,0.830672,FRAME,1973,18105,22,-165,-111,-393,36
2026-07-02T20:14:40.285,0.831491,FRAME,1974,18106,-33,-198,-121,-450,37
2026-07-02T20:14:40.286,0.832218,FRAME,1975,18107,-53,-175,-196,-421,37
2026-07-02T20:14:40.286,0.832933,FRAME,1976,18108,-129,-150,-166,-392,38
2026-07-02T20:14:40.287,0.833636,FRAME,1977,18109,-128,-196,-188,-409,38
2026-07-02T20:14:40.288,0.834409,FRAME,1978,18110,-170,-234,-205,-469,38
2026-07-02T20:14:40.288,0.835145,FRAME,1979,18111,-149,-193,-196,-445,38
2026-07-02T20:14:40.289,0.835895,FRAME,1980,18112,-171,-217,-225,-438,38
2026-07-02T20:14:40.290,0.836743,FRAME,1981,18113,-256,-207,-211,-431,38
2026-07-02T20:14:40.291,0.837503,FRAME,1982,18114,-196,-263,-263,-422,38
2026-07-02T20:14:40.292,0.838207,FRAME,1983,18115,-230,-236,-273,-483,38
2026-07-02T20:14:40.292,0.838922,FRAME,1984,18116,-222,-287,-244,-474,38
2026-07-02T20:14:40.293,0.839641,FRAME,1985,18117,-234,-270,-266,-481,38
2026-07-02T20:14:40.294,0.840352,FRAME,1986,18118,-257,-283,-256,-496,38
2026-07-02T20:14:40.295,0.841528,FRAME,1987,18119,-275,-298,-262,-486,38
2026-07-02T20:14:40.296,0.842575,FRAME,1988,18120,-288,-310,-294,-521,38
2026-07-02T20:14:40.297,0.843539,FRAME,1989,18121,-338,-350,-279,-516,38
2026-07-02T20:14:40.298,0.844482,FRAME,1990,18122,-295,-354,-235,-470,38
2026-07-02T20:14:40.299,0.845458,FRAME,1991,18123,-353,-335,-260,-502,38
2026-07-02T20:14:40.300,0.846405,FRAME,1992,18124,-325,-275,-259,-457,38
2026-07-02T20:14:40.301,0.847291,FRAME,1993,18125,-351,-355,-274,-453,38
2026-07-02T20:14:40.302,0.848217,FRAME,1994,18126,-373,-355,-296,-484,38
2026-07-02T20:14:40.302,0.849167,FRAME,1995,18127,-377,-329,-309,-518,38
2026-07-02T20:14:40.303,0.850098,FRAME,1996,18128,-383,-394,-297,-474,38
2026-07-02T20:14:40.304,0.851045,FRAME,1997,18129,-391,-340,-265,-490,38
2026-07-02T20:14:40.325,0.871583,FRAME,1998,18130,-363,-313,-254,-478,38
2026-07-02T20:14:40.326,0.872686,FRAME,1999,18131,-369,-302,-223,-450,38
2026-07-02T20:14:40.327,0.873364,FRAME,2000,18132,-313,-235,-229,-476,38
2026-07-02T20:14:40.327,0.874054,FRAME,2001,18133,-257,-284,-231,-502,38
2026-07-02T20:14:40.328,0.874751,FRAME,2002,18134,-249,-224,-189,-458,38
2026-07-02T20:14:40.329,0.875566,FRAME,2003,18135,-228,-229,-200,-514,38
2026-07-02T20:14:40.330,0.876253,FRAME,2004,18136,-213,-204,-184,-474,38
2026-07-02T20:14:40.330,0.876951,FRAME,2005,18137,-199,-193,-221,-461,38
2026-07-02T20:14:40.331,0.877587,FRAME,2006,18138,-254,-213,-236,-508,38
2026-07-02T20:14:40.332,0.878381,FRAME,2007,18139,-297,-243,-263,-510,38
2026-07-02T20:14:40.332,0.879008,FRAME,2008,18140,-320,-242,-224,-488,38
2026-07-02T20:14:40.333,0.879620,FRAME,2009,18141,-325,-237,-222,-482,38
2026-07-02T20:14:40.334,0.880365,FRAME,2010,18142,-331,-255,-289,-496,38
2026-07-02T20:14:40.334,0.881098,FRAME,2011,18143,-335,-251,-252,-473,38
2026-07-02T20:14:40.335,0.881741,FRAME,2012,18144,-379,-283,-240,-505,38
2026-07-02T20:14:40.336,0.882388,FRAME,2013,18145,-418,-299,-277,-453,38
2026-07-02T20:14:40.336,0.883006,FRAME,2014,18146,-375,-295,-188,-472,38
2026-07-02T20:14:40.337,0.883613,FRAME,2015,18147,-354,-273,-197,-456,38
2026-07-02T20:14:40.338,0.884267,FRAME,2016,18148,-388,-300,-223,-440,38
2026-07-02T20:14:40.338,0.885015,FRAME,2017,18149,-355,-268,-211,-484,38
2026-07-02T20:14:40.339,0.885643,FRAME,2018,18150,-354,-240,-206,-478,38
2026-07-02T20:14:40.340,0.886537,FRAME,2019,18151,-311,-212,-220,-468,38
2026-07-02T20:14:40.341,0.887214,FRAME,2020,18152,-315,-213,-221,-503,38
2026-07-02T20:14:40.341,0.887886,FRAME,2021,18153,-277,-249,-216,-492,38
2026-07-02T20:14:40.342,0.888523,FRAME,2022,18154,-297,-246,-213,-502,38
2026-07-02T20:14:40.343,0.889377,FRAME,2023,18155,-263,-229,-234,-456,38
2026-07-02T20:14:40.343,0.890000,FRAME,2024,18156,-294,-222,-181,-474,38
2026-07-02T20:14:40.344,0.890615,FRAME,2025,18157,-278,-261,-204,-471,38
2026-07-02T20:14:40.345,0.891222,FRAME,2026,18158,-270,-246,-198,-487,38
2026-07-02T20:14:40.345,0.891868,FRAME,2027,18159,-298,-239,-212,-472,38
2026-07-02T20:14:40.346,0.892632,FRAME,2028,18160,-306,-302,-222,-438,38
2026-07-02T20:14:40.347,0.893244,FRAME,2029,18161,-252,-245,-186,-479,38
2026-07-02T20:14:40.347,0.893864,FRAME,2030,18162,-252,-192,-161,-447,38
2026-07-02T20:14:40.348,0.894464,FRAME,2031,18163,-271,-240,-200,-447,38
2026-07-02T20:14:40.348,0.895066,FRAME,2032,18164,-213,-179,-195,-476,38
2026-07-02T20:14:40.349,0.895673,FRAME,2033,18165,-187,-204,-202,-432,38
2026-07-02T20:14:40.350,0.896262,FRAME,2034,18166,-187,-191,-190,-472,38
2026-07-02T20:14:40.350,0.896874,FRAME,2035,18167,-160,-167,-154,-464,38
2026-07-02T20:14:40.351,0.897484,FRAME,2036,18168,-122,-181,-144,-465,38
2026-07-02T20:14:40.352,0.898368,FRAME,2037,18169,-163,-186,-155,-460,38
2026-07-02T20:14:40.352,0.899119,FRAME,2038,18170,-188,-189,-176,-476,38
2026-07-02T20:14:40.353,0.899781,FRAME,2039,18171,-170,-166,-170,-462,38
2026-07-02T20:14:40.354,0.900418,FRAME,2040,18172,-158,-172,-151,-447,38
2026-07-02T20:14:40.355,0.901215,FRAME,2041,18173,-173,-122,-113,-450,38
2026-07-02T20:14:40.355,0.901863,FRAME,2042,18174,-147,-156,-124,-420,38
2026-07-02T20:14:40.356,0.902463,FRAME,2043,18175,-195,-202,-157,-457,38
2026-07-02T20:14:40.356,0.903059,FRAME,2044,18176,-167,-186,-171,-430,38
2026-07-02T20:14:40.357,0.903681,FRAME,2045,18177,-171,-187,-169,-431,38
2026-07-02T20:14:40.358,0.904263,FRAME,2046,18178,-139,-208,-156,-433,38
2026-07-02T20:14:40.358,0.904871,FRAME,2047,18179,-162,-166,-166,-434,38
2026-07-02T20:14:40.359,0.905478,FRAME,2048,18180,-176,-156,-151,-436,38
2026-07-02T20:14:40.360,0.906212,FRAME,2049,18181,-143,-196,-165,-458,38
2026-07-02T20:14:40.360,0.906845,FRAME,2050,18182,-139,-207,-199,-450,38
2026-07-02T20:14:40.361,0.907531,FRAME,2051,18183,-151,-214,-180,-444,38
2026-07-02T20:14:40.362,0.908212,FRAME,2052,18184,-192,-193,-207,-487,38
2026-07-02T20:14:40.362,0.908870,FRAME,2053,18185,-187,-212,-259,-465,38
2026-07-02T20:14:40.363,0.909484,FRAME,2054,18186,-193,-240,-206,-529,38
2026-07-02T20:14:40.363,0.910163,FRAME,2055,18187,-243,-216,-217,-442,38
2026-07-02T20:14:40.364,0.910915,FRAME,2056,18188,-271,-244,-212,-498,38
2026-07-02T20:14:40.365,0.911516,FRAME,2057,18189,-276,-253,-277,-485,38
2026-07-02T20:14:40.365,0.912117,FRAME,2058,18190,-286,-283,-238,-515,38
2026-07-02T20:14:40.366,0.912742,FRAME,2059,18191,-293,-287,-270,-472,38
2026-07-02T20:14:40.367,0.913332,FRAME,2060,18192,-297,-293,-257,-513,38
2026-07-02T20:14:40.367,0.913957,FRAME,2061,18193,-296,-295,-286,-493,38
2026-07-02T20:14:40.368,0.914856,FRAME,2062,18194,-328,-301,-265,-514,38
2026-07-02T20:14:40.369,0.915616,FRAME,2063,18195,-347,-329,-267,-485,38
2026-07-02T20:14:40.370,0.916262,FRAME,2064,18196,-349,-294,-271,-516,38
2026-07-02T20:14:40.370,0.916919,FRAME,2065,18197,-340,-362,-266,-505,38
2026-07-02T20:14:40.371,0.917760,FRAME,2066,18198,-372,-328,-306,-530,38
2026-07-02T20:14:40.372,0.918357,FRAME,2067,18199,-357,-334,-285,-515,38
2026-07-02T20:14:40.373,0.919395,FRAME,2068,18200,-341,-331,-252,-529,38
2026-07-02T20:14:40.373,0.920015,FRAME,2069,18201,-312,-326,-262,-482,38
2026-07-02T20:14:40.374,0.920918,FRAME,2070,18202,-322,-310,-259,-534,38
2026-07-02T20:14:40.375,0.921839,FRAME,2071,18203,-314,-387,-298,-483,38
2026-07-02T20:14:40.376,0.922763,FRAME,2072,18204,-326,-351,-306,-516,38
2026-07-02T20:14:40.377,0.923707,FRAME,2073,18205,-351,-356,-331,-531,38
2026-07-02T20:14:40.378,0.924939,FRAME,2074,18206,-430,-403,-359,-524,38
2026-07-02T20:14:40.379,0.926018,FRAME,2075,18207,-408,-370,-276,-514,38
2026-07-02T20:14:40.380,0.926908,FRAME,2076,18208,-391,-362,-226,-481,38
2026-07-02T20:14:40.381,0.927842,FRAME,2077,18209,-356,-353,-275,-516,38
2026-07-02T20:14:40.382,0.928768,FRAME,2078,18210,-346,-299,-233,-477,38
2026-07-02T20:14:40.383,0.929708,FRAME,2079,18211,-321,-295,-228,-457,38
2026-07-02T20:14:40.384,0.930587,FRAME,2080,18212,-292,-301,-182,-468,38
2026-07-02T20:14:40.385,0.931645,FRAME,2081,18213,-269,-236,-187,-419,38
2026-07-02T20:14:40.386,0.932553,FRAME,2082,18214,-231,-233,-213,-477,38
2026-07-02T20:14:40.387,0.933419,FRAME,2083,18215,-302,-253,-189,-508,38
2026-07-02T20:14:40.388,0.934319,FRAME,2084,18216,-258,-299,-210,-509,38
2026-07-02T20:14:40.388,0.935014,FRAME,2085,18217,-275,-313,-216,-482,38
2026-07-02T20:14:40.389,0.935745,FRAME,2086,18218,-216,-262,-215,-495,38
2026-07-02T20:14:40.390,0.936927,FRAME,2087,18219,-244,-265,-189,-504,38
2026-07-02T20:14:40.391,0.938092,FRAME,2088,18220,-279,-308,-213,-464,38
2026-07-02T20:14:40.392,0.939161,FRAME,2089,18221,-259,-322,-216,-485,38
2026-07-02T20:14:40.394,0.940244,FRAME,2090,18222,-305,-289,-247,-519,38
2026-07-02T20:14:40.395,0.941461,FRAME,2091,18223,-299,-298,-259,-509,38
2026-07-02T20:14:40.396,0.942525,FRAME,2092,18224,-268,-275,-266,-528,38
2026-07-02T20:14:40.397,0.943572,FRAME,2093,18225,-250,-243,-238,-486,38
2026-07-02T20:14:40.398,0.944507,FRAME,2094,18226,-265,-256,-219,-477,38
2026-07-02T20:14:40.399,0.945496,FRAME,2095,18227,-272,-253,-215,-522,38
2026-07-02T20:14:40.400,0.946368,FRAME,2096,18228,-300,-204,-207,-466,38
2026-07-02T20:14:40.401,0.947275,FRAME,2097,18229,-266,-243,-208,-483,38
2026-07-02T20:14:40.401,0.948142,FRAME,2098,18230,-273,-167,-188,-444,38
2026-07-02T20:14:40.402,0.949110,FRAME,2099,18231,-207,-216,-190,-498,38
2026-07-02T20:14:40.403,0.950097,FRAME,2100,18232,-196,-177,-148,-499,38
2026-07-02T20:14:40.404,0.950745,FRAME,2101,18233,-183,-178,-147,-487,38
2026-07-02T20:14:40.405,0.951458,FRAME,2102,18234,-125,-185,-137,-470,38
2026-07-02T20:14:40.405,0.952063,FRAME,2103,18235,-73,-195,-125,-466,37
2026-07-02T20:14:40.406,0.952658,FRAME,2104,18236,-80,-140,-126,-447,37
2026-07-02T20:14:40.435,0.981551,FRAME,2105,18237,-44,-106,-82,-440,36
2026-07-02T20:14:40.436,0.982260,FRAME,2106,18238,9,-117,-107,-427,35
2026-07-02T20:14:40.436,0.982896,FRAME,2107,18239,-2,-97,-96,-424,34
2026-07-02T20:14:40.437,0.983510,FRAME,2108,18240,14,-65,-66,-402,34
2026-07-02T20:14:40.437,0.984138,FRAME,2109,18241,-10,-137,-56,-400,36
2026-07-02T20:14:40.438,0.984697,FRAME,2110,18242,30,-95,-19,-392,34
2026-07-02T20:14:40.439,0.985227,FRAME,2111,18243,37,-39,-35,-378,34
2026-07-02T20:14:40.439,0.985757,FRAME,2112,18244,23,-54,8,-375,32
2026-07-02T20:14:40.440,0.986326,FRAME,2113,18245,105,-25,-7,-369,34
2026-07-02T20:14:40.440,0.986916,FRAME,2114,18246,66,-7,-3,-382,32
2026-07-02T20:14:40.441,0.987465,FRAME,2115,18247,90,-18,-18,-381,34
2026-07-02T20:14:40.441,0.987995,FRAME,2116,18248,92,15,42,-368,32
2026-07-02T20:14:40.442,0.988535,FRAME,2117,18249,108,56,-5,-420,33
2026-07-02T20:14:40.442,0.989070,FRAME,2118,18250,118,25,10,-393,33
2026-07-02T20:14:40.443,0.989604,FRAME,2119,18251,191,44,-4,-446,33
2026-07-02T20:14:40.443,0.990140,FRAME,2120,18252,164,32,-9,-357,33
2026-07-02T20:14:40.444,0.990680,FRAME,2121,18253,117,66,36,-369,33
2026-07-02T20:14:40.445,0.991200,FRAME,2122,18254,158,21,29,-399,33
2026-07-02T20:14:40.445,0.991831,FRAME,2123,18255,135,37,16,-383,33
2026-07-02T20:14:40.446,0.992414,FRAME,2124,18256,79,58,-4,-370,32
2026-07-02T20:14:40.446,0.992944,FRAME,2125,18257,121,11,1,-371,32
2026-07-02T20:14:40.447,0.993500,FRAME,2126,18258,96,9,-1,-385,31
2026-07-02T20:14:40.447,0.994173,FRAME,2127,18259,42,-39,-57,-393,34
2026-07-02T20:14:40.448,0.994748,FRAME,2128,18260,20,-40,-7,-394,33
2026-07-02T20:14:40.449,0.995303,FRAME,2129,18261,-42,-73,-64,-385,35
2026-07-02T20:14:40.449,0.995875,FRAME,2130,18262,-26,-41,-61,-405,35
2026-07-02T20:14:40.450,0.996432,FRAME,2131,18263,-30,-81,-69,-431,35
2026-07-02T20:14:40.450,0.997011,FRAME,2132,18264,-24,-126,-67,-405,36
2026-07-02T20:14:40.451,0.997584,FRAME,2133,18265,-62,-136,-93,-447,36
2026-07-02T20:14:40.452,0.998717,FRAME,2134,18266,-87,-120,-111,-433,37
2026-07-02T20:14:40.453,0.999360,FRAME,2135,18267,-65,-136,-90,-427,36
2026-07-02T20:14:40.454,1.000242,FRAME,2136,18268,-33,-134,-115,-445,37
2026-07-02T20:14:40.454,1.001122,FRAME,2137,18269,-65,-149,-115,-426,37
2026-07-02T20:14:40.455,1.001987,FRAME,2138,18270,-90,-166,-122,-444,37
2026-07-02T20:14:40.456,1.002894,FRAME,2139,18271,-148,-205,-143,-409,38
2026-07-02T20:14:40.457,1.003790,FRAME,2140,18272,-180,-198,-157,-475,38
2026-07-02T20:14:40.458,1.004731,FRAME,2141,18273,-143,-162,-128,-448,38
2026-07-02T20:14:40.459,1.005683,FRAME,2142,18274,-203,-197,-168,-446,38
2026-07-02T20:14:40.460,1.006444,FRAME,2143,18275,-205,-201,-156,-439,38
2026-07-02T20:14:40.461,1.007355,FRAME,2144,18276,-217,-208,-158,-433,38
2026-07-02T20:14:40.462,1.008316,FRAME,2145,18277,-216,-245,-179,-471,38
2026-07-02T20:14:40.463,1.010127,FRAME,2146,18278,-247,-233,-170,-475,38
2026-07-02T20:14:40.465,1.011260,FRAME,2147,18279,-258,-266,-203,-471,38
2026-07-02T20:14:40.466,1.012487,FRAME,2148,18280,-274,-210,-173,-465,38
2026-07-02T20:14:40.467,1.013743,FRAME,2149,18281,-255,-231,-166,-456,38
2026-07-02T20:14:40.468,1.014776,FRAME,2150,18282,-248,-255,-129,-494,38
2026-07-02T20:14:40.469,1.015780,FRAME,2151,18283,-248,-269,-195,-482,38
2026-07-02T20:14:40.470,1.016831,FRAME,2152,18284,-270,-305,-192,-491,38
2026-07-02T20:14:40.471,1.017793,FRAME,2153,18285,-291,-227,-168,-489,38
2026-07-02T20:14:40.472,1.018699,FRAME,2154,18286,-286,-210,-188,-488,38
2026-07-02T20:14:40.473,1.019581,FRAME,2155,18287,-312,-215,-205,-516,38
2026-07-02T20:14:40.474,1.020489,FRAME,2156,18288,-260,-283,-147,-509,38
2026-07-02T20:14:40.475,1.021409,FRAME,2157,18289,-240,-205,-152,-482,38
2026-07-02T20:14:40.476,1.022544,FRAME,2158,18290,-272,-185,-153,-446,38
2026-07-02T20:14:40.477,1.023509,FRAME,2159,18291,-256,-228,-169,-462,38
2026-07-02T20:14:40.478,1.024544,FRAME,2160,18292,-245,-197,-173,-443,38
2026-07-02T20:14:40.479,1.025521,FRAME,2161,18293,-257,-221,-170,-446,38
2026-07-02T20:14:40.480,1.026418,FRAME,2162,18294,-322,-281,-223,-452,38
2026-07-02T20:14:40.481,1.027262,FRAME,2163,18295,-295,-278,-168,-482,38
2026-07-02T20:14:40.481,1.028146,FRAME,2164,18296,-307,-242,-164,-442,38
2026-07-02T20:14:40.483,1.029662,FRAME,2165,18297,-321,-279,-235,-481,38
2026-07-02T20:14:40.484,1.030527,FRAME,2166,18298,-320,-262,-188,-489,38
2026-07-02T20:14:40.485,1.031466,FRAME,2167,18299,-295,-315,-257,-470,38
2026-07-02T20:14:40.485,1.032105,FRAME,2168,18300,-319,-315,-255,-509,38
2026-07-02T20:14:40.486,1.032720,FRAME,2169,18301,-304,-294,-224,-474,38
2026-07-02T20:14:40.487,1.033429,FRAME,2170,18302,-318,-318,-203,-523,38
2026-07-02T20:14:40.487,1.034139,FRAME,2171,18303,-322,-299,-177,-504,38
2026-07-02T20:14:40.488,1.034760,FRAME,2172,18304,-319,-302,-188,-462,38
2026-07-02T20:14:40.489,1.035366,FRAME,2173,18305,-325,-300,-219,-512,38
2026-07-02T20:14:40.489,1.035970,FRAME,2174,18306,-322,-318,-207,-464,38
2026-07-02T20:14:40.490,1.036581,FRAME,2175,18307,-306,-295,-166,-486,38
2026-07-02T20:14:40.490,1.037181,FRAME,2176,18308,-311,-299,-211,-507,38
2026-07-02T20:14:40.491,1.037798,FRAME,2177,18309,-292,-270,-199,-478,38
2026-07-02T20:14:40.492,1.038398,FRAME,2178,18310,-304,-288,-162,-435,38
2026-07-02T20:14:40.492,1.038997,FRAME,2179,18311,-223,-245,-169,-436,38
2026-07-02T20:14:40.493,1.039596,FRAME,2180,18312,-216,-249,-180,-421,38
2026-07-02T20:14:40.493,1.040184,FRAME,2181,18313,-237,-250,-173,-423,38
2026-07-02T20:14:40.494,1.040894,FRAME,2182,18314,-196,-232,-162,-452,38
2026-07-02T20:14:40.495,1.041569,FRAME,2183,18315,-215,-234,-174,-438,38
2026-07-02T20:14:40.495,1.042197,FRAME,2184,18316,-202,-188,-159,-425,38
2026-07-02T20:14:40.496,1.042927,FRAME,2185,18317,-201,-215,-153,-444,38
2026-07-02T20:14:40.497,1.043711,FRAME,2186,18318,-103,-225,-128,-427,38
2026-07-02T20:14:40.498,1.044308,FRAME,2187,18319,-117,-185,-134,-479,38
2026-07-02T20:14:40.498,1.044913,FRAME,2188,18320,-54,-170,-141,-446,37
2026-07-02T20:14:40.499,1.045494,FRAME,2189,18321,-69,-191,-136,-450,37
2026-07-02T20:14:40.499,1.046090,FRAME,2190,18322,-128,-230,-147,-473,38
2026-07-02T20:14:40.500,1.046700,FRAME,2191,18323,-125,-203,-138,-433,38
2026-07-02T20:14:40.501,1.047292,FRAME,2192,18324,-113,-222,-170,-443,38
2026-07-02T20:14:40.501,1.047987,FRAME,2193,18325,-106,-238,-119,-443,38
2026-07-02T20:14:40.502,1.048592,FRAME,2194,18326,-162,-267,-139,-438,38
2026-07-02T20:14:40.503,1.049254,FRAME,2195,18327,-163,-231,-115,-397,38
2026-07-02T20:14:40.503,1.049870,FRAME,2196,18328,-127,-212,-118,-415,38
2026-07-02T20:14:40.504,1.050502,FRAME,2197,18329,-79,-235,-130,-378,37
2026-07-02T20:14:40.504,1.051088,FRAME,2198,18330,-49,-220,-130,-429,37
2026-07-02T20:14:40.505,1.051683,FRAME,2199,18331,-93,-200,-118,-420,37
2026-07-02T20:14:40.506,1.052254,FRAME,2200,18332,-30,-201,-112,-367,37
2026-07-02T20:14:40.506,1.052866,FRAME,2201,18333,-31,-199,-145,-428,37
2026-07-02T20:14:40.507,1.053446,FRAME,2202,18334,-56,-180,-128,-417,37
2026-07-02T20:14:40.507,1.054016,FRAME,2203,18335,-56,-233,-84,-424,36
2026-07-02T20:14:40.508,1.054708,FRAME,2204,18336,-37,-164,-117,-419,37
2026-07-02T20:14:40.509,1.055328,FRAME,2205,18337,-69,-210,-113,-446,37
2026-07-02T20:14:40.509,1.055951,FRAME,2206,18338,-93,-213,-169,-414,37
2026-07-02T20:14:40.510,1.056550,FRAME,2207,18339,-86,-232,-156,-438,37
2026-07-02T20:14:40.510,1.057145,FRAME,2208,18340,-110,-226,-181,-480,38
2026-07-02T20:14:40.511,1.057757,FRAME,2209,18341,-216,-263,-203,-454,38
2026-07-02T20:14:40.512,1.058347,FRAME,2210,18342,-232,-284,-205,-468,38
2026-07-02T20:14:40.512,1.059080,FRAME,2211,18343,-260,-296,-210,-434,38
2026-07-02T20:14:40.513,1.059737,FRAME,2212,18344,-242,-282,-229,-457,38
2026-07-02T20:14:40.514,1.060382,FRAME,2213,18345,-267,-271,-235,-440,38
2026-07-02T20:14:40.514,1.061077,FRAME,2214,18346,-274,-314,-241,-448,38
2026-07-02T20:14:40.542,1.088706,FRAME,2215,18347,-268,-307,-243,-466,38
2026-07-02T20:14:40.543,1.089763,FRAME,2216,18348,-236,-293,-258,-427,38
2026-07-02T20:14:40.544,1.090790,FRAME,2217,18349,-269,-297,-235,-443,38
2026-07-02T20:14:40.545,1.091724,FRAME,2218,18350,-222,-262,-237,-464,38
2026-07-02T20:14:40.546,1.092693,FRAME,2219,18351,-192,-349,-215,-470,38
2026-07-02T20:14:40.547,1.093631,FRAME,2220,18352,-208,-347,-264,-483,38
2026-07-02T20:14:40.548,1.094580,FRAME,2221,18353,-200,-323,-224,-498,38
2026-07-02T20:14:40.549,1.095476,FRAME,2222,18354,-223,-336,-267,-440,38
2026-07-02T20:14:40.550,1.096378,FRAME,2223,18355,-247,-353,-295,-478,38
2026-07-02T20:14:40.551,1.097202,FRAME,2224,18356,-263,-341,-239,-507,38
2026-07-02T20:14:40.551,1.098193,FRAME,2225,18357,-254,-346,-224,-471,38
2026-07-02T20:14:40.552,1.099132,FRAME,2226,18358,-251,-362,-313,-479,38
2026-07-02T20:14:40.553,1.100054,FRAME,2227,18359,-311,-398,-283,-493,38
2026-07-02T20:14:40.554,1.100757,FRAME,2228,18360,-308,-334,-263,-460,38
2026-07-02T20:14:40.555,1.101352,FRAME,2229,18361,-311,-375,-259,-472,38
2026-07-02T20:14:40.556,1.102332,FRAME,2230,18362,-302,-343,-261,-429,38
2026-07-02T20:14:40.557,1.103245,FRAME,2231,18363,-342,-369,-283,-493,38
2026-07-02T20:14:40.557,1.104131,FRAME,2232,18364,-278,-382,-258,-448,38
2026-07-02T20:14:40.558,1.105017,FRAME,2233,18365,-333,-340,-248,-476,38
2026-07-02T20:14:40.559,1.105902,FRAME,2234,18366,-238,-322,-254,-517,38
2026-07-02T20:14:40.560,1.107037,FRAME,2235,18367,-244,-320,-237,-461,38
2026-07-02T20:14:40.562,1.108289,FRAME,2236,18368,-172,-312,-181,-463,38
2026-07-02T20:14:40.563,1.109706,FRAME,2237,18369,-186,-277,-249,-461,38
2026-07-02T20:14:40.564,1.110394,FRAME,2238,18370,-140,-249,-229,-522,38
2026-07-02T20:14:40.565,1.111401,FRAME,2239,18371,-209,-274,-210,-479,38
2026-07-02T20:14:40.566,1.112373,FRAME,2240,18372,-181,-241,-233,-496,38
2026-07-02T20:14:40.567,1.113325,FRAME,2241,18373,-213,-281,-223,-488,38
2026-07-02T20:14:40.567,1.114115,FRAME,2242,18374,-204,-284,-276,-470,38
2026-07-02T20:14:40.568,1.114905,FRAME,2243,18375,-288,-303,-252,-444,38
2026-07-02T20:14:40.569,1.115716,FRAME,2244,18376,-320,-344,-248,-430,38
2026-07-02T20:14:40.570,1.116413,FRAME,2245,18377,-322,-330,-290,-554,38
2026-07-02T20:14:40.571,1.117297,FRAME,2246,18378,-354,-291,-291,-482,38
2026-07-02T20:14:40.571,1.118099,FRAME,2247,18379,-341,-357,-271,-467,38
2026-07-02T20:14:40.572,1.118781,FRAME,2248,18380,-376,-325,-290,-480,38
2026-07-02T20:14:40.573,1.119445,FRAME,2249,18381,-343,-361,-285,-460,38
2026-07-02T20:14:40.574,1.120312,FRAME,2250,18382,-318,-325,-311,-494,38
2026-07-02T20:14:40.574,1.121036,FRAME,2251,18383,-271,-362,-323,-436,38
2026-07-02T20:14:40.575,1.121843,FRAME,2252,18384,-264,-335,-320,-507,38
2026-07-02T20:14:40.576,1.122448,FRAME,2253,18385,-239,-293,-314,-513,38
2026-07-02T20:14:40.576,1.123084,FRAME,2254,18386,-217,-291,-287,-492,38
2026-07-02T20:14:40.577,1.123719,FRAME,2255,18387,-234,-284,-291,-487,38
2026-07-02T20:14:40.578,1.124321,FRAME,2256,18388,-236,-309,-267,-474,38
2026-07-02T20:14:40.578,1.124952,FRAME,2257,18389,-210,-299,-256,-470,38
2026-07-02T20:14:40.579,1.125587,FRAME,2258,18390,-185,-267,-242,-437,38
2026-07-02T20:14:40.580,1.126359,FRAME,2259,18391,-225,-274,-214,-420,38
2026-07-02T20:14:40.580,1.126970,FRAME,2260,18392,-189,-282,-223,-467,38
2026-07-02T20:14:40.581,1.127590,FRAME,2261,18393,-188,-208,-192,-431,38
2026-07-02T20:14:40.581,1.128198,FRAME,2262,18394,-162,-227,-183,-423,38
2026-07-02T20:14:40.582,1.128800,FRAME,2263,18395,-175,-254,-194,-424,38
2026-07-02T20:14:40.583,1.129398,FRAME,2264,18396,-185,-213,-212,-478,38
2026-07-02T20:14:40.583,1.130003,FRAME,2265,18397,-181,-235,-209,-455,38
2026-07-02T20:14:40.584,1.130607,FRAME,2266,18398,-131,-256,-176,-416,38
2026-07-02T20:14:40.585,1.131207,FRAME,2267,18399,-187,-217,-167,-424,38
2026-07-02T20:14:40.585,1.131836,FRAME,2268,18400,-132,-204,-180,-448,38
2026-07-02T20:14:40.586,1.132447,FRAME,2269,18401,-151,-221,-170,-443,38
2026-07-02T20:14:40.586,1.133065,FRAME,2270,18402,-128,-250,-207,-484,38
2026-07-02T20:14:40.587,1.133677,FRAME,2271,18403,-107,-217,-201,-473,38
2026-07-02T20:14:40.588,1.134259,FRAME,2272,18404,-140,-207,-180,-447,38
2026-07-02T20:14:40.588,1.134861,FRAME,2273,18405,-137,-236,-220,-465,38
2026-07-02T20:14:40.589,1.135452,FRAME,2274,18406,-144,-244,-186,-446,38
2026-07-02T20:14:40.589,1.136043,FRAME,2275,18407,-117,-219,-178,-451,38
2026-07-02T20:14:40.590,1.136709,FRAME,2276,18408,-119,-189,-168,-448,38
2026-07-02T20:14:40.591,1.137292,FRAME,2277,18409,-72,-202,-144,-445,37
2026-07-02T20:14:40.591,1.137907,FRAME,2278,18410,-115,-247,-200,-449,38
2026-07-02T20:14:40.592,1.138502,FRAME,2279,18411,-132,-210,-163,-428,38
2026-07-02T20:14:40.592,1.139104,FRAME,2280,18412,-164,-173,-170,-467,38
2026-07-02T20:14:40.593,1.139712,FRAME,2281,18413,-180,-226,-154,-453,38
2026-07-02T20:14:40.594,1.140372,FRAME,2282,18414,-122,-228,-176,-455,38
2026-07-02T20:14:40.594,1.140975,FRAME,2283,18415,-89,-203,-156,-442,37
2026-07-02T20:14:40.595,1.141567,FRAME,2284,18416,-63,-195,-165,-424,37
2026-07-02T20:14:40.596,1.142212,FRAME,2285,18417,-67,-205,-129,-427,37
2026-07-02T20:14:40.596,1.142896,FRAME,2286,18418,-52,-167,-175,-472,37
2026-07-02T20:14:40.597,1.143446,FRAME,2287,18419,7,-172,-164,-456,35
2026-07-02T20:14:40.597,1.144030,FRAME,2288,18420,-10,-196,-155,-460,37
2026-07-02T20:14:40.598,1.144573,FRAME,2289,18421,1,-202,-133,-441,35
2026-07-02T20:14:40.598,1.145143,FRAME,2290,18422,-42,-162,-180,-431,37
2026-07-02T20:14:40.599,1.145732,FRAME,2291,18423,-65,-192,-165,-475,37
2026-07-02T20:14:40.600,1.146304,FRAME,2292,18424,-89,-159,-195,-458,37
2026-07-02T20:14:40.600,1.146894,FRAME,2293,18425,-79,-196,-204,-458,37
2026-07-02T20:14:40.601,1.147484,FRAME,2294,18426,-134,-210,-213,-453,38
2026-07-02T20:14:40.601,1.148073,FRAME,2295,18427,-148,-226,-199,-445,38
2026-07-02T20:14:40.602,1.148684,FRAME,2296,18428,-195,-214,-223,-448,38
2026-07-02T20:14:40.603,1.149270,FRAME,2297,18429,-180,-224,-208,-485,38
2026-07-02T20:14:40.603,1.149880,FRAME,2298,18430,-213,-233,-244,-484,38
2026-07-02T20:14:40.604,1.150477,FRAME,2299,18431,-217,-226,-185,-450,38
2026-07-02T20:14:40.604,1.151065,FRAME,2300,18432,-209,-244,-203,-440,38
2026-07-02T20:14:40.605,1.151674,FRAME,2301,18433,-228,-251,-244,-514,38
2026-07-02T20:14:40.606,1.152265,FRAME,2302,18434,-186,-270,-236,-453,38
2026-07-02T20:14:40.606,1.152878,FRAME,2303,18435,-216,-280,-232,-507,38
2026-07-02T20:14:40.607,1.153479,FRAME,2304,18436,-242,-287,-271,-521,38
2026-07-02T20:14:40.607,1.154066,FRAME,2305,18437,-252,-325,-250,-537,38
2026-07-02T20:14:40.608,1.154724,FRAME,2306,18438,-276,-300,-242,-547,38
2026-07-02T20:14:40.609,1.155314,FRAME,2307,18439,-291,-298,-270,-486,38
2026-07-02T20:14:40.609,1.155990,FRAME,2308,18440,-304,-305,-234,-494,38
2026-07-02T20:14:40.610,1.156598,FRAME,2309,18441,-326,-285,-264,-499,38
2026-07-02T20:14:40.610,1.157196,FRAME,2310,18442,-352,-308,-268,-502,38
2026-07-02T20:14:40.611,1.157810,FRAME,2311,18443,-402,-309,-264,-509,38
2026-07-02T20:14:40.612,1.158416,FRAME,2312,18444,-408,-328,-287,-506,38
2026-07-02T20:14:40.612,1.159125,FRAME,2313,18445,-430,-383,-290,-496,38
2026-07-02T20:14:40.613,1.159807,FRAME,2314,18446,-419,-372,-270,-501,38
2026-07-02T20:14:40.614,1.160480,FRAME,2315,18447,-473,-366,-300,-521,38
2026-07-02T20:14:40.614,1.161086,FRAME,2316,18448,-408,-344,-266,-523,38
2026-07-02T20:14:40.615,1.161696,FRAME,2317,18449,-412,-389,-259,-492,38
2026-07-02T20:14:40.616,1.162272,FRAME,2318,18450,-425,-383,-294,-538,38
2026-07-02T20:14:40.616,1.162873,FRAME,2319,18451,-437,-374,-297,-483,38
2026-07-02T20:14:40.617,1.163462,FRAME,2320,18452,-384,-396,-315,-566,38
2026-07-02T20:14:40.617,1.164066,FRAME,2321,18453,-362,-386,-291,-487,38
2026-07-02T20:14:40.651,1.197401,FRAME,2322,18454,-347,-321,-270,-521,38
2026-07-02T20:14:40.651,1.198167,FRAME,2323,18455,-330,-315,-283,-505,38
2026-07-02T20:14:40.652,1.198853,FRAME,2324,18456,-304,-300,-259,-480,38
2026-07-02T20:14:40.653,1.199548,FRAME,2325,18457,-306,-272,-258,-468,38
2026-07-02T20:14:40.654,1.200203,FRAME,2326,18458,-316,-254,-236,-474,38
2026-07-02T20:14:40.654,1.200822,FRAME,2327,18459,-289,-265,-270,-512,38
2026-07-02T20:14:40.655,1.201426,FRAME,2328,18460,-331,-299,-272,-512,38
2026-07-02T20:14:40.655,1.202087,FRAME,2329,18461,-379,-315,-232,-461,38
2026-07-02T20:14:40.656,1.202742,FRAME,2330,18462,-378,-321,-299,-518,38
2026-07-02T20:14:40.657,1.203432,FRAME,2331,18463,-348,-319,-285,-481,38
2026-07-02T20:14:40.657,1.204053,FRAME,2332,18464,-419,-308,-300,-479,38
2026-07-02T20:14:40.658,1.204768,FRAME,2333,18465,-372,-297,-296,-508,38
2026-07-02T20:14:40.659,1.205379,FRAME,2334,18466,-379,-351,-269,-502,38
2026-07-02T20:14:40.659,1.205983,FRAME,2335,18467,-324,-318,-299,-495,38
2026-07-02T20:14:40.660,1.206578,FRAME,2336,18468,-283,-305,-311,-515,38
2026-07-02T20:14:40.660,1.207167,FRAME,2337,18469,-291,-277,-280,-499,38
2026-07-02T20:14:40.661,1.207793,FRAME,2338,18470,-308,-309,-250,-505,38
2026-07-02T20:14:40.662,1.208396,FRAME,2339,18471,-278,-272,-262,-497,38
2026-07-02T20:14:40.662,1.208989,FRAME,2340,18472,-311,-335,-257,-491,38
2026-07-02T20:14:40.663,1.209590,FRAME,2341,18473,-337,-279,-248,-467,38
2026-07-02T20:14:40.663,1.210188,FRAME,2342,18474,-270,-277,-230,-462,38
2026-07-02T20:14:40.664,1.210796,FRAME,2343,18475,-239,-272,-238,-494,38
2026-07-02T20:14:40.665,1.211470,FRAME,2344,18476,-263,-220,-207,-473,38
2026-07-02T20:14:40.665,1.212150,FRAME,2345,18477,-228,-219,-204,-450,38
2026-07-02T20:14:40.666,1.212767,FRAME,2346,18478,-234,-180,-196,-460,38
2026-07-02T20:14:40.667,1.213351,FRAME,2347,18479,-205,-218,-144,-458,38
2026-07-02T20:14:40.667,1.213948,FRAME,2348,18480,-197,-160,-135,-406,38
2026-07-02T20:14:40.668,1.214542,FRAME,2349,18481,-162,-152,-128,-436,38
2026-07-02T20:14:40.668,1.215196,FRAME,2350,18482,-119,-120,-149,-457,38
2026-07-02T20:14:40.669,1.215780,FRAME,2351,18483,-58,-87,-100,-454,36
2026-07-02T20:14:40.670,1.216377,FRAME,2352,18484,-52,-116,-85,-417,36
2026-07-02T20:14:40.670,1.216944,FRAME,2353,18485,-37,-45,-66,-439,35
2026-07-02T20:14:40.671,1.217497,FRAME,2354,18486,0,-94,-53,-421,33
2026-07-02T20:14:40.671,1.218063,FRAME,2355,18487,21,-85,-50,-414,34
2026-07-02T20:14:40.672,1.218616,FRAME,2356,18488,11,-56,-47,-404,34
2026-07-02T20:14:40.672,1.219199,FRAME,2357,18489,-12,-93,-10,-397,35
2026-07-02T20:14:40.673,1.219784,FRAME,2358,18490,-18,-94,-64,-388,35
2026-07-02T20:14:40.674,1.220363,FRAME,2359,18491,-16,-77,-88,-383,35
2026-07-02T20:14:40.674,1.220916,FRAME,2360,18492,-27,-90,-39,-393,35
2026-07-02T20:14:40.675,1.221509,FRAME,2361,18493,-61,-114,-56,-399,36
2026-07-02T20:14:40.675,1.222055,FRAME,2362,18494,-51,-91,-11,-388,35
2026-07-02T20:14:40.676,1.222625,FRAME,2363,18495,-59,-155,-92,-400,36
2026-07-02T20:14:40.676,1.223198,FRAME,2364,18496,-43,-127,-73,-392,36
2026-07-02T20:14:40.677,1.223799,FRAME,2365,18497,-37,-151,-63,-396,36
2026-07-02T20:14:40.678,1.224515,FRAME,2366,18498,-27,-98,-83,-402,35
2026-07-02T20:14:40.679,1.225222,FRAME,2367,18499,-9,-83,-66,-392,34
2026-07-02T20:14:40.679,1.225798,FRAME,2368,18500,-31,-98,-71,-371,35
2026-07-02T20:14:40.680,1.226357,FRAME,2369,18501,-15,-72,-29,-404,35
2026-07-02T20:14:40.680,1.226891,FRAME,2370,18502,2,-91,-81,-393,33
2026-07-02T20:14:40.681,1.227433,FRAME,2371,18503,2,-83,-82,-420,33
2026-07-02T20:14:40.681,1.228009,FRAME,2372,18504,-19,-120,-84,-427,36
2026-07-02T20:14:40.682,1.228585,FRAME,2373,18505,-27,-147,-98,-407,36
2026-07-02T20:14:40.682,1.229146,FRAME,2374,18506,-33,-148,-91,-418,36
2026-07-02T20:14:40.683,1.229740,FRAME,2375,18507,-80,-135,-124,-411,37
2026-07-02T20:14:40.684,1.230313,FRAME,2376,18508,-97,-135,-139,-406,37
2026-07-02T20:14:40.684,1.230916,FRAME,2377,18509,-124,-151,-148,-443,38
2026-07-02T20:14:40.685,1.231517,FRAME,2378,18510,-188,-154,-196,-430,38
2026-07-02T20:14:40.685,1.232126,FRAME,2379,18511,-164,-210,-134,-431,38
2026-07-02T20:14:40.686,1.232742,FRAME,2380,18512,-251,-208,-182,-426,38
2026-07-02T20:14:40.687,1.233372,FRAME,2381,18513,-215,-240,-208,-459,38
2026-07-02T20:14:40.687,1.233968,FRAME,2382,18514,-215,-250,-170,-476,38
2026-07-02T20:14:40.688,1.234565,FRAME,2383,18515,-265,-281,-209,-461,38
2026-07-02T20:14:40.688,1.235154,FRAME,2384,18516,-231,-228,-234,-505,38
2026-07-02T20:14:40.689,1.235760,FRAME,2385,18517,-238,-259,-163,-467,38
2026-07-02T20:14:40.690,1.236419,FRAME,2386,18518,-244,-258,-182,-430,38
2026-07-02T20:14:40.690,1.237012,FRAME,2387,18519,-244,-291,-226,-463,38
2026-07-02T20:14:40.691,1.237683,FRAME,2388,18520,-318,-268,-254,-490,38
2026-07-02T20:14:40.692,1.238279,FRAME,2389,18521,-326,-274,-193,-493,38
2026-07-02T20:14:40.692,1.238908,FRAME,2390,18522,-322,-269,-231,-480,38
2026-07-02T20:14:40.693,1.239550,FRAME,2391,18523,-340,-314,-243,-471,38
2026-07-02T20:14:40.693,1.240148,FRAME,2392,18524,-368,-293,-256,-459,38
2026-07-02T20:14:40.694,1.240758,FRAME,2393,18525,-378,-316,-247,-461,38
2026-07-02T20:14:40.695,1.241785,FRAME,2394,18526,-381,-346,-266,-480,38
2026-07-02T20:14:40.696,1.242428,FRAME,2395,18527,-390,-343,-236,-474,38
2026-07-02T20:14:40.697,1.243219,FRAME,2396,18528,-403,-409,-276,-464,38
2026-07-02T20:14:40.697,1.244137,FRAME,2397,18529,-382,-392,-298,-476,38
2026-07-02T20:14:40.698,1.245152,FRAME,2398,18530,-424,-371,-278,-510,38
2026-07-02T20:14:40.699,1.246097,FRAME,2399,18531,-373,-406,-275,-494,38
2026-07-02T20:14:40.700,1.247046,FRAME,2400,18532,-413,-388,-290,-476,38
2026-07-02T20:14:40.701,1.247975,FRAME,2401,18533,-312,-286,-262,-522,38
2026-07-02T20:14:40.702,1.248858,FRAME,2402,18534,-296,-358,-285,-486,38
2026-07-02T20:14:40.703,1.249791,FRAME,2403,18535,-298,-268,-243,-497,38
2026-07-02T20:14:40.704,1.250925,FRAME,2404,18536,-256,-285,-258,-494,38
2026-07-02T20:14:40.705,1.251926,FRAME,2405,18537,-222,-282,-239,-473,38
2026-07-02T20:14:40.706,1.252904,FRAME,2406,18538,-251,-287,-212,-445,38
2026-07-02T20:14:40.707,1.253731,FRAME,2407,18539,-196,-239,-205,-453,38
2026-07-02T20:14:40.708,1.254578,FRAME,2408,18540,-243,-283,-208,-468,38
2026-07-02T20:14:40.709,1.255451,FRAME,2409,18541,-264,-315,-189,-487,38
2026-07-02T20:14:40.710,1.256341,FRAME,2410,18542,-301,-306,-240,-478,38
2026-07-02T20:14:40.710,1.256990,FRAME,2411,18543,-344,-290,-250,-462,38
2026-07-02T20:14:40.711,1.257686,FRAME,2412,18544,-375,-346,-278,-470,38
2026-07-02T20:14:40.712,1.258843,FRAME,2413,18545,-369,-375,-293,-444,38
2026-07-02T20:14:40.713,1.259794,FRAME,2414,18546,-394,-294,-280,-471,38
2026-07-02T20:14:40.714,1.260748,FRAME,2415,18547,-343,-339,-252,-432,38
2026-07-02T20:14:40.715,1.261746,FRAME,2416,18548,-413,-328,-264,-477,38
2026-07-02T20:14:40.716,1.262645,FRAME,2417,18549,-335,-282,-288,-494,38
2026-07-02T20:14:40.717,1.263587,FRAME,2418,18550,-331,-296,-260,-499,38
2026-07-02T20:14:40.718,1.264535,FRAME,2419,18551,-316,-281,-269,-485,38
2026-07-02T20:14:40.719,1.265428,FRAME,2420,18552,-282,-280,-241,-473,38
2026-07-02T20:14:40.720,1.266261,FRAME,2421,18553,-286,-285,-220,-527,38
2026-07-02T20:14:40.720,1.267107,FRAME,2422,18554,-290,-328,-255,-506,38
2026-07-02T20:14:40.721,1.268085,FRAME,2423,18555,-274,-309,-244,-473,38
2026-07-02T20:14:40.722,1.268995,FRAME,2424,18556,-278,-265,-228,-451,38
2026-07-02T20:14:40.723,1.269794,FRAME,2425,18557,-282,-230,-196,-448,38
2026-07-02T20:14:40.724,1.270692,FRAME,2426,18558,-269,-263,-210,-448,38
2026-07-02T20:14:40.725,1.271424,FRAME,2427,18559,-289,-260,-263,-407,38
2026-07-02T20:14:40.726,1.272273,FRAME,2428,18560,-257,-245,-210,-463,38
2026-07-02T20:14:40.727,1.273215,FRAME,2429,18561,-274,-220,-222,-433,38
2026-07-02T20:14:40.727,1.274066,FRAME,2430,18562,-285,-250,-176,-442,38
2026-07-02T20:14:40.759,1.305409,FRAME,2431,18563,-280,-226,-149,-405,38
2026-07-02T20:14:40.759,1.306165,FRAME,2432,18564,-242,-212,-189,-420,38
2026-07-02T20:14:40.760,1.306859,FRAME,2433,18565,-218,-197,-185,-416,38
2026-07-02T20:14:40.761,1.307552,FRAME,2434,18566,-199,-206,-134,-426,38
2026-07-02T20:14:40.762,1.308239,FRAME,2435,18567,-193,-167,-169,-460,38
2026-07-02T20:14:40.762,1.308876,FRAME,2436,18568,-133,-175,-163,-443,38
2026-07-02T20:14:40.763,1.309636,FRAME,2437,18569,-200,-141,-140,-415,38
2026-07-02T20:14:40.764,1.310383,FRAME,2438,18570,-135,-171,-117,-425,38
2026-07-02T20:14:40.764,1.311146,FRAME,2439,18571,-141,-129,-122,-396,38
2026-07-02T20:14:40.765,1.311805,FRAME,2440,18572,-131,-139,-138,-393,38
2026-07-02T20:14:40.766,1.312445,FRAME,2441,18573,-98,-121,-136,-393,37
2026-07-02T20:14:40.766,1.313089,FRAME,2442,18574,-134,-115,-110,-440,38
2026-07-02T20:14:40.767,1.313752,FRAME,2443,18575,-147,-115,-160,-423,38
2026-07-02T20:14:40.768,1.314398,FRAME,2444,18576,-166,-119,-120,-424,38
2026-07-02T20:14:40.768,1.315056,FRAME,2445,18577,-173,-137,-144,-397,38
2026-07-02T20:14:40.769,1.315730,FRAME,2446,18578,-164,-155,-141,-419,38
2026-07-02T20:14:40.770,1.316377,FRAME,2447,18579,-197,-170,-165,-405,38
2026-07-02T20:14:40.770,1.317023,FRAME,2448,18580,-194,-132,-199,-455,38
2026-07-02T20:14:40.771,1.317709,FRAME,2449,18581,-169,-162,-147,-454,38
2026-07-02T20:14:40.772,1.318368,FRAME,2450,18582,-180,-210,-223,-435,38
2026-07-02T20:14:40.772,1.319046,FRAME,2451,18583,-236,-250,-208,-465,38
2026-07-02T20:14:40.773,1.319716,FRAME,2452,18584,-222,-213,-182,-478,38
2026-07-02T20:14:40.774,1.320359,FRAME,2453,18585,-228,-259,-215,-478,38
2026-07-02T20:14:40.774,1.321005,FRAME,2454,18586,-275,-268,-230,-473,38
2026-07-02T20:14:40.775,1.321658,FRAME,2455,18587,-257,-331,-254,-496,38
2026-07-02T20:14:40.776,1.322292,FRAME,2456,18588,-316,-290,-284,-471,38
2026-07-02T20:14:40.776,1.322951,FRAME,2457,18589,-347,-322,-251,-439,38
2026-07-02T20:14:40.777,1.323607,FRAME,2458,18590,-356,-319,-270,-475,38
2026-07-02T20:14:40.778,1.324762,FRAME,2459,18591,-377,-320,-290,-463,38
2026-07-02T20:14:40.779,1.325505,FRAME,2460,18592,-380,-320,-294,-475,38
2026-07-02T20:14:40.780,1.326421,FRAME,2461,18593,-423,-339,-324,-444,38
2026-07-02T20:14:40.781,1.327341,FRAME,2462,18594,-448,-363,-307,-490,38
2026-07-02T20:14:40.782,1.328283,FRAME,2463,18595,-436,-367,-269,-441,38
2026-07-02T20:14:40.783,1.329201,FRAME,2464,18596,-406,-365,-278,-459,38
2026-07-02T20:14:40.783,1.330110,FRAME,2465,18597,-426,-351,-278,-484,38
2026-07-02T20:14:40.784,1.331030,FRAME,2466,18598,-404,-295,-252,-509,38
2026-07-02T20:14:40.785,1.331789,FRAME,2467,18599,-402,-385,-274,-502,38
2026-07-02T20:14:40.786,1.332703,FRAME,2468,18600,-425,-376,-278,-500,38
2026-07-02T20:14:40.787,1.333594,FRAME,2469,18601,-423,-364,-304,-495,38
2026-07-02T20:14:40.788,1.334491,FRAME,2470,18602,-429,-383,-262,-560,38
2026-07-02T20:14:40.789,1.335414,FRAME,2471,18603,-414,-395,-297,-523,38
2026-07-02T20:14:40.790,1.336362,FRAME,2472,18604,-439,-396,-276,-568,38
2026-07-02T20:14:40.790,1.337186,FRAME,2473,18605,-502,-404,-314,-548,38
2026-07-02T20:14:40.791,1.338010,FRAME,2474,18606,-457,-446,-347,-520,38
2026-07-02T20:14:40.792,1.338941,FRAME,2475,18607,-455,-385,-361,-505,38
2026-07-02T20:14:40.793,1.339766,FRAME,2476,18608,-382,-395,-297,-454,38
2026-07-02T20:14:40.794,1.340371,FRAME,2477,18609,-413,-380,-314,-509,38
2026-07-02T20:14:40.794,1.341069,FRAME,2478,18610,-380,-410,-291,-471,38
2026-07-02T20:14:40.795,1.342141,FRAME,2479,18611,-353,-373,-283,-471,38
2026-07-02T20:14:40.796,1.343104,FRAME,2480,18612,-329,-339,-283,-468,38
2026-07-02T20:14:40.797,1.344060,FRAME,2481,18613,-299,-318,-254,-447,38
2026-07-02T20:14:40.798,1.344976,FRAME,2482,18614,-270,-293,-246,-487,38
2026-07-02T20:14:40.799,1.345895,FRAME,2483,18615,-262,-288,-222,-480,38
2026-07-02T20:14:40.800,1.346842,FRAME,2484,18616,-286,-291,-257,-517,38
2026-07-02T20:14:40.801,1.347786,FRAME,2485,18617,-257,-311,-232,-495,38
2026-07-02T20:14:40.802,1.348548,FRAME,2486,18618,-276,-350,-281,-501,38
2026-07-02T20:14:40.802,1.349168,FRAME,2487,18619,-291,-346,-266,-517,38
2026-07-02T20:14:40.803,1.349894,FRAME,2488,18620,-307,-361,-271,-496,38
2026-07-02T20:14:40.804,1.350495,FRAME,2489,18621,-319,-355,-318,-539,38
2026-07-02T20:14:40.804,1.351098,FRAME,2490,18622,-370,-316,-272,-506,38
2026-07-02T20:14:40.805,1.351724,FRAME,2491,18623,-348,-398,-271,-491,38
2026-07-02T20:14:40.806,1.352366,FRAME,2492,18624,-370,-354,-262,-443,38
2026-07-02T20:14:40.806,1.352959,FRAME,2493,18625,-361,-346,-250,-486,38
2026-07-02T20:14:40.807,1.353555,FRAME,2494,18626,-365,-358,-268,-459,38
2026-07-02T20:14:40.807,1.354151,FRAME,2495,18627,-374,-363,-255,-420,38
2026-07-02T20:14:40.808,1.354761,FRAME,2496,18628,-324,-329,-198,-507,38
2026-07-02T20:14:40.809,1.355361,FRAME,2497,18629,-383,-319,-251,-467,38
2026-07-02T20:14:40.809,1.355963,FRAME,2498,18630,-369,-280,-238,-467,38
2026-07-02T20:14:40.810,1.356659,FRAME,2499,18631,-303,-273,-203,-471,38
2026-07-02T20:14:40.811,1.357256,FRAME,2500,18632,-261,-276,-233,-451,38
2026-07-02T20:14:40.811,1.357877,FRAME,2501,18633,-226,-295,-216,-472,38
2026-07-02T20:14:40.812,1.358488,FRAME,2502,18634,-220,-265,-165,-523,38
2026-07-02T20:14:40.812,1.359170,FRAME,2503,18635,-181,-223,-203,-475,38
2026-07-02T20:14:40.813,1.359924,FRAME,2504,18636,-126,-211,-138,-463,38
2026-07-02T20:14:40.814,1.360531,FRAME,2505,18637,-105,-204,-116,-459,38
2026-07-02T20:14:40.814,1.361138,FRAME,2506,18638,-114,-191,-175,-458,38
2026-07-02T20:14:40.815,1.361779,FRAME,2507,18639,-70,-189,-165,-447,37
2026-07-02T20:14:40.816,1.362393,FRAME,2508,18640,-100,-205,-140,-443,38
2026-07-02T20:14:40.816,1.363015,FRAME,2509,18641,-109,-217,-174,-469,38
2026-07-02T20:14:40.817,1.363636,FRAME,2510,18642,-132,-252,-142,-444,38
2026-07-02T20:14:40.818,1.364270,FRAME,2511,18643,-135,-233,-163,-433,38
2026-07-02T20:14:40.818,1.364959,FRAME,2512,18644,-121,-205,-179,-439,38
2026-07-02T20:14:40.819,1.365646,FRAME,2513,18645,-130,-217,-152,-452,38
2026-07-02T20:14:40.820,1.366251,FRAME,2514,18646,-78,-169,-177,-450,37
2026-07-02T20:14:40.820,1.366872,FRAME,2515,18647,-129,-189,-145,-431,38
2026-07-02T20:14:40.821,1.367491,FRAME,2516,18648,-108,-161,-104,-465,38
2026-07-02T20:14:40.821,1.368086,FRAME,2517,18649,-66,-146,-128,-442,37
2026-07-02T20:14:40.822,1.368689,FRAME,2518,18650,-76,-168,-128,-447,37
2026-07-02T20:14:40.823,1.369246,FRAME,2519,18651,-63,-135,-81,-459,36
2026-07-02T20:14:40.823,1.369836,FRAME,2520,18652,-31,-113,-130,-436,37
2026-07-02T20:14:40.824,1.370400,FRAME,2521,18653,-15,-127,-78,-455,36
2026-07-02T20:14:40.824,1.370951,FRAME,2522,18654,30,-121,-88,-440,35
2026-07-02T20:14:40.825,1.371510,FRAME,2523,18655,11,-112,-56,-423,35
2026-07-02T20:14:40.825,1.372065,FRAME,2524,18656,11,-127,-95,-353,35
2026-07-02T20:14:40.826,1.372659,FRAME,2525,18657,-24,-110,-93,-399,36
2026-07-02T20:14:40.827,1.373205,FRAME,2526,18658,18,-81,-116,-402,35
2026-07-02T20:14:40.827,1.373784,FRAME,2527,18659,0,-115,-99,-408,34
2026-07-02T20:14:40.828,1.374543,FRAME,2528,18660,1,-113,-111,-410,35
2026-07-02T20:14:40.828,1.375148,FRAME,2529,18661,-44,-93,-134,-426,36
2026-07-02T20:14:40.829,1.375751,FRAME,2530,18662,-50,-138,-120,-395,37
2026-07-02T20:14:40.830,1.376351,FRAME,2531,18663,-31,-193,-200,-413,37
2026-07-02T20:14:40.830,1.377010,FRAME,2532,18664,-30,-170,-150,-468,37
2026-07-02T20:14:40.831,1.377610,FRAME,2533,18665,-101,-202,-131,-470,38
2026-07-02T20:14:40.832,1.378206,FRAME,2534,18666,-115,-194,-192,-483,38
2026-07-02T20:14:40.832,1.378822,FRAME,2535,18667,-141,-233,-223,-470,38
2026-07-02T20:14:40.833,1.379428,FRAME,2536,18668,-133,-268,-225,-457,38
2026-07-02T20:14:40.833,1.380038,FRAME,2537,18669,-116,-275,-218,-526,38
2026-07-02T20:14:40.834,1.380661,FRAME,2538,18670,-151,-261,-245,-497,38
2026-07-02T20:14:40.866,1.412589,FRAME,2539,18671,-201,-266,-254,-478,38
2026-07-02T20:14:40.867,1.413530,FRAME,2540,18672,-226,-250,-238,-439,38
2026-07-02T20:14:40.868,1.414385,FRAME,2541,18673,-254,-254,-242,-442,38
2026-07-02T20:14:40.869,1.415522,FRAME,2542,18674,-271,-229,-249,-490,38
2026-07-02T20:14:40.870,1.416625,FRAME,2543,18675,-250,-234,-203,-464,38
2026-07-02T20:14:40.871,1.417227,FRAME,2544,18676,-271,-255,-257,-469,38
2026-07-02T20:14:40.871,1.417895,FRAME,2545,18677,-240,-209,-232,-457,38
2026-07-02T20:14:40.872,1.418998,FRAME,2546,18678,-272,-256,-232,-501,38
2026-07-02T20:14:40.873,1.419899,FRAME,2547,18679,-252,-286,-256,-473,38
2026-07-02T20:14:40.874,1.420826,FRAME,2548,18680,-283,-269,-276,-477,38
2026-07-02T20:14:40.875,1.421730,FRAME,2549,18681,-271,-272,-279,-511,38
2026-07-02T20:14:40.876,1.422621,FRAME,2550,18682,-245,-286,-253,-471,38
2026-07-02T20:14:40.877,1.423515,FRAME,2551,18683,-244,-307,-361,-492,38
2026-07-02T20:14:40.878,1.424404,FRAME,2552,18684,-217,-319,-334,-493,38
2026-07-02T20:14:40.879,1.425435,FRAME,2553,18685,-249,-327,-250,-501,38
2026-07-02T20:14:40.880,1.426562,FRAME,2554,18686,-277,-324,-291,-529,38
2026-07-02T20:14:40.881,1.427646,FRAME,2555,18687,-271,-346,-272,-536,38
2026-07-02T20:14:40.882,1.428750,FRAME,2556,18688,-277,-351,-335,-519,38
2026-07-02T20:14:40.883,1.429828,FRAME,2557,18689,-383,-345,-295,-511,38
2026-07-02T20:14:40.884,1.430940,FRAME,2558,18690,-359,-329,-242,-489,38
2026-07-02T20:14:40.885,1.432086,FRAME,2559,18691,-336,-365,-261,-486,38
2026-07-02T20:14:40.887,1.433206,FRAME,2560,18692,-319,-274,-231,-475,38
2026-07-02T20:14:40.888,1.434307,FRAME,2561,18693,-314,-274,-213,-482,38
2026-07-02T20:14:40.889,1.435432,FRAME,2562,18694,-304,-273,-213,-460,38
2026-07-02T20:14:40.890,1.436542,FRAME,2563,18695,-304,-269,-212,-447,38
2026-07-02T20:14:40.891,1.437646,FRAME,2564,18696,-250,-252,-214,-443,38
2026-07-02T20:14:40.892,1.438739,FRAME,2565,18697,-240,-235,-181,-462,38
2026-07-02T20:14:40.893,1.439817,FRAME,2566,18698,-228,-244,-186,-464,38
2026-07-02T20:14:40.894,1.440919,FRAME,2567,18699,-229,-211,-226,-480,38
2026-07-02T20:14:40.895,1.442015,FRAME,2568,18700,-247,-257,-219,-459,38
2026-07-02T20:14:40.897,1.443208,FRAME,2569,18701,-243,-264,-218,-498,38
2026-07-02T20:14:40.898,1.444314,FRAME,2570,18702,-288,-284,-245,-488,38
2026-07-02T20:14:40.899,1.445419,FRAME,2571,18703,-256,-255,-248,-484,38
2026-07-02T20:14:40.900,1.446558,FRAME,2572,18704,-286,-265,-232,-508,38
2026-07-02T20:14:40.901,1.447684,FRAME,2573,18705,-285,-299,-246,-528,38
2026-07-02T20:14:40.902,1.448781,FRAME,2574,18706,-291,-281,-240,-465,38
2026-07-02T20:14:40.903,1.449872,FRAME,2575,18707,-299,-288,-181,-483,38
2026-07-02T20:14:40.904,1.450962,FRAME,2576,18708,-279,-303,-192,-477,38
2026-07-02T20:14:40.905,1.451804,FRAME,2577,18709,-331,-317,-206,-508,38
2026-07-02T20:14:40.906,1.452401,FRAME,2578,18710,-355,-311,-268,-471,38
2026-07-02T20:14:40.906,1.452995,FRAME,2579,18711,-395,-328,-206,-487,38
2026-07-02T20:14:40.907,1.453582,FRAME,2580,18712,-363,-303,-222,-479,38
2026-07-02T20:14:40.907,1.454172,FRAME,2581,18713,-363,-311,-220,-476,38
2026-07-02T20:14:40.908,1.454776,FRAME,2582,18714,-320,-311,-152,-440,38
2026-07-02T20:14:40.909,1.455361,FRAME,2583,18715,-295,-234,-183,-478,38
2026-07-02T20:14:40.909,1.455970,FRAME,2584,18716,-312,-282,-161,-451,38
2026-07-02T20:14:40.910,1.456565,FRAME,2585,18717,-241,-238,-141,-494,38
2026-07-02T20:14:40.910,1.457141,FRAME,2586,18718,-205,-292,-93,-493,37
2026-07-02T20:14:40.911,1.457755,FRAME,2587,18719,-225,-242,-148,-504,38
2026-07-02T20:14:40.912,1.458359,FRAME,2588,18720,-203,-234,-121,-468,38
2026-07-02T20:14:40.912,1.458972,FRAME,2589,18721,-217,-209,-130,-471,38
2026-07-02T20:14:40.913,1.459633,FRAME,2590,18722,-203,-234,-127,-446,38
2026-07-02T20:14:40.914,1.460227,FRAME,2591,18723,-240,-232,-129,-450,38
2026-07-02T20:14:40.914,1.460843,FRAME,2592,18724,-223,-243,-130,-424,38
2026-07-02T20:14:40.915,1.461438,FRAME,2593,18725,-225,-194,-109,-485,38
2026-07-02T20:14:40.915,1.462167,FRAME,2594,18726,-231,-219,-120,-460,38
2026-07-02T20:14:40.916,1.462809,FRAME,2595,18727,-241,-254,-112,-433,38
2026-07-02T20:14:40.917,1.463409,FRAME,2596,18728,-202,-209,-131,-456,38
2026-07-02T20:14:40.917,1.464008,FRAME,2597,18729,-222,-223,-148,-445,38
2026-07-02T20:14:40.918,1.464602,FRAME,2598,18730,-214,-239,-160,-431,38
2026-07-02T20:14:40.918,1.465193,FRAME,2599,18731,-199,-205,-152,-419,38
2026-07-02T20:14:40.919,1.465796,FRAME,2600,18732,-157,-190,-125,-439,38
2026-07-02T20:14:40.920,1.466375,FRAME,2601,18733,-149,-205,-60,-478,37
2026-07-02T20:14:40.920,1.466984,FRAME,2602,18734,-91,-169,-111,-451,37
2026-07-02T20:14:40.921,1.467549,FRAME,2603,18735,-35,-177,-95,-435,36
2026-07-02T20:14:40.921,1.468126,FRAME,2604,18736,-84,-155,-103,-472,37
2026-07-02T20:14:40.922,1.468725,FRAME,2605,18737,-90,-201,-105,-461,37
2026-07-02T20:14:40.923,1.469291,FRAME,2606,18738,-81,-193,-87,-393,36
2026-07-02T20:14:40.923,1.469879,FRAME,2607,18739,-67,-178,-83,-417,36
2026-07-02T20:14:40.924,1.470459,FRAME,2608,18740,-83,-184,-130,-446,37
2026-07-02T20:14:40.924,1.471056,FRAME,2609,18741,-139,-156,-92,-417,37
2026-07-02T20:14:40.925,1.471646,FRAME,2610,18742,-86,-217,-141,-448,37
2026-07-02T20:14:40.926,1.472304,FRAME,2611,18743,-148,-204,-127,-476,38
2026-07-02T20:14:40.926,1.472915,FRAME,2612,18744,-195,-267,-157,-454,38
2026-07-02T20:14:40.927,1.473519,FRAME,2613,18745,-254,-256,-191,-411,38
2026-07-02T20:14:40.927,1.474119,FRAME,2614,18746,-208,-248,-166,-473,38
2026-07-02T20:14:40.928,1.474776,FRAME,2615,18747,-240,-247,-166,-441,38
2026-07-02T20:14:40.929,1.475384,FRAME,2616,18748,-285,-329,-209,-488,38
2026-07-02T20:14:40.929,1.476002,FRAME,2617,18749,-233,-294,-220,-447,38
2026-07-02T20:14:40.930,1.476638,FRAME,2618,18750,-260,-291,-212,-484,38
2026-07-02T20:14:40.931,1.477245,FRAME,2619,18751,-238,-315,-181,-500,38
2026-07-02T20:14:40.931,1.477884,FRAME,2620,18752,-260,-292,-231,-501,38
2026-07-02T20:14:40.932,1.478632,FRAME,2621,18753,-271,-315,-225,-499,38
2026-07-02T20:14:40.933,1.479226,FRAME,2622,18754,-328,-314,-271,-505,38
2026-07-02T20:14:40.933,1.479842,FRAME,2623,18755,-293,-370,-281,-504,38
2026-07-02T20:14:40.934,1.480434,FRAME,2624,18756,-356,-359,-266,-467,38
2026-07-02T20:14:40.934,1.481028,FRAME,2625,18757,-382,-333,-284,-488,38
2026-07-02T20:14:40.935,1.481673,FRAME,2626,18758,-367,-326,-274,-488,38
2026-07-02T20:14:40.936,1.482255,FRAME,2627,18759,-430,-369,-277,-473,38
2026-07-02T20:14:40.937,1.483308,FRAME,2628,18760,-410,-392,-324,-487,38
2026-07-02T20:14:40.937,1.483921,FRAME,2629,18761,-422,-392,-308,-520,38
2026-07-02T20:14:40.938,1.484828,FRAME,2630,18762,-429,-390,-263,-491,38
2026-07-02T20:14:40.939,1.485770,FRAME,2631,18763,-398,-395,-321,-497,38
2026-07-02T20:14:40.940,1.486701,FRAME,2632,18764,-437,-374,-263,-495,38
2026-07-02T20:14:40.941,1.487631,FRAME,2633,18765,-422,-388,-307,-479,38
2026-07-02T20:14:40.942,1.488562,FRAME,2634,18766,-394,-419,-304,-486,38
2026-07-02T20:14:40.943,1.489599,FRAME,2635,18767,-414,-393,-330,-530,38
2026-07-02T20:14:40.944,1.490480,FRAME,2636,18768,-325,-311,-304,-524,38
2026-07-02T20:14:40.945,1.491401,FRAME,2637,18769,-322,-346,-318,-521,38
2026-07-02T20:14:40.946,1.492302,FRAME,2638,18770,-312,-370,-290,-494,38
2026-07-02T20:14:40.947,1.493300,FRAME,2639,18771,-284,-309,-247,-530,38
2026-07-02T20:14:40.947,1.494181,FRAME,2640,18772,-263,-356,-234,-446,38
2026-07-02T20:14:40.948,1.495008,FRAME,2641,18773,-245,-286,-250,-468,38
2026-07-02T20:14:40.949,1.495830,FRAME,2642,18774,-260,-312,-296,-468,38
2026-07-02T20:14:40.950,1.496701,FRAME,2643,18775,-292,-321,-290,-442,38
2026-07-02T20:14:40.951,1.497604,FRAME,2644,18776,-309,-339,-250,-480,38
2026-07-02T20:14:40.952,1.498229,FRAME,2645,18777,-270,-312,-254,-442,38
2026-07-02T20:14:40.975,1.521417,FRAME,2646,18778,-330,-292,-294,-438,38
2026-07-02T20:14:40.975,1.522183,FRAME,2647,18779,-279,-305,-299,-508,38
2026-07-02T20:14:40.976,1.522903,FRAME,2648,18780,-372,-326,-253,-431,38
2026-07-02T20:14:40.977,1.523588,FRAME,2649,18781,-301,-277,-250,-480,38
2026-07-02T20:14:40.978,1.524235,FRAME,2650,18782,-278,-289,-232,-494,38
2026-07-02T20:14:40.978,1.524852,FRAME,2651,18783,-273,-276,-245,-459,38
2026-07-02T20:14:40.979,1.525444,FRAME,2652,18784,-251,-293,-178,-474,38
2026-07-02T20:14:40.979,1.526075,FRAME,2653,18785,-284,-307,-197,-478,38
2026-07-02T20:14:40.980,1.526834,FRAME,2654,18786,-259,-341,-236,-474,38
2026-07-02T20:14:40.981,1.527452,FRAME,2655,18787,-291,-301,-235,-491,38
2026-07-02T20:14:40.981,1.528051,FRAME,2656,18788,-302,-304,-236,-473,38
2026-07-02T20:14:40.982,1.528671,FRAME,2657,18789,-282,-297,-266,-473,38
2026-07-02T20:14:40.983,1.529253,FRAME,2658,18790,-276,-253,-228,-442,38
2026-07-02T20:14:40.983,1.529859,FRAME,2659,18791,-262,-293,-238,-440,38
2026-07-02T20:14:40.984,1.530458,FRAME,2660,18792,-279,-314,-238,-466,38
2026-07-02T20:14:40.984,1.531106,FRAME,2661,18793,-216,-275,-248,-420,38
2026-07-02T20:14:40.985,1.531758,FRAME,2662,18794,-210,-234,-234,-467,38
2026-07-02T20:14:40.986,1.532354,FRAME,2663,18795,-228,-246,-250,-435,38
2026-07-02T20:14:40.986,1.532966,FRAME,2664,18796,-213,-215,-207,-445,38
2026-07-02T20:14:40.987,1.533558,FRAME,2665,18797,-183,-259,-141,-414,38
2026-07-02T20:14:40.988,1.534210,FRAME,2666,18798,-132,-186,-144,-407,38
2026-07-02T20:14:40.988,1.534820,FRAME,2667,18799,-86,-154,-158,-440,37
2026-07-02T20:14:40.989,1.535403,FRAME,2668,18800,-71,-121,-139,-413,37
2026-07-02T20:14:40.989,1.535995,FRAME,2669,18801,-21,-123,-93,-407,36
2026-07-02T20:14:40.990,1.536561,FRAME,2670,18802,28,-116,-81,-419,35
2026-07-02T20:14:40.990,1.537097,FRAME,2671,18803,12,-77,-97,-403,34
2026-07-02T20:14:40.991,1.537657,FRAME,2672,18804,27,-96,-111,-431,35
2026-07-02T20:14:40.991,1.538186,FRAME,2673,18805,44,-82,-73,-423,34
2026-07-02T20:14:40.992,1.538791,FRAME,2674,18806,-8,-91,-35,-412,34
2026-07-02T20:14:40.993,1.539373,FRAME,2675,18807,-12,-85,-77,-410,35
2026-07-02T20:14:40.993,1.539948,FRAME,2676,18808,-13,-91,-104,-420,36
2026-07-02T20:14:40.994,1.540500,FRAME,2677,18809,-14,-92,-93,-406,35
2026-07-02T20:14:40.994,1.541063,FRAME,2678,18810,-43,-113,-95,-386,36
2026-07-02T20:14:40.995,1.541672,FRAME,2679,18811,-43,-110,-110,-418,37
2026-07-02T20:14:40.996,1.542208,FRAME,2680,18812,10,-49,-46,-362,34
2026-07-02T20:14:40.996,1.542764,FRAME,2681,18813,12,-70,-76,-359,34
2026-07-02T20:14:40.997,1.543450,FRAME,2682,18814,49,-40,-65,-414,34
2026-07-02T20:14:40.997,1.544104,FRAME,2683,18815,105,-32,-44,-391,35
2026-07-02T20:14:40.998,1.544670,FRAME,2684,18816,87,-47,-61,-419,34
2026-07-02T20:14:40.999,1.545292,FRAME,2685,18817,85,-28,-49,-414,34
2026-07-02T20:14:40.999,1.545838,FRAME,2686,18818,99,-18,-64,-431,34
2026-07-02T20:14:41.000,1.546360,FRAME,2687,18819,90,-2,-43,-419,33
2026-07-02T20:14:41.000,1.546901,FRAME,2688,18820,83,-68,-24,-399,34
2026-07-02T20:14:41.001,1.547438,FRAME,2689,18821,76,-34,-48,-385,34
2026-07-02T20:14:41.001,1.547997,FRAME,2690,18822,23,-44,-110,-451,35
2026-07-02T20:14:41.002,1.548559,FRAME,2691,18823,29,-78,-101,-400,35
2026-07-02T20:14:41.002,1.549080,FRAME,2692,18824,9,-93,-87,-413,33
2026-07-02T20:14:41.003,1.549643,FRAME,2693,18825,-1,-131,-79,-416,35
2026-07-02T20:14:41.004,1.550242,FRAME,2694,18826,-45,-140,-122,-409,37
2026-07-02T20:14:41.004,1.550835,FRAME,2695,18827,-87,-164,-163,-440,37
2026-07-02T20:14:41.005,1.551430,FRAME,2696,18828,-115,-185,-164,-429,38
2026-07-02T20:14:41.005,1.552035,FRAME,2697,18829,-137,-203,-195,-480,38
2026-07-02T20:14:41.006,1.552658,FRAME,2698,18830,-163,-146,-192,-464,38
2026-07-02T20:14:41.007,1.553288,FRAME,2699,18831,-151,-188,-189,-451,38
2026-07-02T20:14:41.007,1.553936,FRAME,2700,18832,-144,-182,-192,-440,38
2026-07-02T20:14:41.008,1.554546,FRAME,2701,18833,-154,-208,-179,-493,38
2026-07-02T20:14:41.008,1.555151,FRAME,2702,18834,-149,-217,-189,-444,38
2026-07-02T20:14:41.009,1.555770,FRAME,2703,18835,-170,-246,-238,-500,38
2026-07-02T20:14:41.010,1.556376,FRAME,2704,18836,-198,-250,-254,-458,38
2026-07-02T20:14:41.010,1.556970,FRAME,2705,18837,-223,-290,-231,-468,38
2026-07-02T20:14:41.011,1.557585,FRAME,2706,18838,-255,-268,-220,-486,38
2026-07-02T20:14:41.011,1.558186,FRAME,2707,18839,-261,-270,-266,-501,38
2026-07-02T20:14:41.012,1.558803,FRAME,2708,18840,-282,-257,-241,-475,38
2026-07-02T20:14:41.013,1.559403,FRAME,2709,18841,-301,-289,-211,-476,38
2026-07-02T20:14:41.013,1.560028,FRAME,2710,18842,-296,-316,-261,-506,38
2026-07-02T20:14:41.014,1.560642,FRAME,2711,18843,-332,-319,-259,-508,38
2026-07-02T20:14:41.015,1.561794,FRAME,2712,18844,-368,-340,-308,-511,38
2026-07-02T20:14:41.016,1.562535,FRAME,2713,18845,-362,-349,-288,-494,38
2026-07-02T20:14:41.017,1.563454,FRAME,2714,18846,-320,-321,-313,-483,38
2026-07-02T20:14:41.018,1.564359,FRAME,2715,18847,-377,-321,-290,-504,38
2026-07-02T20:14:41.019,1.565273,FRAME,2716,18848,-318,-300,-301,-508,38
2026-07-02T20:14:41.019,1.566195,FRAME,2717,18849,-286,-294,-270,-514,38
2026-07-02T20:14:41.020,1.567124,FRAME,2718,18850,-286,-285,-252,-539,38
2026-07-02T20:14:41.021,1.567959,FRAME,2719,18851,-235,-266,-224,-501,38
2026-07-02T20:14:41.022,1.568872,FRAME,2720,18852,-253,-248,-275,-522,38
2026-07-02T20:14:41.023,1.569775,FRAME,2721,18853,-247,-231,-197,-490,38
2026-07-02T20:14:41.024,1.570707,FRAME,2722,18854,-194,-211,-234,-542,38
2026-07-02T20:14:41.025,1.571715,FRAME,2723,18855,-241,-229,-222,-492,38
2026-07-02T20:14:41.026,1.572544,FRAME,2724,18856,-171,-209,-242,-472,38
2026-07-02T20:14:41.027,1.573390,FRAME,2725,18857,-215,-279,-269,-483,38
2026-07-02T20:14:41.028,1.574218,FRAME,2726,18858,-231,-233,-254,-458,38
2026-07-02T20:14:41.028,1.575118,FRAME,2727,18859,-288,-264,-263,-467,38
2026-07-02T20:14:41.029,1.575975,FRAME,2728,18860,-311,-262,-234,-515,38
2026-07-02T20:14:41.030,1.576726,FRAME,2729,18861,-324,-307,-312,-511,38
2026-07-02T20:14:41.031,1.577354,FRAME,2730,18862,-348,-274,-288,-471,38
2026-07-02T20:14:41.032,1.578288,FRAME,2731,18863,-331,-307,-316,-469,38
2026-07-02T20:14:41.032,1.579176,FRAME,2732,18864,-317,-304,-256,-521,38
2026-07-02T20:14:41.033,1.580079,FRAME,2733,18865,-332,-291,-222,-454,38
2026-07-02T20:14:41.034,1.580987,FRAME,2734,18866,-260,-329,-279,-484,38
2026-07-02T20:14:41.035,1.581875,FRAME,2735,18867,-287,-280,-254,-512,38
2026-07-02T20:14:41.036,1.582787,FRAME,2736,18868,-241,-305,-237,-489,38
2026-07-02T20:14:41.037,1.583679,FRAME,2737,18869,-256,-311,-223,-528,38
2026-07-02T20:14:41.038,1.584561,FRAME,2738,18870,-218,-286,-234,-478,38
2026-07-02T20:14:41.039,1.585609,FRAME,2739,18871,-213,-280,-239,-502,38
2026-07-02T20:14:41.040,1.586676,FRAME,2740,18872,-238,-241,-229,-454,38
2026-07-02T20:14:41.041,1.587780,FRAME,2741,18873,-271,-271,-185,-471,38
2026-07-02T20:14:41.042,1.588835,FRAME,2742,18874,-225,-257,-208,-475,38
2026-07-02T20:14:41.043,1.589894,FRAME,2743,18875,-249,-210,-158,-440,38
2026-07-02T20:14:41.044,1.590968,FRAME,2744,18876,-202,-260,-214,-428,38
2026-07-02T20:14:41.045,1.591978,FRAME,2745,18877,-207,-236,-171,-443,38
2026-07-02T20:14:41.046,1.592796,FRAME,2746,18878,-236,-245,-169,-459,38
2026-07-02T20:14:41.047,1.593629,FRAME,2747,18879,-187,-218,-188,-489,38
2026-07-02T20:14:41.048,1.594565,FRAME,2748,18880,-230,-237,-193,-427,38
2026-07-02T20:14:41.049,1.595296,FRAME,2749,18881,-149,-211,-168,-412,38
2026-07-02T20:14:41.049,1.596170,FRAME,2750,18882,-166,-220,-164,-438,38
2026-07-02T20:14:41.050,1.596932,FRAME,2751,18883,-113,-212,-162,-444,38
2026-07-02T20:14:41.051,1.597689,FRAME,2752,18884,-100,-210,-151,-415,38
2026-07-02T20:14:41.052,1.598619,FRAME,2753,18885,-128,-210,-112,-469,38
2026-07-02T20:14:41.053,1.599397,FRAME,2754,18886,-85,-205,-154,-435,37
2026-07-02T20:14:41.082,1.628578,FRAME,2755,18887,-112,-201,-137,-451,38
2026-07-02T20:14:41.083,1.629469,FRAME,2756,18888,-93,-195,-121,-434,37
2026-07-02T20:14:41.084,1.630430,FRAME,2757,18889,-92,-157,-170,-447,37
2026-07-02T20:14:41.085,1.631218,FRAME,2758,18890,-104,-139,-100,-409,38
2026-07-02T20:14:41.085,1.631876,FRAME,2759,18891,-76,-123,-68,-416,36
2026-07-02T20:14:41.086,1.632522,FRAME,2760,18892,-102,-122,-136,-395,38
2026-07-02T20:14:41.086,1.633143,FRAME,2761,18893,-25,-116,-103,-422,37
2026-07-02T20:14:41.087,1.633788,FRAME,2762,18894,-97,-125,-111,-413,37
2026-07-02T20:14:41.088,1.634390,FRAME,2763,18895,-109,-115,-115,-389,38
2026-07-02T20:14:41.088,1.635027,FRAME,2764,18896,-80,-95,-100,-453,36
2026-07-02T20:14:41.089,1.635636,FRAME,2765,18897,-92,-160,-120,-397,37
2026-07-02T20:14:41.090,1.636256,FRAME,2766,18898,-117,-139,-101,-440,38
2026-07-02T20:14:41.090,1.636922,FRAME,2767,18899,-134,-163,-103,-414,38
2026-07-02T20:14:41.091,1.637540,FRAME,2768,18900,-158,-176,-148,-441,38
2026-07-02T20:14:41.091,1.638173,FRAME,2769,18901,-110,-179,-143,-429,38
2026-07-02T20:14:41.092,1.638826,FRAME,2770,18902,-158,-212,-159,-491,38
2026-07-02T20:14:41.093,1.639458,FRAME,2771,18903,-212,-181,-182,-504,38
2026-07-02T20:14:41.093,1.640140,FRAME,2772,18904,-197,-204,-207,-466,38
2026-07-02T20:14:41.094,1.640814,FRAME,2773,18905,-273,-305,-224,-496,38
2026-07-02T20:14:41.095,1.641442,FRAME,2774,18906,-254,-252,-205,-484,38
2026-07-02T20:14:41.096,1.642502,FRAME,2775,18907,-296,-271,-257,-467,38
2026-07-02T20:14:41.096,1.643138,FRAME,2776,18908,-311,-283,-217,-486,38
2026-07-02T20:14:41.097,1.643946,FRAME,2777,18909,-330,-290,-249,-473,38
2026-07-02T20:14:41.098,1.644886,FRAME,2778,18910,-379,-309,-261,-479,38
2026-07-02T20:14:41.099,1.645946,FRAME,2779,18911,-385,-253,-210,-477,38
2026-07-02T20:14:41.100,1.646842,FRAME,2780,18912,-379,-315,-224,-509,38
2026-07-02T20:14:41.101,1.647771,FRAME,2781,18913,-332,-276,-283,-519,38
2026-07-02T20:14:41.102,1.648661,FRAME,2782,18914,-399,-334,-260,-531,38
2026-07-02T20:14:41.103,1.649571,FRAME,2783,18915,-355,-326,-268,-524,38
2026-07-02T20:14:41.104,1.650458,FRAME,2784,18916,-381,-319,-283,-498,38
2026-07-02T20:14:41.105,1.651395,FRAME,2785,18917,-369,-321,-256,-511,38
2026-07-02T20:14:41.106,1.652284,FRAME,2786,18918,-384,-377,-261,-517,38
2026-07-02T20:14:41.106,1.653183,FRAME,2787,18919,-409,-338,-303,-494,38
2026-07-02T20:14:41.107,1.654127,FRAME,2788,18920,-367,-363,-294,-539,38
2026-07-02T20:14:41.108,1.654947,FRAME,2789,18921,-383,-356,-305,-522,38
2026-07-02T20:14:41.109,1.655875,FRAME,2790,18922,-420,-387,-317,-546,38
2026-07-02T20:14:41.110,1.656772,FRAME,2791,18923,-482,-370,-297,-510,38
2026-07-02T20:14:41.111,1.657676,FRAME,2792,18924,-486,-363,-259,-520,38
2026-07-02T20:14:41.112,1.658414,FRAME,2793,18925,-458,-385,-284,-469,38
2026-07-02T20:14:41.112,1.659042,FRAME,2794,18926,-469,-377,-327,-508,38
2026-07-02T20:14:41.113,1.659697,FRAME,2795,18927,-494,-324,-263,-522,38
2026-07-02T20:14:41.114,1.660960,FRAME,2796,18928,-475,-331,-284,-471,38
2026-07-02T20:14:41.115,1.661879,FRAME,2797,18929,-440,-335,-253,-469,38
2026-07-02T20:14:41.116,1.662782,FRAME,2798,18930,-388,-318,-242,-532,38
2026-07-02T20:14:41.117,1.663690,FRAME,2799,18931,-389,-280,-216,-478,38
2026-07-02T20:14:41.118,1.664587,FRAME,2800,18932,-345,-251,-197,-519,38
2026-07-02T20:14:41.119,1.665522,FRAME,2801,18933,-368,-269,-200,-523,38
2026-07-02T20:14:41.120,1.666445,FRAME,2802,18934,-321,-269,-212,-499,38
2026-07-02T20:14:41.121,1.667392,FRAME,2803,18935,-286,-311,-240,-519,38
2026-07-02T20:14:41.122,1.669115,FRAME,2804,18936,-345,-307,-234,-548,38
2026-07-02T20:14:41.123,1.669882,FRAME,2805,18937,-392,-294,-240,-489,38
2026-07-02T20:14:41.124,1.670864,FRAME,2806,18938,-395,-336,-267,-504,38
2026-07-02T20:14:41.125,1.671824,FRAME,2807,18939,-391,-340,-305,-499,38
2026-07-02T20:14:41.126,1.672740,FRAME,2808,18940,-423,-314,-266,-488,38
2026-07-02T20:14:41.127,1.673729,FRAME,2809,18941,-437,-322,-304,-499,38
2026-07-02T20:14:41.128,1.674578,FRAME,2810,18942,-453,-334,-267,-492,38
2026-07-02T20:14:41.129,1.675400,FRAME,2811,18943,-403,-348,-263,-505,38
2026-07-02T20:14:41.130,1.676325,FRAME,2812,18944,-454,-351,-207,-510,38
2026-07-02T20:14:41.131,1.677323,FRAME,2813,18945,-452,-342,-203,-488,38
2026-07-02T20:14:41.131,1.678079,FRAME,2814,18946,-420,-355,-193,-488,38
2026-07-02T20:14:41.132,1.678927,FRAME,2815,18947,-425,-312,-181,-500,38
2026-07-02T20:14:41.133,1.679785,FRAME,2816,18948,-418,-319,-206,-490,38
2026-07-02T20:14:41.134,1.680701,FRAME,2817,18949,-352,-308,-185,-508,38
2026-07-02T20:14:41.135,1.681314,FRAME,2818,18950,-348,-283,-204,-467,38
2026-07-02T20:14:41.135,1.682063,FRAME,2819,18951,-291,-305,-193,-472,38
2026-07-02T20:14:41.136,1.682974,FRAME,2820,18952,-251,-276,-177,-479,38
2026-07-02T20:14:41.137,1.683735,FRAME,2821,18953,-255,-267,-143,-466,38
2026-07-02T20:14:41.138,1.684349,FRAME,2822,18954,-257,-261,-129,-459,38
2026-07-02T20:14:41.138,1.684999,FRAME,2823,18955,-234,-254,-162,-471,38
2026-07-02T20:14:41.139,1.685638,FRAME,2824,18956,-283,-300,-154,-484,38
2026-07-02T20:14:41.140,1.686265,FRAME,2825,18957,-277,-302,-198,-470,38
2026-07-02T20:14:41.140,1.686927,FRAME,2826,18958,-291,-289,-161,-442,38
2026-07-02T20:14:41.141,1.687615,FRAME,2827,18959,-360,-314,-222,-452,38
2026-07-02T20:14:41.142,1.688247,FRAME,2828,18960,-369,-304,-200,-466,38
2026-07-02T20:14:41.142,1.688916,FRAME,2829,18961,-369,-308,-200,-484,38
2026-07-02T20:14:41.143,1.689551,FRAME,2830,18962,-311,-294,-205,-470,38
2026-07-02T20:14:41.143,1.690181,FRAME,2831,18963,-299,-290,-202,-447,38
2026-07-02T20:14:41.144,1.690848,FRAME,2832,18964,-347,-274,-161,-447,38
2026-07-02T20:14:41.145,1.691480,FRAME,2833,18965,-286,-262,-184,-446,38
2026-07-02T20:14:41.145,1.692190,FRAME,2834,18966,-227,-255,-160,-474,38
2026-07-02T20:14:41.146,1.692881,FRAME,2835,18967,-215,-249,-206,-486,38
2026-07-02T20:14:41.147,1.693587,FRAME,2836,18968,-206,-253,-146,-492,38
2026-07-02T20:14:41.148,1.694458,FRAME,2837,18969,-209,-254,-171,-501,38
2026-07-02T20:14:41.148,1.695065,FRAME,2838,18970,-140,-226,-147,-447,38
2026-07-02T20:14:41.149,1.695699,FRAME,2839,18971,-94,-201,-125,-463,37
2026-07-02T20:14:41.150,1.696297,FRAME,2840,18972,-142,-214,-154,-446,38
2026-07-02T20:14:41.150,1.696924,FRAME,2841,18973,-89,-212,-108,-470,37
2026-07-02T20:14:41.151,1.697544,FRAME,2842,18974,-137,-164,-117,-423,38
2026-07-02T20:14:41.151,1.698169,FRAME,2843,18975,-130,-217,-137,-417,38
2026-07-02T20:14:41.152,1.698842,FRAME,2844,18976,-130,-211,-99,-439,37
2026-07-02T20:14:41.153,1.699435,FRAME,2845,18977,-75,-146,-98,-400,36
2026-07-02T20:14:41.153,1.700067,FRAME,2846,18978,-109,-191,-108,-420,38
2026-07-02T20:14:41.154,1.700723,FRAME,2847,18979,-125,-215,-81,-405,37
2026-07-02T20:14:41.155,1.701349,FRAME,2848,18980,-120,-188,-112,-402,38
2026-07-02T20:14:41.155,1.701991,FRAME,2849,18981,-111,-190,-142,-443,38
2026-07-02T20:14:41.156,1.702613,FRAME,2850,18982,-128,-254,-112,-469,38
2026-07-02T20:14:41.157,1.703229,FRAME,2851,18983,-120,-252,-138,-480,38
2026-07-02T20:14:41.157,1.703946,FRAME,2852,18984,-150,-265,-137,-441,38
2026-07-02T20:14:41.158,1.704603,FRAME,2853,18985,-143,-280,-157,-470,38
2026-07-02T20:14:41.159,1.705288,FRAME,2854,18986,-162,-253,-197,-490,38
2026-07-02T20:14:41.159,1.706010,FRAME,2855,18987,-197,-259,-160,-443,38
2026-07-02T20:14:41.160,1.706725,FRAME,2856,18988,-200,-277,-200,-462,38
2026-07-02T20:14:41.161,1.707428,FRAME,2857,18989,-223,-309,-186,-467,38
2026-07-02T20:14:41.161,1.708124,FRAME,2858,18990,-264,-290,-187,-465,38
2026-07-02T20:14:41.162,1.708869,FRAME,2859,18991,-288,-308,-171,-463,38
2026-07-02T20:14:41.163,1.709513,FRAME,2860,18992,-287,-288,-196,-465,38
2026-07-02T20:14:41.164,1.710443,FRAME,2861,18993,-317,-274,-178,-479,38
2026-07-02T20:14:41.192,1.738676,FRAME,2862,18994,-324,-299,-194,-464,38
2026-07-02T20:14:41.193,1.739682,FRAME,2863,18995,-321,-275,-178,-485,38
2026-07-02T20:14:41.194,1.740586,FRAME,2864,18996,-321,-298,-160,-468,38
2026-07-02T20:14:41.195,1.741513,FRAME,2865,18997,-284,-266,-163,-462,38
2026-07-02T20:14:41.196,1.742807,FRAME,2866,18998,-287,-291,-193,-467,38
2026-07-02T20:14:41.197,1.743981,FRAME,2867,18999,-256,-300,-201,-527,38
2026-07-02T20:14:41.198,1.744965,FRAME,2868,19000,-284,-294,-198,-517,38
2026-07-02T20:14:41.199,1.745878,FRAME,2869,19001,-220,-310,-212,-476,38
2026-07-02T20:14:41.200,1.746800,FRAME,2870,19002,-294,-288,-221,-480,38
2026-07-02T20:14:41.201,1.747710,FRAME,2871,19003,-284,-352,-231,-515,38
2026-07-02T20:14:41.202,1.748642,FRAME,2872,19004,-347,-347,-249,-452,38
2026-07-02T20:14:41.203,1.749545,FRAME,2873,19005,-300,-343,-212,-506,38
2026-07-02T20:14:41.204,1.750453,FRAME,2874,19006,-342,-301,-240,-474,38
2026-07-02T20:14:41.205,1.751348,FRAME,2875,19007,-325,-339,-254,-478,38
2026-07-02T20:14:41.205,1.752071,FRAME,2876,19008,-375,-346,-218,-453,38
2026-07-02T20:14:41.206,1.752750,FRAME,2877,19009,-393,-331,-192,-453,38
2026-07-02T20:14:41.207,1.753393,FRAME,2878,19010,-371,-309,-201,-495,38
2026-07-02T20:14:41.207,1.754018,FRAME,2879,19011,-288,-270,-184,-436,38
2026-07-02T20:14:41.208,1.754670,FRAME,2880,19012,-313,-290,-132,-464,38
2026-07-02T20:14:41.209,1.755284,FRAME,2881,19013,-254,-237,-172,-439,38
2026-07-02T20:14:41.209,1.755948,FRAME,2882,19014,-234,-238,-181,-443,38
2026-07-02T20:14:41.210,1.756612,FRAME,2883,19015,-228,-253,-154,-437,38
2026-07-02T20:14:41.211,1.757223,FRAME,2884,19016,-239,-243,-149,-451,38
2026-07-02T20:14:41.211,1.757882,FRAME,2885,19017,-263,-245,-182,-462,38
2026-07-02T20:14:41.212,1.758537,FRAME,2886,19018,-271,-260,-203,-487,38
2026-07-02T20:14:41.212,1.759165,FRAME,2887,19019,-281,-283,-200,-493,38
2026-07-02T20:14:41.213,1.759836,FRAME,2888,19020,-315,-275,-210,-484,38
2026-07-02T20:14:41.214,1.760506,FRAME,2889,19021,-362,-296,-246,-495,38
2026-07-02T20:14:41.214,1.761136,FRAME,2890,19022,-332,-300,-234,-530,38
2026-07-02T20:14:41.215,1.761799,FRAME,2891,19023,-344,-245,-176,-475,38
2026-07-02T20:14:41.216,1.762444,FRAME,2892,19024,-339,-329,-210,-442,38
2026-07-02T20:14:41.217,1.763361,FRAME,2893,19025,-330,-283,-208,-477,38
2026-07-02T20:14:41.217,1.764046,FRAME,2894,19026,-325,-223,-217,-460,38
2026-07-02T20:14:41.218,1.764722,FRAME,2895,19027,-353,-260,-144,-452,38
2026-07-02T20:14:41.219,1.765341,FRAME,2896,19028,-305,-266,-242,-463,38
2026-07-02T20:14:41.219,1.765980,FRAME,2897,19029,-285,-233,-190,-449,38
2026-07-02T20:14:41.220,1.766613,FRAME,2898,19030,-254,-236,-151,-454,38
2026-07-02T20:14:41.221,1.767247,FRAME,2899,19031,-230,-229,-158,-457,38
2026-07-02T20:14:41.221,1.767967,FRAME,2900,19032,-235,-188,-183,-460,38
2026-07-02T20:14:41.222,1.768600,FRAME,2901,19033,-187,-186,-167,-455,38
2026-07-02T20:14:41.223,1.769233,FRAME,2902,19034,-186,-213,-158,-441,38
2026-07-02T20:14:41.223,1.769873,FRAME,2903,19035,-211,-241,-132,-462,38
2026-07-02T20:14:41.224,1.770500,FRAME,2904,19036,-158,-179,-123,-438,38
2026-07-02T20:14:41.224,1.771120,FRAME,2905,19037,-172,-140,-155,-431,38
2026-07-02T20:14:41.225,1.771773,FRAME,2906,19038,-109,-125,-110,-447,38
2026-07-02T20:14:41.226,1.772378,FRAME,2907,19039,-145,-128,-126,-438,38
2026-07-02T20:14:41.226,1.773030,FRAME,2908,19040,-105,-125,-68,-401,37
2026-07-02T20:14:41.227,1.773642,FRAME,2909,19041,-102,-153,-81,-416,37
2026-07-02T20:14:41.228,1.774210,FRAME,2910,19042,-81,-80,-109,-432,36
2026-07-02T20:14:41.228,1.774829,FRAME,2911,19043,-73,-98,-110,-403,36
2026-07-02T20:14:41.229,1.775437,FRAME,2912,19044,-44,-86,-112,-433,36
2026-07-02T20:14:41.229,1.776040,FRAME,2913,19045,-53,-49,-106,-394,36
2026-07-02T20:14:41.230,1.776677,FRAME,2914,19046,-39,-135,-108,-396,37
2026-07-02T20:14:41.231,1.777263,FRAME,2915,19047,-74,-78,-75,-361,35
2026-07-02T20:14:41.231,1.777875,FRAME,2916,19048,-33,-91,-71,-370,35
2026-07-02T20:14:41.232,1.778445,FRAME,2917,19049,-1,-80,-68,-444,34
2026-07-02T20:14:41.233,1.779213,FRAME,2918,19050,22,-50,-86,-435,34
2026-07-02T20:14:41.233,1.779874,FRAME,2919,19051,49,-57,-18,-390,34
2026-07-02T20:14:41.234,1.780438,FRAME,2920,19052,94,-43,-44,-388,34
2026-07-02T20:14:41.234,1.780999,FRAME,2921,19053,86,-42,-30,-415,34
2026-07-02T20:14:41.235,1.781558,FRAME,2922,19054,52,-42,-31,-385,34
2026-07-02T20:14:41.235,1.782096,FRAME,2923,19055,56,-9,-49,-378,33
2026-07-02T20:14:41.236,1.782699,FRAME,2924,19056,-8,-80,-106,-365,35
2026-07-02T20:14:41.237,1.783231,FRAME,2925,19057,25,-38,-39,-386,34
2026-07-02T20:14:41.237,1.783870,FRAME,2926,19058,50,-60,-53,-385,34
2026-07-02T20:14:41.238,1.784419,FRAME,2927,19059,1,-58,-43,-363,33
2026-07-02T20:14:41.238,1.784988,FRAME,2928,19060,82,-83,-52,-349,34
2026-07-02T20:14:41.239,1.785556,FRAME,2929,19061,-3,-79,-26,-387,34
2026-07-02T20:14:41.239,1.786109,FRAME,2930,19062,26,-77,-117,-357,35
2026-07-02T20:14:41.240,1.786723,FRAME,2931,19063,-32,-51,-80,-397,35
2026-07-02T20:14:41.241,1.787256,FRAME,2932,19064,48,-76,-49,-386,34
2026-07-02T20:14:41.241,1.787846,FRAME,2933,19065,25,-25,-66,-394,34
2026-07-02T20:14:41.242,1.788395,FRAME,2934,19066,7,-122,-83,-408,34
2026-07-02T20:14:41.242,1.789023,FRAME,2935,19067,26,-102,-86,-406,35
2026-07-02T20:14:41.243,1.789614,FRAME,2936,19068,34,-90,-97,-401,34
2026-07-02T20:14:41.244,1.790205,FRAME,2937,19069,-29,-149,-131,-468,37
2026-07-02T20:14:41.244,1.790851,FRAME,2938,19070,-30,-171,-106,-449,37
2026-07-02T20:14:41.245,1.791471,FRAME,2939,19071,-99,-203,-135,-418,37
2026-07-02T20:14:41.245,1.792091,FRAME,2940,19072,-96,-248,-204,-425,37
2026-07-02T20:14:41.246,1.792730,FRAME,2941,19073,-211,-214,-178,-433,38
2026-07-02T20:14:41.247,1.793504,FRAME,2942,19074,-215,-237,-178,-414,38
2026-07-02T20:14:41.248,1.794252,FRAME,2943,19075,-247,-281,-210,-430,38
2026-07-02T20:14:41.248,1.794919,FRAME,2944,19076,-272,-293,-205,-460,38
2026-07-02T20:14:41.249,1.795581,FRAME,2945,19077,-306,-310,-145,-467,38
2026-07-02T20:14:41.250,1.796207,FRAME,2946,19078,-283,-264,-236,-467,38
2026-07-02T20:14:41.250,1.796922,FRAME,2947,19079,-277,-257,-199,-454,38
2026-07-02T20:14:41.251,1.797543,FRAME,2948,19080,-235,-267,-220,-445,38
2026-07-02T20:14:41.251,1.798174,FRAME,2949,19081,-271,-270,-148,-470,38
2026-07-02T20:14:41.252,1.798833,FRAME,2950,19082,-260,-264,-236,-456,38
2026-07-02T20:14:41.253,1.799474,FRAME,2951,19083,-237,-252,-254,-499,38
2026-07-02T20:14:41.253,1.800107,FRAME,2952,19084,-231,-324,-230,-523,38
2026-07-02T20:14:41.254,1.800789,FRAME,2953,19085,-284,-324,-233,-526,38
2026-07-02T20:14:41.255,1.801419,FRAME,2954,19086,-291,-315,-244,-520,38
2026-07-02T20:14:41.255,1.802068,FRAME,2955,19087,-342,-331,-291,-497,38
2026-07-02T20:14:41.256,1.802749,FRAME,2956,19088,-302,-332,-280,-504,38
2026-07-02T20:14:41.257,1.803357,FRAME,2957,19089,-352,-341,-270,-479,38
2026-07-02T20:14:41.257,1.804013,FRAME,2958,19090,-389,-380,-305,-504,38
2026-07-02T20:14:41.258,1.804890,FRAME,2959,19091,-359,-383,-282,-534,38
2026-07-02T20:14:41.259,1.805731,FRAME,2960,19092,-400,-358,-236,-483,38
2026-07-02T20:14:41.260,1.806488,FRAME,2961,19093,-410,-409,-275,-497,38
2026-07-02T20:14:41.261,1.807404,FRAME,2962,19094,-382,-348,-248,-508,38
2026-07-02T20:14:41.262,1.808334,FRAME,2963,19095,-345,-302,-279,-474,38
2026-07-02T20:14:41.263,1.809254,FRAME,2964,19096,-332,-314,-233,-447,38
2026-07-02T20:14:41.263,1.810178,FRAME,2965,19097,-293,-278,-249,-448,38
2026-07-02T20:14:41.264,1.811148,FRAME,2966,19098,-243,-295,-192,-460,38
2026-07-02T20:14:41.266,1.812229,FRAME,2967,19099,-226,-263,-201,-454,38
2026-07-02T20:14:41.266,1.813038,FRAME,2968,19100,-214,-251,-168,-498,38
2026-07-02T20:14:41.267,1.813981,FRAME,2969,19101,-217,-267,-240,-453,38
2026-07-02T20:14:41.269,1.815530,FRAME,2970,19102,-243,-280,-213,-477,38
2026-07-02T20:14:41.298,1.844697,FRAME,2971,19103,-240,-281,-240,-507,38
2026-07-02T20:14:41.299,1.845546,FRAME,2972,19104,-268,-283,-223,-476,38
2026-07-02T20:14:41.300,1.846361,FRAME,2973,19105,-295,-300,-215,-529,38
2026-07-02T20:14:41.300,1.847184,FRAME,2974,19106,-319,-305,-227,-506,38
2026-07-02T20:14:41.301,1.847866,FRAME,2975,19107,-318,-298,-250,-532,38
2026-07-02T20:14:41.302,1.848495,FRAME,2976,19108,-388,-304,-220,-517,38
2026-07-02T20:14:41.302,1.849123,FRAME,2977,19109,-327,-309,-266,-507,38
2026-07-02T20:14:41.303,1.849809,FRAME,2978,19110,-290,-321,-256,-502,38
2026-07-02T20:14:41.304,1.850436,FRAME,2979,19111,-232,-292,-251,-472,38
2026-07-02T20:14:41.304,1.851055,FRAME,2980,19112,-253,-274,-221,-449,38
2026-07-02T20:14:41.305,1.851688,FRAME,2981,19113,-211,-294,-182,-459,38
2026-07-02T20:14:41.306,1.852368,FRAME,2982,19114,-217,-274,-251,-522,38
2026-07-02T20:14:41.306,1.853048,FRAME,2983,19115,-184,-246,-255,-474,38
2026-07-02T20:14:41.307,1.853927,FRAME,2984,19116,-145,-286,-216,-500,38
2026-07-02T20:14:41.308,1.855046,FRAME,2985,19117,-166,-242,-185,-493,38
2026-07-02T20:14:41.309,1.856177,FRAME,2986,19118,-130,-196,-211,-480,38
2026-07-02T20:14:41.311,1.857331,FRAME,2987,19119,-155,-221,-215,-521,38
2026-07-02T20:14:41.312,1.858505,FRAME,2988,19120,-152,-220,-176,-506,38
2026-07-02T20:14:41.312,1.859133,FRAME,2989,19121,-139,-208,-177,-473,38
2026-07-02T20:14:41.313,1.859777,FRAME,2990,19122,-191,-247,-212,-468,38
2026-07-02T20:14:41.314,1.860670,FRAME,2991,19123,-200,-219,-210,-465,38
2026-07-02T20:14:41.315,1.861433,FRAME,2992,19124,-149,-248,-178,-446,38
2026-07-02T20:14:41.315,1.862037,FRAME,2993,19125,-155,-241,-205,-439,38
2026-07-02T20:14:41.316,1.862664,FRAME,2994,19126,-147,-188,-171,-423,38
2026-07-02T20:14:41.317,1.863259,FRAME,2995,19127,-117,-190,-196,-450,38
2026-07-02T20:14:41.317,1.863912,FRAME,2996,19128,-204,-223,-199,-465,38
2026-07-02T20:14:41.318,1.864525,FRAME,2997,19129,-133,-239,-201,-474,38
2026-07-02T20:14:41.318,1.865134,FRAME,2998,19130,-133,-194,-192,-448,38
2026-07-02T20:14:41.319,1.865755,FRAME,2999,19131,-158,-205,-191,-454,38
2026-07-02T20:14:41.320,1.866368,FRAME,3000,19132,-151,-239,-222,-461,38
2026-07-02T20:14:41.320,1.866970,FRAME,3001,19133,-139,-200,-175,-494,38
2026-07-02T20:14:41.321,1.867585,FRAME,3002,19134,-120,-200,-167,-446,38
2026-07-02T20:14:41.322,1.868202,FRAME,3003,19135,-129,-195,-139,-441,38
2026-07-02T20:14:41.322,1.868854,FRAME,3004,19136,-90,-181,-156,-426,37
2026-07-02T20:14:41.323,1.869466,FRAME,3005,19137,-82,-181,-127,-466,37
2026-07-02T20:14:41.323,1.870071,FRAME,3006,19138,-67,-187,-164,-446,37
2026-07-02T20:14:41.324,1.870719,FRAME,3007,19139,-117,-212,-129,-392,38
2026-07-02T20:14:41.325,1.871318,FRAME,3008,19140,-90,-173,-168,-437,37
2026-07-02T20:14:41.325,1.871927,FRAME,3009,19141,-151,-136,-188,-432,38
2026-07-02T20:14:41.326,1.872553,FRAME,3010,19142,-144,-166,-179,-431,38
2026-07-02T20:14:41.326,1.873180,FRAME,3011,19143,-120,-224,-170,-443,38
2026-07-02T20:14:41.327,1.873826,FRAME,3012,19144,-151,-227,-198,-478,38
2026-07-02T20:14:41.328,1.874485,FRAME,3013,19145,-164,-230,-239,-452,38
2026-07-02T20:14:41.328,1.875101,FRAME,3014,19146,-236,-244,-214,-458,38
2026-07-02T20:14:41.329,1.875739,FRAME,3015,19147,-213,-235,-170,-478,38
2026-07-02T20:14:41.330,1.876357,FRAME,3016,19148,-243,-227,-205,-480,38
2026-07-02T20:14:41.330,1.876971,FRAME,3017,19149,-203,-226,-199,-523,38
2026-07-02T20:14:41.331,1.877599,FRAME,3018,19150,-209,-247,-219,-497,38
2026-07-02T20:14:41.332,1.878220,FRAME,3019,19151,-191,-253,-201,-497,38
2026-07-02T20:14:41.332,1.878962,FRAME,3020,19152,-203,-249,-249,-518,38
2026-07-02T20:14:41.333,1.879758,FRAME,3021,19153,-219,-273,-194,-502,38
2026-07-02T20:14:41.334,1.880380,FRAME,3022,19154,-226,-259,-258,-540,38
2026-07-02T20:14:41.334,1.880985,FRAME,3023,19155,-255,-286,-198,-518,38
2026-07-02T20:14:41.335,1.881602,FRAME,3024,19156,-268,-308,-236,-499,38
2026-07-02T20:14:41.336,1.882205,FRAME,3025,19157,-302,-353,-260,-499,38
2026-07-02T20:14:41.336,1.882838,FRAME,3026,19158,-285,-329,-226,-439,38
2026-07-02T20:14:41.337,1.883453,FRAME,3027,19159,-336,-317,-238,-473,38
2026-07-02T20:14:41.337,1.884057,FRAME,3028,19160,-324,-336,-274,-453,38
2026-07-02T20:14:41.338,1.884710,FRAME,3029,19161,-356,-299,-286,-495,38
2026-07-02T20:14:41.339,1.885445,FRAME,3030,19162,-381,-375,-304,-481,38
2026-07-02T20:14:41.339,1.886062,FRAME,3031,19163,-390,-378,-281,-511,38
2026-07-02T20:14:41.340,1.886686,FRAME,3032,19164,-345,-351,-289,-501,38
2026-07-02T20:14:41.341,1.887721,FRAME,3033,19165,-312,-352,-267,-460,38
2026-07-02T20:14:41.342,1.888360,FRAME,3034,19166,-354,-334,-239,-489,38
2026-07-02T20:14:41.342,1.889167,FRAME,3035,19167,-316,-334,-281,-526,38
2026-07-02T20:14:41.343,1.890118,FRAME,3036,19168,-340,-345,-319,-535,38
2026-07-02T20:14:41.344,1.891102,FRAME,3037,19169,-333,-397,-307,-530,38
2026-07-02T20:14:41.345,1.892055,FRAME,3038,19170,-333,-366,-330,-533,38
2026-07-02T20:14:41.346,1.893009,FRAME,3039,19171,-349,-345,-244,-509,38
2026-07-02T20:14:41.347,1.893968,FRAME,3040,19172,-342,-326,-304,-490,38
2026-07-02T20:14:41.349,1.895216,FRAME,3041,19173,-419,-328,-315,-456,38
2026-07-02T20:14:41.349,1.896174,FRAME,3042,19174,-348,-296,-220,-478,38
2026-07-02T20:14:41.350,1.897095,FRAME,3043,19175,-327,-280,-220,-472,38
2026-07-02T20:14:41.351,1.898014,FRAME,3044,19176,-337,-281,-204,-475,38
2026-07-02T20:14:41.352,1.898892,FRAME,3045,19177,-299,-268,-234,-433,38
2026-07-02T20:14:41.353,1.899539,FRAME,3046,19178,-326,-275,-214,-480,38
2026-07-02T20:14:41.354,1.900403,FRAME,3047,19179,-344,-287,-251,-491,38
2026-07-02T20:14:41.355,1.901299,FRAME,3048,19180,-350,-264,-217,-449,38
2026-07-02T20:14:41.355,1.902174,FRAME,3049,19181,-349,-271,-248,-468,38
2026-07-02T20:14:41.356,1.903054,FRAME,3050,19182,-334,-261,-221,-468,38
2026-07-02T20:14:41.357,1.903704,FRAME,3051,19183,-356,-261,-241,-517,38
2026-07-02T20:14:41.358,1.904665,FRAME,3052,19184,-377,-287,-276,-509,38
2026-07-02T20:14:41.359,1.905519,FRAME,3053,19185,-322,-260,-248,-536,38
2026-07-02T20:14:41.360,1.906624,FRAME,3054,19186,-333,-312,-260,-521,38
2026-07-02T20:14:41.361,1.907563,FRAME,3055,19187,-312,-292,-253,-502,38
2026-07-02T20:14:41.362,1.908682,FRAME,3056,19188,-333,-298,-228,-494,38
2026-07-02T20:14:41.364,1.910743,FRAME,3057,19189,-317,-307,-259,-485,38
2026-07-02T20:14:41.366,1.912581,FRAME,3058,19190,-336,-325,-259,-473,38
2026-07-02T20:14:41.367,1.913721,FRAME,3059,19191,-340,-299,-224,-418,38
2026-07-02T20:14:41.368,1.914863,FRAME,3060,19192,-292,-299,-221,-472,38
2026-07-02T20:14:41.369,1.916009,FRAME,3061,19193,-304,-243,-199,-446,38
2026-07-02T20:14:41.370,1.917139,FRAME,3062,19194,-314,-270,-201,-457,38
2026-07-02T20:14:41.372,1.918251,FRAME,3063,19195,-266,-231,-184,-487,38
2026-07-02T20:14:41.373,1.919386,FRAME,3064,19196,-273,-259,-163,-438,38
2026-07-02T20:14:41.374,1.920504,FRAME,3065,19197,-232,-253,-188,-450,38
2026-07-02T20:14:41.375,1.921639,FRAME,3066,19198,-280,-187,-138,-456,38
2026-07-02T20:14:41.376,1.922814,FRAME,3067,19199,-247,-232,-140,-470,38
2026-07-02T20:14:41.377,1.923943,FRAME,3068,19200,-192,-177,-69,-467,37
2026-07-02T20:14:41.378,1.925093,FRAME,3069,19201,-174,-178,-134,-439,38
2026-07-02T20:14:41.380,1.926201,FRAME,3070,19202,-125,-168,-97,-444,37
2026-07-02T20:14:41.380,1.926817,FRAME,3071,19203,-96,-143,-75,-471,36
2026-07-02T20:14:41.381,1.927485,FRAME,3072,19204,-118,-133,-132,-404,38
2026-07-02T20:14:41.381,1.928070,FRAME,3073,19205,-92,-144,-71,-455,36
2026-07-02T20:14:41.382,1.928805,FRAME,3074,19206,-116,-186,-94,-396,37
2026-07-02T20:14:41.383,1.929613,FRAME,3075,19207,-133,-133,-74,-430,37
2026-07-02T20:14:41.384,1.930215,FRAME,3076,19208,-104,-119,-76,-362,37
2026-07-02T20:14:41.384,1.930838,FRAME,3077,19209,-137,-120,-88,-391,37
2026-07-02T20:14:41.407,1.953511,FRAME,3078,19210,-155,-100,-77,-407,37
2026-07-02T20:14:41.408,1.954346,FRAME,3079,19211,-117,-103,-68,-353,37
2026-07-02T20:14:41.408,1.955121,FRAME,3080,19212,-114,-87,-87,-404,36
2026-07-02T20:14:41.409,1.955877,FRAME,3081,19213,-102,-84,-76,-386,36
2026-07-02T20:14:41.410,1.956485,FRAME,3082,19214,-92,-103,-15,-423,36
2026-07-02T20:14:41.410,1.957074,FRAME,3083,19215,-77,-112,-23,-409,36
2026-07-02T20:14:41.411,1.957666,FRAME,3084,19216,-19,-62,-42,-398,35
2026-07-02T20:14:41.411,1.958158,FRAME,3085,19217,9,-48,6,-416,31
2026-07-02T20:14:41.412,1.958782,FRAME,3086,19218,22,-28,3,-414,32
2026-07-02T20:14:41.413,1.959374,FRAME,3087,19219,79,-71,21,-388,33
2026-07-02T20:14:41.413,1.960029,FRAME,3088,19220,34,-50,-23,-394,34
2026-07-02T20:14:41.414,1.960705,FRAME,3089,19221,6,-59,-2,-370,32
2026-07-02T20:14:41.415,1.961401,FRAME,3090,19222,36,-41,4,-371,32
2026-07-02T20:14:41.415,1.961952,FRAME,3091,19223,31,-23,-61,-386,34
2026-07-02T20:14:41.416,1.962498,FRAME,3092,19224,-2,-33,12,-358,33
2026-07-02T20:14:41.416,1.963063,FRAME,3093,19225,-19,-56,-41,-367,35
2026-07-02T20:14:41.417,1.963628,FRAME,3094,19226,-12,-47,-26,-407,35
2026-07-02T20:14:41.418,1.964202,FRAME,3095,19227,-59,-64,-103,-410,36
2026-07-02T20:14:41.418,1.964856,FRAME,3096,19228,-44,-118,-107,-415,37
2026-07-02T20:14:41.419,1.965470,FRAME,3097,19229,-107,-102,-123,-405,38
2026-07-02T20:14:41.419,1.966074,FRAME,3098,19230,-116,-110,-115,-407,38
2026-07-02T20:14:41.420,1.966687,FRAME,3099,19231,-94,-109,-108,-416,37
2026-07-02T20:14:41.421,1.967722,FRAME,3100,19232,-148,-113,-127,-434,38
2026-07-02T20:14:41.422,1.968350,FRAME,3101,19233,-142,-135,-126,-438,38
2026-07-02T20:14:41.422,1.969097,FRAME,3102,19234,-183,-173,-157,-502,38
2026-07-02T20:14:41.423,1.970048,FRAME,3103,19235,-178,-192,-146,-491,38
2026-07-02T20:14:41.424,1.971048,FRAME,3104,19236,-210,-222,-188,-458,38
2026-07-02T20:14:41.425,1.971980,FRAME,3105,19237,-226,-185,-199,-474,38
2026-07-02T20:14:41.426,1.972946,FRAME,3106,19238,-251,-229,-198,-500,38
2026-07-02T20:14:41.427,1.973886,FRAME,3107,19239,-297,-265,-276,-456,38
2026-07-02T20:14:41.428,1.974805,FRAME,3108,19240,-309,-257,-224,-464,38
2026-07-02T20:14:41.429,1.975803,FRAME,3109,19241,-316,-255,-223,-487,38
2026-07-02T20:14:41.430,1.976762,FRAME,3110,19242,-342,-264,-220,-484,38
2026-07-02T20:14:41.431,1.977689,FRAME,3111,19243,-370,-316,-241,-464,38
2026-07-02T20:14:41.432,1.978628,FRAME,3112,19244,-367,-318,-252,-480,38
2026-07-02T20:14:41.433,1.979566,FRAME,3113,19245,-376,-349,-259,-496,38
2026-07-02T20:14:41.434,1.980462,FRAME,3114,19246,-390,-326,-277,-501,38
2026-07-02T20:14:41.435,1.981253,FRAME,3115,19247,-398,-344,-266,-481,38
2026-07-02T20:14:41.435,1.982134,FRAME,3116,19248,-383,-328,-245,-484,38
2026-07-02T20:14:41.436,1.983067,FRAME,3117,19249,-328,-304,-310,-483,38
2026-07-02T20:14:41.437,1.983760,FRAME,3118,19250,-332,-310,-278,-504,38
2026-07-02T20:14:41.438,1.984366,FRAME,3119,19251,-329,-337,-262,-490,38
2026-07-02T20:14:41.439,1.985440,FRAME,3120,19252,-308,-341,-252,-505,38
2026-07-02T20:14:41.440,1.986370,FRAME,3121,19253,-344,-337,-298,-518,38
2026-07-02T20:14:41.441,1.987347,FRAME,3122,19254,-357,-334,-292,-470,38
2026-07-02T20:14:41.442,1.988341,FRAME,3123,19255,-344,-301,-251,-519,38
2026-07-02T20:14:41.443,1.989461,FRAME,3124,19256,-300,-280,-247,-467,38
2026-07-02T20:14:41.444,1.990418,FRAME,3125,19257,-275,-260,-253,-448,38
2026-07-02T20:14:41.445,1.991546,FRAME,3126,19258,-268,-259,-245,-412,38
2026-07-02T20:14:41.447,1.993247,FRAME,3127,19259,-239,-212,-213,-450,38
2026-07-02T20:14:41.447,1.994036,FRAME,3128,19260,-259,-222,-224,-428,38
2026-07-02T20:14:41.448,1.994801,FRAME,3129,19261,-302,-235,-253,-470,38
2026-07-02T20:14:41.449,1.995415,FRAME,3130,19262,-303,-265,-256,-478,38
2026-07-02T20:14:41.449,1.996022,FRAME,3131,19263,-318,-244,-251,-455,38
2026-07-02T20:14:41.450,1.996688,FRAME,3132,19264,-331,-271,-264,-446,38
2026-07-02T20:14:41.451,1.997295,FRAME,3133,19265,-300,-288,-237,-444,38
2026-07-02T20:14:41.451,1.997899,FRAME,3134,19266,-351,-346,-289,-514,38
2026-07-02T20:14:41.452,1.998515,FRAME,3135,19267,-316,-286,-256,-516,38
2026-07-02T20:14:41.452,1.999123,FRAME,3136,19268,-321,-277,-259,-520,38
2026-07-02T20:14:41.453,1.999750,FRAME,3137,19269,-294,-315,-347,-524,38
2026-07-02T20:14:41.454,2.000363,FRAME,3138,19270,-335,-276,-287,-508,38
2026-07-02T20:14:41.454,2.000967,FRAME,3139,19271,-294,-327,-281,-485,38
2026-07-02T20:14:41.455,2.001579,FRAME,3140,19272,-344,-298,-297,-518,38
2026-07-02T20:14:41.455,2.002186,FRAME,3141,19273,-342,-312,-297,-480,38
2026-07-02T20:14:41.456,2.002862,FRAME,3142,19274,-307,-281,-254,-420,38
2026-07-02T20:14:41.457,2.003475,FRAME,3143,19275,-337,-311,-247,-451,38
2026-07-02T20:14:41.457,2.004086,FRAME,3144,19276,-339,-268,-234,-469,38
2026-07-02T20:14:41.458,2.004711,FRAME,3145,19277,-292,-254,-215,-469,38
2026-07-02T20:14:41.459,2.005322,FRAME,3146,19278,-333,-241,-220,-471,38
2026-07-02T20:14:41.459,2.005934,FRAME,3147,19279,-266,-221,-198,-454,38
2026-07-02T20:14:41.460,2.006567,FRAME,3148,19280,-250,-224,-182,-436,38
2026-07-02T20:14:41.460,2.007182,FRAME,3149,19281,-291,-230,-191,-441,38
2026-07-02T20:14:41.461,2.007856,FRAME,3150,19282,-214,-187,-180,-443,38
2026-07-02T20:14:41.462,2.008487,FRAME,3151,19283,-226,-193,-139,-425,38
2026-07-02T20:14:41.462,2.009104,FRAME,3152,19284,-147,-192,-154,-439,38
2026-07-02T20:14:41.463,2.009742,FRAME,3153,19285,-200,-165,-168,-467,38
2026-07-02T20:14:41.464,2.010681,FRAME,3154,19286,-175,-184,-130,-431,38
2026-07-02T20:14:41.465,2.011393,FRAME,3155,19287,-160,-207,-140,-474,38
2026-07-02T20:14:41.465,2.012028,FRAME,3156,19288,-137,-177,-187,-434,38
2026-07-02T20:14:41.466,2.012706,FRAME,3157,19289,-137,-203,-117,-394,38
2026-07-02T20:14:41.467,2.013332,FRAME,3158,19290,-158,-190,-135,-436,38
2026-07-02T20:14:41.467,2.013972,FRAME,3159,19291,-133,-218,-141,-431,38
2026-07-02T20:14:41.468,2.014595,FRAME,3160,19292,-164,-255,-137,-435,38
2026-07-02T20:14:41.469,2.015208,FRAME,3161,19293,-154,-205,-162,-464,38
2026-07-02T20:14:41.469,2.015856,FRAME,3162,19294,-210,-228,-118,-416,38
2026-07-02T20:14:41.470,2.016482,FRAME,3163,19295,-172,-196,-142,-425,38
2026-07-02T20:14:41.470,2.017084,FRAME,3164,19296,-147,-183,-129,-415,38
2026-07-02T20:14:41.471,2.017709,FRAME,3165,19297,-175,-159,-127,-423,38
2026-07-02T20:14:41.472,2.018326,FRAME,3166,19298,-109,-165,-108,-417,38
2026-07-02T20:14:41.472,2.018946,FRAME,3167,19299,-86,-151,-102,-429,37
2026-07-02T20:14:41.473,2.019557,FRAME,3168,19300,-52,-126,-125,-433,37
2026-07-02T20:14:41.473,2.020143,FRAME,3169,19301,-78,-147,-105,-463,37
2026-07-02T20:14:41.474,2.020806,FRAME,3170,19302,-63,-123,-71,-417,36
2026-07-02T20:14:41.475,2.021391,FRAME,3171,19303,-48,-157,-70,-421,36
2026-07-02T20:14:41.475,2.021979,FRAME,3172,19304,-64,-147,-110,-392,37
2026-07-02T20:14:41.476,2.022593,FRAME,3173,19305,-40,-155,-128,-388,37
2026-07-02T20:14:41.476,2.023185,FRAME,3174,19306,-98,-152,-105,-429,37
2026-07-02T20:14:41.477,2.023848,FRAME,3175,19307,-144,-133,-129,-444,38
2026-07-02T20:14:41.478,2.024476,FRAME,3176,19308,-167,-185,-135,-448,38
2026-07-02T20:14:41.478,2.025086,FRAME,3177,19309,-171,-202,-177,-446,38
2026-07-02T20:14:41.479,2.025725,FRAME,3178,19310,-211,-239,-196,-444,38
2026-07-02T20:14:41.480,2.026358,FRAME,3179,19311,-254,-269,-210,-444,38
2026-07-02T20:14:41.480,2.026975,FRAME,3180,19312,-268,-279,-171,-389,38
2026-07-02T20:14:41.481,2.027817,FRAME,3181,19313,-304,-286,-216,-439,38
2026-07-02T20:14:41.482,2.028476,FRAME,3182,19314,-280,-268,-224,-514,38
2026-07-02T20:14:41.482,2.029081,FRAME,3183,19315,-300,-315,-267,-465,38
2026-07-02T20:14:41.483,2.029704,FRAME,3184,19316,-279,-285,-241,-479,38
2026-07-02T20:14:41.484,2.030315,FRAME,3185,19317,-272,-256,-281,-457,38
2026-07-02T20:14:41.484,2.030933,FRAME,3186,19318,-270,-289,-222,-514,38
2026-07-02T20:14:41.515,2.061919,FRAME,3187,19319,-288,-315,-236,-506,38
2026-07-02T20:14:41.516,2.063089,FRAME,3188,19320,-308,-301,-282,-496,38
2026-07-02T20:14:41.517,2.064009,FRAME,3189,19321,-284,-332,-315,-515,38
2026-07-02T20:14:41.518,2.065076,FRAME,3190,19322,-299,-311,-273,-488,38
2026-07-02T20:14:41.519,2.065763,FRAME,3191,19323,-316,-284,-250,-442,38
2026-07-02T20:14:41.520,2.066861,FRAME,3192,19324,-340,-296,-295,-478,38
2026-07-02T20:14:41.521,2.067808,FRAME,3193,19325,-344,-294,-312,-470,38
2026-07-02T20:14:41.522,2.068728,FRAME,3194,19326,-387,-336,-256,-492,38
2026-07-02T20:14:41.523,2.069639,FRAME,3195,19327,-424,-328,-279,-465,38
2026-07-02T20:14:41.524,2.070565,FRAME,3196,19328,-411,-300,-275,-479,38
2026-07-02T20:14:41.525,2.071533,FRAME,3197,19329,-391,-348,-285,-502,38
2026-07-02T20:14:41.526,2.072457,FRAME,3198,19330,-436,-345,-294,-497,38
2026-07-02T20:14:41.527,2.073410,FRAME,3199,19331,-392,-310,-294,-518,38
2026-07-02T20:14:41.527,2.074133,FRAME,3200,19332,-405,-320,-271,-494,38
2026-07-02T20:14:41.528,2.074857,FRAME,3201,19333,-381,-340,-251,-533,38
2026-07-02T20:14:41.529,2.075491,FRAME,3202,19334,-359,-300,-233,-492,38
2026-07-02T20:14:41.529,2.076109,FRAME,3203,19335,-373,-262,-220,-533,38
2026-07-02T20:14:41.530,2.077028,FRAME,3204,19336,-355,-253,-233,-512,38
2026-07-02T20:14:41.531,2.077997,FRAME,3205,19337,-335,-241,-169,-472,38
2026-07-02T20:14:41.532,2.078737,FRAME,3206,19338,-283,-228,-205,-482,38
2026-07-02T20:14:41.533,2.079790,FRAME,3207,19339,-276,-202,-203,-483,38
2026-07-02T20:14:41.534,2.080484,FRAME,3208,19340,-318,-221,-187,-496,38
2026-07-02T20:14:41.535,2.081326,FRAME,3209,19341,-319,-196,-184,-436,38
2026-07-02T20:14:41.536,2.082305,FRAME,3210,19342,-343,-240,-198,-450,38
2026-07-02T20:14:41.536,2.083083,FRAME,3211,19343,-392,-283,-222,-472,38
2026-07-02T20:14:41.537,2.083901,FRAME,3212,19344,-418,-251,-259,-442,38
2026-07-02T20:14:41.538,2.084634,FRAME,3213,19345,-422,-272,-251,-495,38
2026-07-02T20:14:41.539,2.085518,FRAME,3214,19346,-395,-295,-232,-489,38
2026-07-02T20:14:41.539,2.086145,FRAME,3215,19347,-430,-322,-245,-445,38
2026-07-02T20:14:41.540,2.086830,FRAME,3216,19348,-408,-309,-227,-492,38
2026-07-02T20:14:41.541,2.087593,FRAME,3217,19349,-399,-269,-303,-549,38
2026-07-02T20:14:41.542,2.088327,FRAME,3218,19350,-434,-284,-252,-524,38
2026-07-02T20:14:41.542,2.088954,FRAME,3219,19351,-323,-288,-254,-513,38
2026-07-02T20:14:41.543,2.089576,FRAME,3220,19352,-273,-285,-299,-503,38
2026-07-02T20:14:41.544,2.090233,FRAME,3221,19353,-323,-223,-189,-536,38
2026-07-02T20:14:41.544,2.090872,FRAME,3222,19354,-310,-210,-206,-499,38
2026-07-02T20:14:41.545,2.091499,FRAME,3223,19355,-291,-248,-249,-517,38
2026-07-02T20:14:41.545,2.092118,FRAME,3224,19356,-291,-251,-192,-477,38
2026-07-02T20:14:41.546,2.092794,FRAME,3225,19357,-263,-257,-235,-467,38
2026-07-02T20:14:41.547,2.093425,FRAME,3226,19358,-304,-229,-211,-448,38
2026-07-02T20:14:41.547,2.094042,FRAME,3227,19359,-246,-194,-219,-469,38
2026-07-02T20:14:41.548,2.094796,FRAME,3228,19360,-251,-218,-165,-465,38
2026-07-02T20:14:41.549,2.095448,FRAME,3229,19361,-282,-222,-183,-454,38
2026-07-02T20:14:41.550,2.096203,FRAME,3230,19362,-275,-255,-207,-403,38
2026-07-02T20:14:41.550,2.096971,FRAME,3231,19363,-294,-248,-206,-483,38
2026-07-02T20:14:41.551,2.097604,FRAME,3232,19364,-312,-261,-168,-429,38
2026-07-02T20:14:41.552,2.098226,FRAME,3233,19365,-255,-205,-205,-466,38
2026-07-02T20:14:41.552,2.098895,FRAME,3234,19366,-277,-251,-205,-464,38
2026-07-02T20:14:41.553,2.099514,FRAME,3235,19367,-241,-221,-224,-505,38
2026-07-02T20:14:41.554,2.100365,FRAME,3236,19368,-235,-260,-172,-530,38
2026-07-02T20:14:41.554,2.100986,FRAME,3237,19369,-269,-267,-173,-471,38
2026-07-02T20:14:41.555,2.101599,FRAME,3238,19370,-271,-246,-167,-500,38
2026-07-02T20:14:41.556,2.102200,FRAME,3239,19371,-259,-241,-176,-471,38
2026-07-02T20:14:41.556,2.102823,FRAME,3240,19372,-297,-241,-240,-451,38
2026-07-02T20:14:41.557,2.103478,FRAME,3241,19373,-294,-236,-176,-472,38
2026-07-02T20:14:41.557,2.104083,FRAME,3242,19374,-291,-216,-189,-451,38
2026-07-02T20:14:41.558,2.104703,FRAME,3243,19375,-288,-232,-213,-442,38
2026-07-02T20:14:41.559,2.105308,FRAME,3244,19376,-313,-220,-215,-519,38
2026-07-02T20:14:41.559,2.105920,FRAME,3245,19377,-290,-259,-187,-465,38
2026-07-02T20:14:41.560,2.106540,FRAME,3246,19378,-312,-235,-242,-464,38
2026-07-02T20:14:41.560,2.107148,FRAME,3247,19379,-274,-249,-189,-441,38
2026-07-02T20:14:41.561,2.107787,FRAME,3248,19380,-178,-260,-232,-436,38
2026-07-02T20:14:41.562,2.108445,FRAME,3249,19381,-202,-171,-152,-430,38
2026-07-02T20:14:41.562,2.109052,FRAME,3250,19382,-146,-133,-151,-410,38
2026-07-02T20:14:41.563,2.109684,FRAME,3251,19383,-152,-176,-167,-460,38
2026-07-02T20:14:41.564,2.110415,FRAME,3252,19384,-76,-147,-149,-456,37
2026-07-02T20:14:41.564,2.111045,FRAME,3253,19385,-105,-171,-126,-469,38
2026-07-02T20:14:41.565,2.111642,FRAME,3254,19386,-58,-110,-130,-461,37
2026-07-02T20:14:41.566,2.112355,FRAME,3255,19387,-57,-174,-130,-453,37
2026-07-02T20:14:41.566,2.113092,FRAME,3256,19388,-60,-147,-177,-470,37
2026-07-02T20:14:41.567,2.113719,FRAME,3257,19389,-108,-161,-146,-444,38
2026-07-02T20:14:41.568,2.114333,FRAME,3258,19390,-124,-213,-176,-462,38
2026-07-02T20:14:41.568,2.114967,FRAME,3259,19391,-135,-181,-185,-452,38
2026-07-02T20:14:41.569,2.115588,FRAME,3260,19392,-196,-216,-206,-422,38
2026-07-02T20:14:41.569,2.116192,FRAME,3261,19393,-230,-246,-198,-452,38
2026-07-02T20:14:41.570,2.116817,FRAME,3262,19394,-264,-236,-200,-442,38
2026-07-02T20:14:41.571,2.117440,FRAME,3263,19395,-213,-282,-234,-493,38
2026-07-02T20:14:41.571,2.118038,FRAME,3264,19396,-243,-278,-213,-453,38
2026-07-02T20:14:41.572,2.118670,FRAME,3265,19397,-276,-274,-244,-483,38
2026-07-02T20:14:41.573,2.119260,FRAME,3266,19398,-269,-318,-240,-459,38
2026-07-02T20:14:41.573,2.119948,FRAME,3267,19399,-242,-276,-258,-486,38
2026-07-02T20:14:41.574,2.120639,FRAME,3268,19400,-240,-285,-242,-497,38
2026-07-02T20:14:41.575,2.121242,FRAME,3269,19401,-260,-283,-194,-486,38
2026-07-02T20:14:41.575,2.121865,FRAME,3270,19402,-272,-332,-270,-481,38
2026-07-02T20:14:41.576,2.122485,FRAME,3271,19403,-298,-289,-277,-514,38
2026-07-02T20:14:41.576,2.123094,FRAME,3272,19404,-291,-321,-265,-494,38
2026-07-02T20:14:41.577,2.123717,FRAME,3273,19405,-319,-366,-253,-503,38
2026-07-02T20:14:41.578,2.124346,FRAME,3274,19406,-325,-325,-235,-494,38
2026-07-02T20:14:41.578,2.124987,FRAME,3275,19407,-318,-334,-295,-475,38
2026-07-02T20:14:41.579,2.125609,FRAME,3276,19408,-310,-356,-254,-479,38
2026-07-02T20:14:41.580,2.126207,FRAME,3277,19409,-331,-315,-281,-491,38
2026-07-02T20:14:41.580,2.126837,FRAME,3278,19410,-339,-371,-282,-471,38
2026-07-02T20:14:41.581,2.127454,FRAME,3279,19411,-378,-379,-297,-483,38
2026-07-02T20:14:41.581,2.128054,FRAME,3280,19412,-378,-355,-258,-505,38
2026-07-02T20:14:41.582,2.128739,FRAME,3281,19413,-346,-360,-280,-511,38
2026-07-02T20:14:41.583,2.129449,FRAME,3282,19414,-341,-363,-314,-501,38
2026-07-02T20:14:41.583,2.130197,FRAME,3283,19415,-373,-354,-306,-557,38
2026-07-02T20:14:41.584,2.130855,FRAME,3284,19416,-371,-317,-276,-534,38
2026-07-02T20:14:41.585,2.131469,FRAME,3285,19417,-329,-324,-288,-512,38
2026-07-02T20:14:41.586,2.132532,FRAME,3286,19418,-295,-292,-218,-473,38
2026-07-02T20:14:41.586,2.133192,FRAME,3287,19419,-280,-249,-265,-485,38
2026-07-02T20:14:41.587,2.134132,FRAME,3288,19420,-228,-268,-228,-507,38
2026-07-02T20:14:41.588,2.135067,FRAME,3289,19421,-251,-261,-226,-492,38
2026-07-02T20:14:41.589,2.136037,FRAME,3290,19422,-233,-262,-203,-480,38
2026-07-02T20:14:41.590,2.136976,FRAME,3291,19423,-237,-279,-178,-491,38
2026-07-02T20:14:41.591,2.137923,FRAME,3292,19424,-268,-327,-220,-470,38
2026-07-02T20:14:41.592,2.138878,FRAME,3293,19425,-298,-305,-248,-472,38
2026-07-02T20:14:41.623,2.169592,FRAME,3294,19426,-270,-300,-209,-447,38
2026-07-02T20:14:41.624,2.170458,FRAME,3295,19427,-284,-341,-254,-490,38
2026-07-02T20:14:41.625,2.171255,FRAME,3296,19428,-326,-314,-237,-455,38
2026-07-02T20:14:41.625,2.172032,FRAME,3297,19429,-339,-336,-249,-472,38
2026-07-02T20:14:41.626,2.172700,FRAME,3298,19430,-326,-334,-244,-508,38
2026-07-02T20:14:41.627,2.173316,FRAME,3299,19431,-315,-323,-236,-466,38
2026-07-02T20:14:41.627,2.173916,FRAME,3300,19432,-282,-322,-176,-462,38
2026-07-02T20:14:41.628,2.174658,FRAME,3301,19433,-313,-291,-172,-508,38
2026-07-02T20:14:41.629,2.175257,FRAME,3302,19434,-293,-291,-191,-480,38
2026-07-02T20:14:41.629,2.175881,FRAME,3303,19435,-306,-269,-140,-455,38
2026-07-02T20:14:41.630,2.176583,FRAME,3304,19436,-263,-254,-176,-491,38
2026-07-02T20:14:41.631,2.177346,FRAME,3305,19437,-304,-228,-196,-441,38
2026-07-02T20:14:41.631,2.177948,FRAME,3306,19438,-251,-276,-201,-446,38
2026-07-02T20:14:41.632,2.178589,FRAME,3307,19439,-260,-214,-198,-467,38
2026-07-02T20:14:41.632,2.179198,FRAME,3308,19440,-280,-237,-161,-434,38
2026-07-02T20:14:41.633,2.179827,FRAME,3309,19441,-252,-246,-214,-450,38
2026-07-02T20:14:41.634,2.180444,FRAME,3310,19442,-236,-216,-198,-439,38
2026-07-02T20:14:41.634,2.181043,FRAME,3311,19443,-241,-238,-220,-409,38
2026-07-02T20:14:41.635,2.181663,FRAME,3312,19444,-219,-199,-159,-405,38
2026-07-02T20:14:41.636,2.182255,FRAME,3313,19445,-219,-240,-140,-398,38
2026-07-02T20:14:41.636,2.182876,FRAME,3314,19446,-167,-195,-138,-390,38
2026-07-02T20:14:41.637,2.183516,FRAME,3315,19447,-138,-179,-142,-409,38
2026-07-02T20:14:41.637,2.184116,FRAME,3316,19448,-104,-142,-100,-407,38
2026-07-02T20:14:41.638,2.184752,FRAME,3317,19449,-101,-147,-104,-401,38
2026-07-02T20:14:41.639,2.185334,FRAME,3318,19450,-35,-135,-54,-433,36
2026-07-02T20:14:41.639,2.185918,FRAME,3319,19451,-19,-117,-101,-402,37
2026-07-02T20:14:41.640,2.186501,FRAME,3320,19452,-44,-78,-108,-439,36
2026-07-02T20:14:41.640,2.187045,FRAME,3321,19453,43,-56,-55,-443,34
2026-07-02T20:14:41.641,2.187599,FRAME,3322,19454,18,-67,-38,-379,34
2026-07-02T20:14:41.641,2.188142,FRAME,3323,19455,30,-88,-57,-409,34
2026-07-02T20:14:41.642,2.188736,FRAME,3324,19456,27,-64,-59,-386,34
2026-07-02T20:14:41.643,2.189291,FRAME,3325,19457,54,-71,-85,-348,34
2026-07-02T20:14:41.643,2.189852,FRAME,3326,19458,42,-59,-35,-369,34
2026-07-02T20:14:41.644,2.190415,FRAME,3327,19459,11,-73,-32,-372,34
2026-07-02T20:14:41.644,2.190973,FRAME,3328,19460,34,-66,-40,-402,34
2026-07-02T20:14:41.645,2.191541,FRAME,3329,19461,10,-60,-26,-408,34
2026-07-02T20:14:41.645,2.192098,FRAME,3330,19462,51,-51,-64,-383,34
2026-07-02T20:14:41.646,2.192667,FRAME,3331,19463,18,-81,-31,-366,34
2026-07-02T20:14:41.647,2.193335,FRAME,3332,19464,64,-47,-41,-352,34
2026-07-02T20:14:41.647,2.193966,FRAME,3333,19465,93,-2,-29,-381,33
2026-07-02T20:14:41.648,2.194627,FRAME,3334,19466,92,13,-12,-363,33
2026-07-02T20:14:41.649,2.195444,FRAME,3335,19467,111,-63,-37,-427,35
2026-07-02T20:14:41.649,2.196064,FRAME,3336,19468,93,-75,4,-394,32
2026-07-02T20:14:41.650,2.196762,FRAME,3337,19469,103,-67,-65,-372,35
2026-07-02T20:14:41.651,2.197400,FRAME,3338,19470,83,-39,-27,-391,34
2026-07-02T20:14:41.651,2.198050,FRAME,3339,19471,65,-80,-34,-409,34
2026-07-02T20:14:41.652,2.198697,FRAME,3340,19472,28,-78,-52,-403,34
2026-07-02T20:14:41.653,2.199344,FRAME,3341,19473,56,-85,-61,-400,34
2026-07-02T20:14:41.653,2.200026,FRAME,3342,19474,-54,-103,-62,-445,36
2026-07-02T20:14:41.654,2.200855,FRAME,3343,19475,-40,-123,-105,-424,37
2026-07-02T20:14:41.655,2.201586,FRAME,3344,19476,-73,-127,-136,-437,37
2026-07-02T20:14:41.656,2.202302,FRAME,3345,19477,-132,-167,-139,-434,38
2026-07-02T20:14:41.656,2.202995,FRAME,3346,19478,-153,-190,-152,-464,38
2026-07-02T20:14:41.657,2.203706,FRAME,3347,19479,-169,-196,-161,-430,38
2026-07-02T20:14:41.658,2.204426,FRAME,3348,19480,-137,-185,-149,-461,38
2026-07-02T20:14:41.658,2.205123,FRAME,3349,19481,-150,-176,-137,-478,38
2026-07-02T20:14:41.659,2.205837,FRAME,3350,19482,-156,-215,-125,-472,38
2026-07-02T20:14:41.660,2.206684,FRAME,3351,19483,-142,-189,-135,-488,38
2026-07-02T20:14:41.661,2.207439,FRAME,3352,19484,-162,-261,-177,-515,38
2026-07-02T20:14:41.661,2.208129,FRAME,3353,19485,-184,-227,-181,-492,38
2026-07-02T20:14:41.663,2.209498,FRAME,3354,19486,-184,-251,-210,-493,38
2026-07-02T20:14:41.664,2.210203,FRAME,3355,19487,-207,-307,-208,-522,38
2026-07-02T20:14:41.664,2.210979,FRAME,3356,19488,-253,-243,-165,-475,38
2026-07-02T20:14:41.665,2.212139,FRAME,3357,19489,-233,-280,-247,-473,38
2026-07-02T20:14:41.667,2.213974,FRAME,3358,19490,-275,-276,-193,-498,38
2026-07-02T20:14:41.669,2.215361,FRAME,3359,19491,-315,-276,-222,-487,38
2026-07-02T20:14:41.670,2.216589,FRAME,3360,19492,-292,-284,-227,-481,38
2026-07-02T20:14:41.671,2.217608,FRAME,3361,19493,-328,-316,-256,-492,38
2026-07-02T20:14:41.672,2.218625,FRAME,3362,19494,-307,-318,-281,-498,38
2026-07-02T20:14:41.673,2.219701,FRAME,3363,19495,-371,-373,-264,-514,38
2026-07-02T20:14:41.674,2.220899,FRAME,3364,19496,-401,-353,-259,-508,38
2026-07-02T20:14:41.675,2.222064,FRAME,3365,19497,-392,-334,-263,-512,38
2026-07-02T20:14:41.676,2.223165,FRAME,3366,19498,-339,-310,-267,-540,38
2026-07-02T20:14:41.677,2.224041,FRAME,3367,19499,-336,-329,-222,-464,38
2026-07-02T20:14:41.679,2.225335,FRAME,3368,19500,-305,-302,-222,-480,38
2026-07-02T20:14:41.680,2.226587,FRAME,3369,19501,-266,-272,-207,-487,38
2026-07-02T20:14:41.681,2.227732,FRAME,3370,19502,-293,-314,-153,-482,38
2026-07-02T20:14:41.682,2.228773,FRAME,3371,19503,-290,-278,-193,-469,38
2026-07-02T20:14:41.683,2.229832,FRAME,3372,19504,-205,-241,-202,-488,38
2026-07-02T20:14:41.684,2.230872,FRAME,3373,19505,-211,-225,-174,-495,38
2026-07-02T20:14:41.685,2.231941,FRAME,3374,19506,-222,-281,-192,-481,38
2026-07-02T20:14:41.686,2.233150,FRAME,3375,19507,-291,-244,-207,-462,38
2026-07-02T20:14:41.688,2.234208,FRAME,3376,19508,-250,-272,-242,-476,38
2026-07-02T20:14:41.689,2.235271,FRAME,3377,19509,-333,-333,-247,-461,38
2026-07-02T20:14:41.690,2.236320,FRAME,3378,19510,-328,-307,-246,-483,38
2026-07-02T20:14:41.691,2.237384,FRAME,3379,19511,-361,-320,-238,-481,38
2026-07-02T20:14:41.692,2.238417,FRAME,3380,19512,-369,-308,-233,-450,38
2026-07-02T20:14:41.693,2.239473,FRAME,3381,19513,-374,-316,-247,-499,38
2026-07-02T20:14:41.693,2.240170,FRAME,3382,19514,-350,-296,-168,-439,38
2026-07-02T20:14:41.694,2.241034,FRAME,3383,19515,-300,-274,-203,-489,38
2026-07-02T20:14:41.695,2.241971,FRAME,3384,19516,-283,-293,-188,-487,38
2026-07-02T20:14:41.696,2.242721,FRAME,3385,19517,-261,-277,-186,-472,38
2026-07-02T20:14:41.697,2.243710,FRAME,3386,19518,-217,-274,-189,-503,38
2026-07-02T20:14:41.698,2.244367,FRAME,3387,19519,-217,-266,-160,-484,38
2026-07-02T20:14:41.698,2.245001,FRAME,3388,19520,-227,-300,-121,-491,38
2026-07-02T20:14:41.699,2.245637,FRAME,3389,19521,-220,-288,-139,-498,38
2026-07-02T20:14:41.700,2.246315,FRAME,3390,19522,-263,-233,-163,-439,38
2026-07-02T20:14:41.701,2.247285,FRAME,3391,19523,-188,-256,-117,-456,38
2026-07-02T20:14:41.701,2.248186,FRAME,3392,19524,-192,-209,-197,-444,38
2026-07-02T20:14:41.702,2.249168,FRAME,3393,19525,-207,-200,-109,-461,38
2026-07-02T20:14:41.703,2.250046,FRAME,3394,19526,-177,-243,-112,-397,38
2026-07-02T20:14:41.704,2.250926,FRAME,3395,19527,-192,-227,-145,-449,38
2026-07-02T20:14:41.705,2.251805,FRAME,3396,19528,-204,-244,-130,-470,38
2026-07-02T20:14:41.706,2.252710,FRAME,3397,19529,-217,-209,-141,-480,38
2026-07-02T20:14:41.707,2.253569,FRAME,3398,19530,-224,-248,-114,-457,38
2026-07-02T20:14:41.708,2.254460,FRAME,3399,19531,-190,-221,-120,-464,38
2026-07-02T20:14:41.709,2.255335,FRAME,3400,19532,-133,-226,-100,-442,38
2026-07-02T20:14:41.709,2.256196,FRAME,3401,19533,-183,-215,-153,-445,38
2026-07-02T20:14:41.711,2.257203,FRAME,3402,19534,-183,-225,-131,-508,38
2026-07-02T20:14:41.731,2.278080,FRAME,3403,19535,-199,-245,-172,-461,38
2026-07-02T20:14:41.733,2.279491,FRAME,3404,19536,-192,-191,-134,-485,38
2026-07-02T20:14:41.734,2.280624,FRAME,3405,19537,-175,-208,-139,-491,38
2026-07-02T20:14:41.735,2.281660,FRAME,3406,19538,-166,-203,-118,-471,38
2026-07-02T20:14:41.736,2.282683,FRAME,3407,19539,-170,-183,-156,-474,38
2026-07-02T20:14:41.737,2.283707,FRAME,3408,19540,-149,-166,-110,-450,38
2026-07-02T20:14:41.738,2.284737,FRAME,3409,19541,-143,-195,-88,-447,37
2026-07-02T20:14:41.739,2.285768,FRAME,3410,19542,-166,-186,-120,-464,38
2026-07-02T20:14:41.740,2.286821,FRAME,3411,19543,-192,-202,-146,-462,38
2026-07-02T20:14:41.741,2.287840,FRAME,3412,19544,-185,-199,-127,-476,38
2026-07-02T20:14:41.742,2.288852,FRAME,3413,19545,-222,-238,-177,-452,38
2026-07-02T20:14:41.743,2.289919,FRAME,3414,19546,-191,-233,-170,-445,38
2026-07-02T20:14:41.744,2.291078,FRAME,3415,19547,-193,-222,-164,-430,38
2026-07-02T20:14:41.746,2.292238,FRAME,3416,19548,-186,-209,-168,-458,38
2026-07-02T20:14:41.747,2.293497,FRAME,3417,19549,-203,-276,-190,-452,38
2026-07-02T20:14:41.748,2.294961,FRAME,3418,19550,-218,-236,-169,-459,38
2026-07-02T20:14:41.749,2.296170,FRAME,3419,19551,-225,-299,-185,-478,38
2026-07-02T20:14:41.751,2.297309,FRAME,3420,19552,-236,-290,-189,-482,38
2026-07-02T20:14:41.752,2.298360,FRAME,3421,19553,-273,-296,-198,-506,38
2026-07-02T20:14:41.753,2.299418,FRAME,3422,19554,-301,-300,-259,-517,38
2026-07-02T20:14:41.754,2.300499,FRAME,3423,19555,-344,-374,-212,-517,38
2026-07-02T20:14:41.755,2.301554,FRAME,3424,19556,-353,-337,-234,-477,38
2026-07-02T20:14:41.756,2.302579,FRAME,3425,19557,-363,-325,-224,-492,38
2026-07-02T20:14:41.757,2.303611,FRAME,3426,19558,-358,-344,-219,-456,38
2026-07-02T20:14:41.758,2.304635,FRAME,3427,19559,-352,-331,-224,-422,38
2026-07-02T20:14:41.759,2.305660,FRAME,3428,19560,-343,-393,-202,-464,38
2026-07-02T20:14:41.760,2.306814,FRAME,3429,19561,-407,-380,-209,-454,38
2026-07-02T20:14:41.761,2.307973,FRAME,3430,19562,-379,-370,-236,-482,38
2026-07-02T20:14:41.763,2.309273,FRAME,3431,19563,-371,-399,-255,-467,38
2026-07-02T20:14:41.764,2.310431,FRAME,3432,19564,-401,-356,-239,-477,38
2026-07-02T20:14:41.765,2.311571,FRAME,3433,19565,-408,-379,-281,-523,38
2026-07-02T20:14:41.766,2.312619,FRAME,3434,19566,-400,-427,-277,-507,38
2026-07-02T20:14:41.767,2.313754,FRAME,3435,19567,-371,-419,-260,-525,38
2026-07-02T20:14:41.768,2.314782,FRAME,3436,19568,-351,-397,-303,-491,38
2026-07-02T20:14:41.769,2.315735,FRAME,3437,19569,-373,-386,-272,-525,38
2026-07-02T20:14:41.770,2.316718,FRAME,3438,19570,-337,-413,-296,-536,38
2026-07-02T20:14:41.771,2.317674,FRAME,3439,19571,-386,-395,-265,-508,38
2026-07-02T20:14:41.772,2.318644,FRAME,3440,19572,-389,-434,-236,-536,38
2026-07-02T20:14:41.773,2.319599,FRAME,3441,19573,-392,-357,-284,-492,38
2026-07-02T20:14:41.774,2.320539,FRAME,3442,19574,-404,-366,-299,-486,38
2026-07-02T20:14:41.775,2.321312,FRAME,3443,19575,-422,-368,-258,-493,38
2026-07-02T20:14:41.776,2.322227,FRAME,3444,19576,-396,-330,-280,-454,38
2026-07-02T20:14:41.777,2.323242,FRAME,3445,19577,-346,-332,-215,-504,38
2026-07-02T20:14:41.777,2.324060,FRAME,3446,19578,-315,-309,-225,-473,38
2026-07-02T20:14:41.778,2.324805,FRAME,3447,19579,-317,-290,-237,-430,38
2026-07-02T20:14:41.779,2.325608,FRAME,3448,19580,-288,-290,-226,-454,38
2026-07-02T20:14:41.780,2.326471,FRAME,3449,19581,-269,-262,-224,-415,38
2026-07-02T20:14:41.780,2.327191,FRAME,3450,19582,-243,-282,-186,-472,38
2026-07-02T20:14:41.781,2.327895,FRAME,3451,19583,-255,-269,-212,-471,38
2026-07-02T20:14:41.782,2.328530,FRAME,3452,19584,-261,-290,-232,-487,38
2026-07-02T20:14:41.783,2.329419,FRAME,3453,19585,-297,-285,-224,-488,38
2026-07-02T20:14:41.784,2.330214,FRAME,3454,19586,-312,-301,-246,-485,38
2026-07-02T20:14:41.785,2.331235,FRAME,3455,19587,-298,-327,-228,-517,38
2026-07-02T20:14:41.786,2.332442,FRAME,3456,19588,-322,-341,-257,-486,38
2026-07-02T20:14:41.787,2.333418,FRAME,3457,19589,-350,-312,-259,-475,38
2026-07-02T20:14:41.788,2.334207,FRAME,3458,19590,-349,-288,-253,-462,38
2026-07-02T20:14:41.788,2.334915,FRAME,3459,19591,-366,-318,-222,-477,38
2026-07-02T20:14:41.789,2.335556,FRAME,3460,19592,-350,-323,-258,-517,38
2026-07-02T20:14:41.789,2.336168,FRAME,3461,19593,-312,-304,-232,-468,38
2026-07-02T20:14:41.790,2.336816,FRAME,3462,19594,-301,-280,-245,-456,38
2026-07-02T20:14:41.791,2.337493,FRAME,3463,19595,-336,-290,-209,-469,38
2026-07-02T20:14:41.791,2.338114,FRAME,3464,19596,-306,-277,-222,-439,38
2026-07-02T20:14:41.792,2.338830,FRAME,3465,19597,-278,-239,-211,-472,38
2026-07-02T20:14:41.793,2.339462,FRAME,3466,19598,-254,-297,-210,-500,38
2026-07-02T20:14:41.793,2.340078,FRAME,3467,19599,-271,-249,-241,-478,38
2026-07-02T20:14:41.794,2.340714,FRAME,3468,19600,-253,-240,-199,-461,38
2026-07-02T20:14:41.795,2.341328,FRAME,3469,19601,-216,-244,-185,-481,38
2026-07-02T20:14:41.795,2.341936,FRAME,3470,19602,-177,-231,-158,-419,38
2026-07-02T20:14:41.796,2.342594,FRAME,3471,19603,-152,-242,-156,-500,38
2026-07-02T20:14:41.797,2.343379,FRAME,3472,19604,-176,-175,-141,-474,38
2026-07-02T20:14:41.797,2.344095,FRAME,3473,19605,-121,-173,-127,-449,38
2026-07-02T20:14:41.798,2.344699,FRAME,3474,19606,-95,-168,-130,-437,37
2026-07-02T20:14:41.799,2.345288,FRAME,3475,19607,-86,-156,-132,-426,37
2026-07-02T20:14:41.799,2.345929,FRAME,3476,19608,-29,-142,-117,-454,37
2026-07-02T20:14:41.800,2.346527,FRAME,3477,19609,-39,-127,-107,-405,37
2026-07-02T20:14:41.800,2.347116,FRAME,3478,19610,-34,-122,-105,-393,37
2026-07-02T20:14:41.801,2.347812,FRAME,3479,19611,-50,-143,-117,-399,37
2026-07-02T20:14:41.802,2.348488,FRAME,3480,19612,-59,-162,-127,-434,37
2026-07-02T20:14:41.802,2.349083,FRAME,3481,19613,-90,-130,-130,-436,37
2026-07-02T20:14:41.803,2.349692,FRAME,3482,19614,-52,-132,-107,-363,37
2026-07-02T20:14:41.804,2.350276,FRAME,3483,19615,-41,-116,-60,-383,36
2026-07-02T20:14:41.804,2.350835,FRAME,3484,19616,6,-103,-85,-384,34
2026-07-02T20:14:41.805,2.351420,FRAME,3485,19617,9,-114,-84,-388,34
2026-07-02T20:14:41.805,2.352031,FRAME,3486,19618,-7,-104,-95,-421,35
2026-07-02T20:14:41.806,2.352639,FRAME,3487,19619,-6,-111,-46,-390,35
2026-07-02T20:14:41.807,2.353276,FRAME,3488,19620,16,-105,-58,-432,35
2026-07-02T20:14:41.807,2.353836,FRAME,3489,19621,53,-117,-75,-419,35
2026-07-02T20:14:41.808,2.354432,FRAME,3490,19622,21,-115,-70,-392,35
2026-07-02T20:14:41.808,2.354996,FRAME,3491,19623,-43,-89,-71,-394,35
2026-07-02T20:14:41.809,2.355534,FRAME,3492,19624,7,-84,-30,-355,33
2026-07-02T20:14:41.809,2.356069,FRAME,3493,19625,9,-61,-89,-394,33
2026-07-02T20:14:41.810,2.356666,FRAME,3494,19626,-13,-101,-10,-378,36
2026-07-02T20:14:41.811,2.357220,FRAME,3495,19627,-8,-109,-51,-382,35
2026-07-02T20:14:41.811,2.357816,FRAME,3496,19628,-10,-114,-36,-379,36
2026-07-02T20:14:41.812,2.358460,FRAME,3497,19629,-32,-125,-45,-382,36
2026-07-02T20:14:41.812,2.359042,FRAME,3498,19630,-23,-115,-70,-371,36
2026-07-02T20:14:41.813,2.359740,FRAME,3499,19631,-30,-104,-69,-381,36
2026-07-02T20:14:41.814,2.360472,FRAME,3500,19632,-70,-120,-70,-423,36
2026-07-02T20:14:41.815,2.361454,FRAME,3501,19633,-8,-114,-95,-413,35
2026-07-02T20:14:41.816,2.362638,FRAME,3502,19634,-78,-168,-127,-453,37
2026-07-02T20:14:41.817,2.363371,FRAME,3503,19635,-74,-172,-120,-470,37
2026-07-02T20:14:41.817,2.364067,FRAME,3504,19636,-108,-184,-155,-433,38
2026-07-02T20:14:41.818,2.364794,FRAME,3505,19637,-109,-223,-166,-427,38
2026-07-02T20:14:41.819,2.365409,FRAME,3506,19638,-148,-262,-161,-457,38
2026-07-02T20:14:41.819,2.366026,FRAME,3507,19639,-176,-270,-221,-440,38
2026-07-02T20:14:41.820,2.366659,FRAME,3508,19640,-228,-270,-198,-459,38
2026-07-02T20:14:41.821,2.367277,FRAME,3509,19641,-204,-245,-211,-481,38
2026-07-02T20:14:41.821,2.367880,FRAME,3510,19642,-236,-281,-206,-464,38
2026-07-02T20:14:41.840,2.387036,FRAME,3511,19643,-267,-285,-200,-455,38
2026-07-02T20:14:41.841,2.388016,FRAME,3512,19644,-236,-244,-175,-444,38
2026-07-02T20:14:41.842,2.388860,FRAME,3513,19645,-290,-226,-210,-435,38
2026-07-02T20:14:41.843,2.389735,FRAME,3514,19646,-277,-272,-178,-429,38
2026-07-02T20:14:41.844,2.390668,FRAME,3515,19647,-293,-310,-217,-457,38
2026-07-02T20:14:41.845,2.391498,FRAME,3516,19648,-292,-249,-187,-511,38
2026-07-02T20:14:41.845,2.392114,FRAME,3517,19649,-286,-304,-202,-472,38
2026-07-02T20:14:41.846,2.393091,FRAME,3518,19650,-294,-291,-211,-486,38
2026-07-02T20:14:41.847,2.394036,FRAME,3519,19651,-316,-292,-238,-505,38
2026-07-02T20:14:41.848,2.394958,FRAME,3520,19652,-356,-282,-232,-508,38
2026-07-02T20:14:41.849,2.395921,FRAME,3521,19653,-368,-321,-291,-515,38
2026-07-02T20:14:41.850,2.396880,FRAME,3522,19654,-325,-308,-250,-499,38
2026-07-02T20:14:41.851,2.397787,FRAME,3523,19655,-343,-350,-235,-523,38
2026-07-02T20:14:41.852,2.398984,FRAME,3524,19656,-354,-341,-251,-473,38
2026-07-02T20:14:41.853,2.399701,FRAME,3525,19657,-383,-369,-236,-472,38
2026-07-02T20:14:41.854,2.400432,FRAME,3526,19658,-428,-328,-265,-516,38
2026-07-02T20:14:41.854,2.401034,FRAME,3527,19659,-419,-371,-240,-473,38
2026-07-02T20:14:41.855,2.401677,FRAME,3528,19660,-452,-412,-234,-477,38
2026-07-02T20:14:41.856,2.402296,FRAME,3529,19661,-364,-400,-246,-460,38
2026-07-02T20:14:41.856,2.402932,FRAME,3530,19662,-407,-355,-213,-467,38
2026-07-02T20:14:41.857,2.403551,FRAME,3531,19663,-378,-330,-250,-454,38
2026-07-02T20:14:41.857,2.404165,FRAME,3532,19664,-341,-327,-217,-422,38
2026-07-02T20:14:41.858,2.404804,FRAME,3533,19665,-293,-290,-175,-435,38
2026-07-02T20:14:41.859,2.405442,FRAME,3534,19666,-292,-258,-188,-481,38
2026-07-02T20:14:41.859,2.406059,FRAME,3535,19667,-262,-288,-154,-436,38
2026-07-02T20:14:41.860,2.406705,FRAME,3536,19668,-260,-285,-205,-503,38
2026-07-02T20:14:41.861,2.407365,FRAME,3537,19669,-245,-290,-243,-467,38
2026-07-02T20:14:41.861,2.408020,FRAME,3538,19670,-299,-302,-254,-501,38
2026-07-02T20:14:41.862,2.408664,FRAME,3539,19671,-317,-283,-233,-463,38
2026-07-02T20:14:41.863,2.409300,FRAME,3540,19672,-300,-312,-259,-490,38
2026-07-02T20:14:41.863,2.410100,FRAME,3541,19673,-361,-309,-260,-455,38
2026-07-02T20:14:41.864,2.410886,FRAME,3542,19674,-399,-352,-264,-471,38
2026-07-02T20:14:41.865,2.411517,FRAME,3543,19675,-401,-313,-267,-472,38
2026-07-02T20:14:41.865,2.412131,FRAME,3544,19676,-421,-330,-250,-461,38
2026-07-02T20:14:41.866,2.412887,FRAME,3545,19677,-399,-358,-284,-487,38
2026-07-02T20:14:41.867,2.413521,FRAME,3546,19678,-420,-369,-232,-459,38
2026-07-02T20:14:41.867,2.414142,FRAME,3547,19679,-420,-317,-203,-465,38
2026-07-02T20:14:41.868,2.414796,FRAME,3548,19680,-448,-321,-200,-497,38
2026-07-02T20:14:41.869,2.415428,FRAME,3549,19681,-384,-276,-186,-445,38
2026-07-02T20:14:41.869,2.416043,FRAME,3550,19682,-345,-251,-217,-467,38
2026-07-02T20:14:41.870,2.416683,FRAME,3551,19683,-339,-240,-211,-442,38
2026-07-02T20:14:41.871,2.417314,FRAME,3552,19684,-311,-242,-249,-442,38
2026-07-02T20:14:41.871,2.417933,FRAME,3553,19685,-300,-202,-222,-420,38
2026-07-02T20:14:41.872,2.418585,FRAME,3554,19686,-261,-219,-205,-453,38
2026-07-02T20:14:41.872,2.419188,FRAME,3555,19687,-261,-223,-186,-445,38
2026-07-02T20:14:41.873,2.419827,FRAME,3556,19688,-237,-171,-158,-467,38
2026-07-02T20:14:41.874,2.420458,FRAME,3557,19689,-168,-144,-126,-439,38
2026-07-02T20:14:41.874,2.421083,FRAME,3558,19690,-177,-148,-155,-448,38
2026-07-02T20:14:41.875,2.421729,FRAME,3559,19691,-200,-151,-149,-452,38
2026-07-02T20:14:41.876,2.422357,FRAME,3560,19692,-198,-144,-143,-376,38
2026-07-02T20:14:41.876,2.422972,FRAME,3561,19693,-196,-175,-144,-420,38
2026-07-02T20:14:41.877,2.423671,FRAME,3562,19694,-177,-127,-188,-414,38
2026-07-02T20:14:41.878,2.424292,FRAME,3563,19695,-156,-188,-197,-424,38
2026-07-02T20:14:41.878,2.424944,FRAME,3564,19696,-144,-111,-173,-432,38
2026-07-02T20:14:41.879,2.425602,FRAME,3565,19697,-160,-178,-141,-399,38
2026-07-02T20:14:41.880,2.426205,FRAME,3566,19698,-134,-172,-124,-408,38
2026-07-02T20:14:41.880,2.426904,FRAME,3567,19699,-139,-157,-138,-416,38
2026-07-02T20:14:41.881,2.427682,FRAME,3568,19700,-72,-153,-132,-440,37
2026-07-02T20:14:41.882,2.428296,FRAME,3569,19701,-101,-147,-130,-449,38
2026-07-02T20:14:41.882,2.428921,FRAME,3570,19702,-46,-131,-137,-448,37
2026-07-02T20:14:41.883,2.429533,FRAME,3571,19703,-108,-177,-117,-440,38
2026-07-02T20:14:41.883,2.430114,FRAME,3572,19704,-80,-167,-107,-384,37
2026-07-02T20:14:41.884,2.430740,FRAME,3573,19705,-110,-205,-145,-447,38
2026-07-02T20:14:41.885,2.431345,FRAME,3574,19706,-111,-155,-123,-391,38
2026-07-02T20:14:41.885,2.431944,FRAME,3575,19707,-102,-166,-126,-384,38
2026-07-02T20:14:41.886,2.432551,FRAME,3576,19708,-82,-150,-94,-378,36
2026-07-02T20:14:41.886,2.433137,FRAME,3577,19709,-24,-123,-100,-395,37
2026-07-02T20:14:41.887,2.433729,FRAME,3578,19710,-66,-159,-95,-391,36
2026-07-02T20:14:41.888,2.434361,FRAME,3579,19711,-61,-157,-126,-402,37
2026-07-02T20:14:41.888,2.434971,FRAME,3580,19712,-69,-116,-165,-407,37
2026-07-02T20:14:41.889,2.435567,FRAME,3581,19713,-85,-147,-110,-382,37
2026-07-02T20:14:41.889,2.436179,FRAME,3582,19714,-80,-165,-169,-391,37
2026-07-02T20:14:41.890,2.436804,FRAME,3583,19715,-88,-169,-106,-416,37
2026-07-02T20:14:41.891,2.437445,FRAME,3584,19716,-100,-191,-100,-438,38
2026-07-02T20:14:41.891,2.438029,FRAME,3585,19717,-86,-213,-136,-441,37
2026-07-02T20:14:41.892,2.438640,FRAME,3586,19718,-111,-189,-175,-451,38
2026-07-02T20:14:41.893,2.439267,FRAME,3587,19719,-139,-233,-142,-435,38
2026-07-02T20:14:41.893,2.439906,FRAME,3588,19720,-182,-263,-161,-433,38
2026-07-02T20:14:41.894,2.440525,FRAME,3589,19721,-161,-234,-240,-444,38
2026-07-02T20:14:41.894,2.441173,FRAME,3590,19722,-224,-282,-177,-464,38
2026-07-02T20:14:41.895,2.441820,FRAME,3591,19723,-256,-269,-192,-468,38
2026-07-02T20:14:41.896,2.442446,FRAME,3592,19724,-269,-272,-231,-454,38
2026-07-02T20:14:41.896,2.443088,FRAME,3593,19725,-307,-289,-214,-442,38
2026-07-02T20:14:41.897,2.443967,FRAME,3594,19726,-261,-297,-225,-431,38
2026-07-02T20:14:41.898,2.444616,FRAME,3595,19727,-294,-345,-223,-483,38
2026-07-02T20:14:41.899,2.445289,FRAME,3596,19728,-287,-359,-250,-423,38
2026-07-02T20:14:41.899,2.445890,FRAME,3597,19729,-298,-316,-212,-452,38
2026-07-02T20:14:41.900,2.446599,FRAME,3598,19730,-284,-339,-231,-419,38
2026-07-02T20:14:41.901,2.447215,FRAME,3599,19731,-307,-358,-244,-455,38
2026-07-02T20:14:41.901,2.447856,FRAME,3600,19732,-305,-383,-276,-442,38
2026-07-02T20:14:41.902,2.448467,FRAME,3601,19733,-324,-368,-275,-488,38
2026-07-02T20:14:41.902,2.449081,FRAME,3602,19734,-323,-372,-255,-525,38
2026-07-02T20:14:41.903,2.449718,FRAME,3603,19735,-338,-389,-262,-484,38
2026-07-02T20:14:41.904,2.450329,FRAME,3604,19736,-329,-364,-271,-506,38
2026-07-02T20:14:41.904,2.450960,FRAME,3605,19737,-322,-380,-321,-464,38
2026-07-02T20:14:41.905,2.451582,FRAME,3606,19738,-351,-410,-319,-501,38
2026-07-02T20:14:41.905,2.452186,FRAME,3607,19739,-362,-395,-285,-479,38
2026-07-02T20:14:41.906,2.452811,FRAME,3608,19740,-350,-405,-291,-469,38
2026-07-02T20:14:41.907,2.453419,FRAME,3609,19741,-362,-367,-315,-486,38
2026-07-02T20:14:41.907,2.454017,FRAME,3610,19742,-377,-395,-246,-505,38
2026-07-02T20:14:41.908,2.455085,FRAME,3611,19743,-352,-365,-254,-490,38
2026-07-02T20:14:41.909,2.455834,FRAME,3612,19744,-373,-361,-261,-434,38
2026-07-02T20:14:41.910,2.456789,FRAME,3613,19745,-319,-357,-230,-466,38
2026-07-02T20:14:41.911,2.457778,FRAME,3614,19746,-335,-312,-233,-421,38
2026-07-02T20:14:41.912,2.458935,FRAME,3615,19747,-267,-264,-231,-464,38
2026-07-02T20:14:41.914,2.460409,FRAME,3616,19748,-236,-306,-232,-466,38
2026-07-02T20:14:41.915,2.461880,FRAME,3617,19749,-255,-294,-209,-488,38
2026-07-02T20:14:41.946,2.492733,FRAME,3618,19750,-245,-319,-195,-483,38
2026-07-02T20:14:41.947,2.493633,FRAME,3619,19751,-233,-297,-206,-481,38
2026-07-02T20:14:41.948,2.494670,FRAME,3620,19752,-288,-298,-219,-463,38
2026-07-02T20:14:41.949,2.495368,FRAME,3621,19753,-255,-317,-231,-458,38
2026-07-02T20:14:41.949,2.495998,FRAME,3622,19754,-273,-288,-204,-468,38
2026-07-02T20:14:41.950,2.496681,FRAME,3623,19755,-319,-330,-216,-492,38
2026-07-02T20:14:41.951,2.497311,FRAME,3624,19756,-295,-342,-245,-468,38
2026-07-02T20:14:41.951,2.497928,FRAME,3625,19757,-267,-318,-298,-484,38
2026-07-02T20:14:41.952,2.498588,FRAME,3626,19758,-332,-322,-264,-438,38
2026-07-02T20:14:41.953,2.499204,FRAME,3627,19759,-321,-309,-288,-445,38
2026-07-02T20:14:41.953,2.499846,FRAME,3628,19760,-290,-320,-300,-425,38
2026-07-02T20:14:41.954,2.500474,FRAME,3629,19761,-265,-303,-306,-468,38
2026-07-02T20:14:41.954,2.501093,FRAME,3630,19762,-301,-310,-308,-481,38
2026-07-02T20:14:41.955,2.501787,FRAME,3631,19763,-336,-298,-288,-457,38
2026-07-02T20:14:41.956,2.502419,FRAME,3632,19764,-350,-328,-316,-473,38
2026-07-02T20:14:41.956,2.503042,FRAME,3633,19765,-281,-331,-297,-486,38
2026-07-02T20:14:41.957,2.503697,FRAME,3634,19766,-293,-316,-300,-461,38
2026-07-02T20:14:41.958,2.504367,FRAME,3635,19767,-304,-321,-298,-485,38
2026-07-02T20:14:41.958,2.504983,FRAME,3636,19768,-252,-294,-294,-463,38
2026-07-02T20:14:41.959,2.505600,FRAME,3637,19769,-238,-290,-265,-464,38
2026-07-02T20:14:41.960,2.506216,FRAME,3638,19770,-231,-269,-259,-451,38
2026-07-02T20:14:41.960,2.506837,FRAME,3639,19771,-168,-298,-219,-485,38
2026-07-02T20:14:41.961,2.507466,FRAME,3640,19772,-196,-210,-213,-440,38
2026-07-02T20:14:41.961,2.508089,FRAME,3641,19773,-151,-229,-211,-418,38
2026-07-02T20:14:41.962,2.508771,FRAME,3642,19774,-169,-188,-190,-402,38
2026-07-02T20:14:41.963,2.509396,FRAME,3643,19775,-140,-171,-181,-420,38
2026-07-02T20:14:41.963,2.510102,FRAME,3644,19776,-134,-171,-145,-394,38
2026-07-02T20:14:41.964,2.510826,FRAME,3645,19777,-93,-88,-166,-404,36
2026-07-02T20:14:41.965,2.511434,FRAME,3646,19778,-56,-138,-168,-411,37
2026-07-02T20:14:41.965,2.512024,FRAME,3647,19779,-62,-117,-131,-364,37
2026-07-02T20:14:41.966,2.512606,FRAME,3648,19780,-20,-98,-116,-373,36
2026-07-02T20:14:41.966,2.513173,FRAME,3649,19781,-25,-93,-144,-386,36
2026-07-02T20:14:41.967,2.513768,FRAME,3650,19782,-34,-74,-113,-365,36
2026-07-02T20:14:41.968,2.514331,FRAME,3651,19783,46,-53,-103,-367,35
2026-07-02T20:14:41.968,2.514956,FRAME,3652,19784,63,-70,-93,-420,34
2026-07-02T20:14:41.969,2.515510,FRAME,3653,19785,80,-42,-66,-396,34
2026-07-02T20:14:41.969,2.516080,FRAME,3654,19786,113,-37,-43,-357,35
2026-07-02T20:14:41.970,2.516621,FRAME,3655,19787,128,0,-64,-372,33
2026-07-02T20:14:41.971,2.517225,FRAME,3656,19788,136,-43,-31,-395,35
2026-07-02T20:14:41.971,2.517814,FRAME,3657,19789,112,-25,-15,-357,35
2026-07-02T20:14:41.972,2.518394,FRAME,3658,19790,112,-23,-65,-325,35
2026-07-02T20:14:41.972,2.518940,FRAME,3659,19791,76,-43,-50,-336,34
2026-07-02T20:14:41.973,2.519523,FRAME,3660,19792,45,-84,-55,-386,34
2026-07-02T20:14:41.973,2.520178,FRAME,3661,19793,24,-72,-74,-397,34
2026-07-02T20:14:41.974,2.520753,FRAME,3662,19794,30,-88,-92,-386,34
2026-07-02T20:14:41.975,2.521310,FRAME,3663,19795,3,-123,-94,-393,34
2026-07-02T20:14:41.975,2.521896,FRAME,3664,19796,-46,-151,-120,-405,37
2026-07-02T20:14:41.976,2.522495,FRAME,3665,19797,-52,-166,-168,-421,37
2026-07-02T20:14:41.976,2.523108,FRAME,3666,19798,-113,-151,-154,-435,38
2026-07-02T20:14:41.977,2.523746,FRAME,3667,19799,-112,-260,-148,-411,38
2026-07-02T20:14:41.978,2.524371,FRAME,3668,19800,-174,-216,-190,-456,38
2026-07-02T20:14:41.978,2.525014,FRAME,3669,19801,-179,-231,-186,-450,38
2026-07-02T20:14:41.979,2.525643,FRAME,3670,19802,-203,-216,-216,-511,38
2026-07-02T20:14:41.980,2.526274,FRAME,3671,19803,-218,-276,-201,-491,38
2026-07-02T20:14:41.980,2.526879,FRAME,3672,19804,-246,-283,-226,-438,38
2026-07-02T20:14:41.981,2.527491,FRAME,3673,19805,-230,-237,-196,-443,38
2026-07-02T20:14:41.981,2.528189,FRAME,3674,19806,-240,-330,-224,-497,38
2026-07-02T20:14:41.982,2.528957,FRAME,3675,19807,-279,-293,-264,-440,38
2026-07-02T20:14:41.983,2.529571,FRAME,3676,19808,-292,-328,-272,-475,38
2026-07-02T20:14:41.983,2.530171,FRAME,3677,19809,-321,-311,-246,-444,38
2026-07-02T20:14:41.984,2.530826,FRAME,3678,19810,-325,-284,-221,-461,38
2026-07-02T20:14:41.985,2.531521,FRAME,3679,19811,-323,-307,-233,-492,38
2026-07-02T20:14:41.985,2.532173,FRAME,3680,19812,-355,-318,-277,-446,38
2026-07-02T20:14:41.986,2.532801,FRAME,3681,19813,-362,-359,-253,-458,38
2026-07-02T20:14:41.987,2.533411,FRAME,3682,19814,-349,-343,-286,-501,38
2026-07-02T20:14:41.988,2.534322,FRAME,3683,19815,-392,-342,-307,-488,38
2026-07-02T20:14:41.989,2.535415,FRAME,3684,19816,-358,-330,-287,-516,38
2026-07-02T20:14:41.990,2.536207,FRAME,3685,19817,-368,-327,-276,-481,38
2026-07-02T20:14:41.990,2.536956,FRAME,3686,19818,-350,-301,-292,-511,38
2026-07-02T20:14:41.991,2.537791,FRAME,3687,19819,-360,-368,-296,-498,38
2026-07-02T20:14:41.992,2.538543,FRAME,3688,19820,-388,-390,-280,-520,38
2026-07-02T20:14:41.993,2.539472,FRAME,3689,19821,-301,-353,-291,-501,38
2026-07-02T20:14:41.995,2.541257,FRAME,3690,19822,-300,-343,-232,-472,38
2026-07-02T20:14:41.996,2.542701,FRAME,3691,19823,-318,-314,-252,-472,38
2026-07-02T20:14:41.997,2.543482,FRAME,3692,19824,-266,-316,-266,-463,38
2026-07-02T20:14:41.998,2.544458,FRAME,3693,19825,-259,-284,-202,-464,38
2026-07-02T20:14:41.999,2.545478,FRAME,3694,19826,-259,-300,-256,-440,38
2026-07-02T20:14:42.000,2.546698,FRAME,3695,19827,-251,-263,-240,-407,38
2026-07-02T20:14:42.001,2.547557,FRAME,3696,19828,-294,-270,-206,-440,38
2026-07-02T20:14:42.002,2.548701,FRAME,3697,19829,-332,-302,-212,-438,38
2026-07-02T20:14:42.003,2.549725,FRAME,3698,19830,-298,-362,-264,-441,38
2026-07-02T20:14:42.004,2.550561,FRAME,3699,19831,-319,-283,-217,-494,38
2026-07-02T20:14:42.005,2.551334,FRAME,3700,19832,-308,-302,-236,-502,38
2026-07-02T20:14:42.006,2.552431,FRAME,3701,19833,-300,-365,-264,-546,38
2026-07-02T20:14:42.007,2.553748,FRAME,3702,19834,-344,-326,-239,-478,38
2026-07-02T20:14:42.008,2.554779,FRAME,3703,19835,-326,-357,-272,-476,38
2026-07-02T20:14:42.010,2.556531,FRAME,3704,19836,-345,-305,-253,-507,38
2026-07-02T20:14:42.011,2.557551,FRAME,3705,19837,-362,-332,-230,-480,38
2026-07-02T20:14:42.012,2.558764,FRAME,3706,19838,-393,-284,-234,-505,38
2026-07-02T20:14:42.013,2.559770,FRAME,3707,19839,-359,-331,-250,-458,38
2026-07-02T20:14:42.014,2.560508,FRAME,3708,19840,-347,-335,-197,-458,38
2026-07-02T20:14:42.015,2.561322,FRAME,3709,19841,-341,-310,-200,-463,38
2026-07-02T20:14:42.015,2.561961,FRAME,3710,19842,-322,-318,-211,-425,38
2026-07-02T20:14:42.016,2.562612,FRAME,3711,19843,-380,-302,-154,-461,38
2026-07-02T20:14:42.017,2.563221,FRAME,3712,19844,-291,-300,-208,-439,38
2026-07-02T20:14:42.017,2.563858,FRAME,3713,19845,-289,-256,-196,-447,38
2026-07-02T20:14:42.018,2.564471,FRAME,3714,19846,-271,-262,-159,-434,38
2026-07-02T20:14:42.018,2.565079,FRAME,3715,19847,-229,-266,-112,-416,38
2026-07-02T20:14:42.019,2.565711,FRAME,3716,19848,-194,-244,-128,-448,38
2026-07-02T20:14:42.020,2.566339,FRAME,3717,19849,-214,-237,-106,-414,38
2026-07-02T20:14:42.020,2.566950,FRAME,3718,19850,-151,-232,-95,-466,37
2026-07-02T20:14:42.021,2.567610,FRAME,3719,19851,-137,-228,-135,-441,38
2026-07-02T20:14:42.022,2.568210,FRAME,3720,19852,-156,-199,-111,-461,38
2026-07-02T20:14:42.022,2.568821,FRAME,3721,19853,-113,-227,-95,-444,37
2026-07-02T20:14:42.023,2.569472,FRAME,3722,19854,-157,-235,-115,-410,38
2026-07-02T20:14:42.023,2.570085,FRAME,3723,19855,-141,-230,-105,-403,38
2026-07-02T20:14:42.024,2.570724,FRAME,3724,19856,-192,-182,-121,-442,38
2026-07-02T20:14:42.025,2.571349,FRAME,3725,19857,-207,-170,-102,-418,38
2026-07-02T20:14:42.053,2.599620,FRAME,3726,19858,-182,-207,-121,-402,38
2026-07-02T20:14:42.054,2.600472,FRAME,3727,19859,-179,-203,-124,-423,38
2026-07-02T20:14:42.055,2.601322,FRAME,3728,19860,-138,-187,-80,-389,37
2026-07-02T20:14:42.055,2.602065,FRAME,3729,19861,-151,-145,-104,-397,38
2026-07-02T20:14:42.056,2.602669,FRAME,3730,19862,-190,-199,-52,-402,37
2026-07-02T20:14:42.057,2.603292,FRAME,3731,19863,-149,-164,-128,-410,38
2026-07-02T20:14:42.057,2.603886,FRAME,3732,19864,-139,-167,-75,-393,37
2026-07-02T20:14:42.058,2.604509,FRAME,3733,19865,-140,-175,-73,-424,37
2026-07-02T20:14:42.058,2.605083,FRAME,3734,19866,-98,-144,-66,-410,36
2026-07-02T20:14:42.059,2.605684,FRAME,3735,19867,-57,-151,-31,-396,36
2026-07-02T20:14:42.060,2.606277,FRAME,3736,19868,-43,-153,-65,-424,36
2026-07-02T20:14:42.060,2.606845,FRAME,3737,19869,-85,-101,-24,-404,36
2026-07-02T20:14:42.061,2.607452,FRAME,3738,19870,-89,-122,-114,-384,37
2026-07-02T20:14:42.061,2.608039,FRAME,3739,19871,-57,-158,-79,-395,36
2026-07-02T20:14:42.062,2.608638,FRAME,3740,19872,-82,-120,-75,-376,36
2026-07-02T20:14:42.063,2.609256,FRAME,3741,19873,-124,-149,-61,-442,37
2026-07-02T20:14:42.063,2.609847,FRAME,3742,19874,-162,-137,-76,-391,37
2026-07-02T20:14:42.064,2.610712,FRAME,3743,19875,-145,-141,-100,-421,38
2026-07-02T20:14:42.065,2.611389,FRAME,3744,19876,-170,-169,-118,-427,38
2026-07-02T20:14:42.065,2.611998,FRAME,3745,19877,-266,-195,-207,-412,38
2026-07-02T20:14:42.066,2.612616,FRAME,3746,19878,-279,-209,-171,-449,38
2026-07-02T20:14:42.067,2.613220,FRAME,3747,19879,-306,-248,-173,-452,38
2026-07-02T20:14:42.067,2.614064,FRAME,3748,19880,-271,-233,-165,-451,38
2026-07-02T20:14:42.068,2.614857,FRAME,3749,19881,-307,-257,-183,-449,38
2026-07-02T20:14:42.069,2.615697,FRAME,3750,19882,-289,-223,-201,-429,38
2026-07-02T20:14:42.070,2.616607,FRAME,3751,19883,-281,-300,-220,-487,38
2026-07-02T20:14:42.071,2.617512,FRAME,3752,19884,-262,-227,-238,-466,38
2026-07-02T20:14:42.072,2.618415,FRAME,3753,19885,-291,-292,-217,-486,38
2026-07-02T20:14:42.073,2.619371,FRAME,3754,19886,-293,-315,-261,-503,38
2026-07-02T20:14:42.074,2.620312,FRAME,3755,19887,-299,-258,-233,-490,38
2026-07-02T20:14:42.074,2.621186,FRAME,3756,19888,-286,-294,-250,-498,38
2026-07-02T20:14:42.075,2.622133,FRAME,3757,19889,-336,-298,-261,-483,38
2026-07-02T20:14:42.076,2.623103,FRAME,3758,19890,-332,-312,-263,-456,38
2026-07-02T20:14:42.077,2.624050,FRAME,3759,19891,-383,-320,-254,-454,38
2026-07-02T20:14:42.078,2.625002,FRAME,3760,19892,-360,-304,-274,-490,38
2026-07-02T20:14:42.079,2.625676,FRAME,3761,19893,-385,-345,-294,-460,38
2026-07-02T20:14:42.080,2.626587,FRAME,3762,19894,-424,-329,-290,-491,38
2026-07-02T20:14:42.081,2.627558,FRAME,3763,19895,-433,-367,-323,-467,38
2026-07-02T20:14:42.082,2.628572,FRAME,3764,19896,-394,-363,-278,-483,38
2026-07-02T20:14:42.083,2.629343,FRAME,3765,19897,-460,-376,-249,-491,38
2026-07-02T20:14:42.083,2.629961,FRAME,3766,19898,-443,-338,-303,-483,38
2026-07-02T20:14:42.084,2.631084,FRAME,3767,19899,-404,-349,-292,-492,38
2026-07-02T20:14:42.085,2.632072,FRAME,3768,19900,-358,-365,-256,-477,38
2026-07-02T20:14:42.086,2.633014,FRAME,3769,19901,-363,-344,-261,-468,38
2026-07-02T20:14:42.087,2.633947,FRAME,3770,19902,-377,-321,-256,-490,38
2026-07-02T20:14:42.088,2.634886,FRAME,3771,19903,-343,-309,-253,-441,38
2026-07-02T20:14:42.089,2.635840,FRAME,3772,19904,-356,-308,-275,-452,38
2026-07-02T20:14:42.090,2.636833,FRAME,3773,19905,-302,-277,-193,-453,38
2026-07-02T20:14:42.091,2.637794,FRAME,3774,19906,-250,-234,-232,-408,38
2026-07-02T20:14:42.092,2.638421,FRAME,3775,19907,-314,-237,-187,-463,38
2026-07-02T20:14:42.092,2.639040,FRAME,3776,19908,-327,-261,-192,-456,38
2026-07-02T20:14:42.093,2.639912,FRAME,3777,19909,-308,-253,-194,-429,38
2026-07-02T20:14:42.094,2.640770,FRAME,3778,19910,-323,-271,-221,-487,38
2026-07-02T20:14:42.095,2.641495,FRAME,3779,19911,-370,-301,-229,-501,38
2026-07-02T20:14:42.096,2.642283,FRAME,3780,19912,-355,-297,-240,-468,38
2026-07-02T20:14:42.096,2.643118,FRAME,3781,19913,-404,-263,-257,-503,38
2026-07-02T20:14:42.097,2.644196,FRAME,3782,19914,-342,-262,-231,-475,38
2026-07-02T20:14:42.098,2.645019,FRAME,3783,19915,-331,-242,-269,-494,38
2026-07-02T20:14:42.099,2.645883,FRAME,3784,19916,-290,-291,-293,-491,38
2026-07-02T20:14:42.100,2.646774,FRAME,3785,19917,-305,-260,-279,-519,38
2026-07-02T20:14:42.101,2.647719,FRAME,3786,19918,-248,-254,-213,-448,38
2026-07-02T20:14:42.102,2.648435,FRAME,3787,19919,-260,-254,-201,-455,38
2026-07-02T20:14:42.102,2.649142,FRAME,3788,19920,-297,-225,-220,-483,38
2026-07-02T20:14:42.103,2.649962,FRAME,3789,19921,-234,-202,-208,-482,38
2026-07-02T20:14:42.104,2.650671,FRAME,3790,19922,-246,-231,-211,-506,38
2026-07-02T20:14:42.105,2.651341,FRAME,3791,19923,-288,-245,-222,-469,38
2026-07-02T20:14:42.105,2.651978,FRAME,3792,19924,-224,-200,-177,-467,38
2026-07-02T20:14:42.106,2.652663,FRAME,3793,19925,-281,-209,-189,-457,38
2026-07-02T20:14:42.107,2.653320,FRAME,3794,19926,-252,-195,-137,-439,38
2026-07-02T20:14:42.107,2.653953,FRAME,3795,19927,-261,-175,-156,-463,38
2026-07-02T20:14:42.108,2.654573,FRAME,3796,19928,-275,-227,-159,-449,38
2026-07-02T20:14:42.108,2.655181,FRAME,3797,19929,-261,-200,-171,-440,38
2026-07-02T20:14:42.109,2.655811,FRAME,3798,19930,-296,-201,-188,-470,38
2026-07-02T20:14:42.110,2.656451,FRAME,3799,19931,-261,-221,-200,-487,38
2026-07-02T20:14:42.110,2.657084,FRAME,3800,19932,-245,-198,-193,-501,38
2026-07-02T20:14:42.111,2.657748,FRAME,3801,19933,-195,-172,-183,-439,38
2026-07-02T20:14:42.112,2.658421,FRAME,3802,19934,-244,-189,-149,-481,38
2026-07-02T20:14:42.112,2.659092,FRAME,3803,19935,-159,-185,-155,-482,38
2026-07-02T20:14:42.113,2.659749,FRAME,3804,19936,-174,-184,-139,-496,38
2026-07-02T20:14:42.114,2.660393,FRAME,3805,19937,-157,-189,-130,-447,38
2026-07-02T20:14:42.114,2.661025,FRAME,3806,19938,-179,-243,-144,-494,38
2026-07-02T20:14:42.115,2.661677,FRAME,3807,19939,-165,-196,-184,-466,38
2026-07-02T20:14:42.116,2.662550,FRAME,3808,19940,-178,-170,-169,-470,38
2026-07-02T20:14:42.116,2.663198,FRAME,3809,19941,-222,-220,-229,-427,38
2026-07-02T20:14:42.117,2.663862,FRAME,3810,19942,-224,-233,-169,-465,38
2026-07-02T20:14:42.118,2.664491,FRAME,3811,19943,-203,-206,-163,-491,38
2026-07-02T20:14:42.118,2.665112,FRAME,3812,19944,-195,-201,-132,-467,38
2026-07-02T20:14:42.119,2.665772,FRAME,3813,19945,-161,-184,-158,-454,38
2026-07-02T20:14:42.120,2.666401,FRAME,3814,19946,-149,-224,-178,-423,38
2026-07-02T20:14:42.120,2.667016,FRAME,3815,19947,-139,-156,-155,-446,38
2026-07-02T20:14:42.121,2.667676,FRAME,3816,19948,-148,-183,-129,-444,38
2026-07-02T20:14:42.122,2.668303,FRAME,3817,19949,-110,-178,-150,-441,38
2026-07-02T20:14:42.122,2.668958,FRAME,3818,19950,-113,-159,-108,-459,38
2026-07-02T20:14:42.123,2.669569,FRAME,3819,19951,-65,-159,-142,-419,37
2026-07-02T20:14:42.123,2.670196,FRAME,3820,19952,-98,-216,-123,-467,37
2026-07-02T20:14:42.124,2.670812,FRAME,3821,19953,-84,-204,-164,-437,37
2026-07-02T20:14:42.125,2.671437,FRAME,3822,19954,-165,-253,-149,-488,38
2026-07-02T20:14:42.125,2.672067,FRAME,3823,19955,-218,-219,-197,-443,38
2026-07-02T20:14:42.126,2.672729,FRAME,3824,19956,-177,-224,-215,-447,38
2026-07-02T20:14:42.127,2.673374,FRAME,3825,19957,-197,-239,-181,-457,38
2026-07-02T20:14:42.127,2.673995,FRAME,3826,19958,-254,-243,-256,-438,38
2026-07-02T20:14:42.128,2.674678,FRAME,3827,19959,-274,-273,-237,-521,38
2026-07-02T20:14:42.129,2.675314,FRAME,3828,19960,-295,-278,-240,-475,38
2026-07-02T20:14:42.129,2.675946,FRAME,3829,19961,-312,-351,-219,-476,38
2026-07-02T20:14:42.130,2.676588,FRAME,3830,19962,-312,-331,-272,-454,38
2026-07-02T20:14:42.131,2.677450,FRAME,3831,19963,-335,-341,-250,-463,38
2026-07-02T20:14:42.131,2.678072,FRAME,3832,19964,-343,-321,-286,-491,38
2026-07-02T20:14:42.162,2.708668,FRAME,3833,19965,-325,-362,-276,-454,38
2026-07-02T20:14:42.163,2.709769,FRAME,3834,19966,-338,-361,-277,-507,38
2026-07-02T20:14:42.164,2.710733,FRAME,3835,19967,-308,-364,-304,-505,38
2026-07-02T20:14:42.165,2.711756,FRAME,3836,19968,-318,-371,-290,-482,38
2026-07-02T20:14:42.166,2.712627,FRAME,3837,19969,-320,-368,-283,-517,38
2026-07-02T20:14:42.167,2.713530,FRAME,3838,19970,-345,-347,-327,-477,38
2026-07-02T20:14:42.168,2.714877,FRAME,3839,19971,-346,-362,-285,-488,38
2026-07-02T20:14:42.169,2.715927,FRAME,3840,19972,-330,-317,-298,-490,38
2026-07-02T20:14:42.170,2.716889,FRAME,3841,19973,-413,-345,-283,-485,38
2026-07-02T20:14:42.171,2.717819,FRAME,3842,19974,-386,-340,-327,-466,38
2026-07-02T20:14:42.172,2.718752,FRAME,3843,19975,-463,-352,-308,-511,38
2026-07-02T20:14:42.173,2.719675,FRAME,3844,19976,-392,-328,-324,-483,38
2026-07-02T20:14:42.174,2.720602,FRAME,3845,19977,-414,-324,-319,-501,38
2026-07-02T20:14:42.175,2.721546,FRAME,3846,19978,-423,-368,-334,-473,38
2026-07-02T20:14:42.176,2.722289,FRAME,3847,19979,-476,-389,-330,-504,38
2026-07-02T20:14:42.176,2.723069,FRAME,3848,19980,-485,-295,-304,-500,38
2026-07-02T20:14:42.177,2.723781,FRAME,3849,19981,-471,-308,-280,-469,38
2026-07-02T20:14:42.178,2.724473,FRAME,3850,19982,-448,-287,-270,-497,38
2026-07-02T20:14:42.179,2.725276,FRAME,3851,19983,-380,-289,-254,-484,38
2026-07-02T20:14:42.179,2.726174,FRAME,3852,19984,-312,-272,-243,-506,38
2026-07-02T20:14:42.180,2.727114,FRAME,3853,19985,-283,-259,-233,-452,38
2026-07-02T20:14:42.181,2.728154,FRAME,3854,19986,-293,-221,-223,-436,38
2026-07-02T20:14:42.182,2.729083,FRAME,3855,19987,-264,-225,-262,-484,38
2026-07-02T20:14:42.183,2.729773,FRAME,3856,19988,-291,-215,-260,-448,38
2026-07-02T20:14:42.184,2.730571,FRAME,3857,19989,-300,-290,-256,-462,38
2026-07-02T20:14:42.185,2.731380,FRAME,3858,19990,-340,-243,-227,-471,38
2026-07-02T20:14:42.186,2.732267,FRAME,3859,19991,-339,-324,-233,-441,38
2026-07-02T20:14:42.187,2.733288,FRAME,3860,19992,-371,-243,-263,-439,38
2026-07-02T20:14:42.187,2.733964,FRAME,3861,19993,-372,-262,-270,-446,38
2026-07-02T20:14:42.188,2.734596,FRAME,3862,19994,-343,-255,-218,-480,38
2026-07-02T20:14:42.189,2.735335,FRAME,3863,19995,-383,-311,-286,-469,38
2026-07-02T20:14:42.189,2.736088,FRAME,3864,19996,-351,-297,-300,-436,38
2026-07-02T20:14:42.190,2.736733,FRAME,3865,19997,-348,-335,-241,-467,38
2026-07-02T20:14:42.191,2.737364,FRAME,3866,19998,-356,-299,-263,-458,38
2026-07-02T20:14:42.191,2.737982,FRAME,3867,19999,-332,-279,-245,-484,38
2026-07-02T20:14:42.192,2.738641,FRAME,3868,20000,-336,-303,-234,-436,38
2026-07-02T20:14:42.193,2.739286,FRAME,3869,20001,-272,-298,-272,-476,38
2026-07-02T20:14:42.193,2.739960,FRAME,3870,20002,-254,-233,-217,-437,38
2026-07-02T20:14:42.194,2.740588,FRAME,3871,20003,-278,-265,-254,-443,38
2026-07-02T20:14:42.195,2.741199,FRAME,3872,20004,-334,-205,-220,-435,38
2026-07-02T20:14:42.195,2.741835,FRAME,3873,20005,-257,-233,-187,-442,38
2026-07-02T20:14:42.196,2.742472,FRAME,3874,20006,-257,-225,-236,-413,38
2026-07-02T20:14:42.196,2.743079,FRAME,3875,20007,-274,-231,-214,-480,38
2026-07-02T20:14:42.197,2.743884,FRAME,3876,20008,-243,-201,-165,-440,38
2026-07-02T20:14:42.198,2.744584,FRAME,3877,20009,-185,-209,-197,-419,38
2026-07-02T20:14:42.198,2.745197,FRAME,3878,20010,-217,-207,-163,-392,38
2026-07-02T20:14:42.199,2.745831,FRAME,3879,20011,-181,-161,-173,-400,38
2026-07-02T20:14:42.200,2.746444,FRAME,3880,20012,-207,-169,-151,-424,38
2026-07-02T20:14:42.200,2.747051,FRAME,3881,20013,-146,-173,-151,-412,38
2026-07-02T20:14:42.201,2.747675,FRAME,3882,20014,-120,-136,-107,-398,38
2026-07-02T20:14:42.202,2.748305,FRAME,3883,20015,-71,-147,-112,-373,37
2026-07-02T20:14:42.202,2.748901,FRAME,3884,20016,-71,-94,-77,-385,35
2026-07-02T20:14:42.203,2.749455,FRAME,3885,20017,-5,-82,-55,-405,34
2026-07-02T20:14:42.203,2.750018,FRAME,3886,20018,1,-67,-52,-412,33
2026-07-02T20:14:42.204,2.750593,FRAME,3887,20019,31,-66,-44,-376,34
2026-07-02T20:14:42.204,2.751148,FRAME,3888,20020,60,-54,-23,-403,34
2026-07-02T20:14:42.205,2.751715,FRAME,3889,20021,98,-20,-41,-375,34
2026-07-02T20:14:42.206,2.752274,FRAME,3890,20022,40,-39,-23,-334,34
2026-07-02T20:14:42.206,2.752794,FRAME,3891,20023,26,-16,7,-346,32
2026-07-02T20:14:42.207,2.753333,FRAME,3892,20024,23,-48,-2,-376,33
2026-07-02T20:14:42.207,2.753869,FRAME,3893,20025,24,-45,43,-330,33
2026-07-02T20:14:42.208,2.754452,FRAME,3894,20026,52,-14,7,-373,32
2026-07-02T20:14:42.208,2.755029,FRAME,3895,20027,46,-42,-19,-356,34
2026-07-02T20:14:42.209,2.755591,FRAME,3896,20028,51,-16,16,-367,33
2026-07-02T20:14:42.209,2.756187,FRAME,3897,20029,72,-40,-16,-375,34
2026-07-02T20:14:42.210,2.756778,FRAME,3898,20030,66,-38,-13,-369,34
2026-07-02T20:14:42.211,2.757336,FRAME,3899,20031,85,-24,-17,-386,34
2026-07-02T20:14:42.211,2.757895,FRAME,3900,20032,102,-16,23,-400,34
2026-07-02T20:14:42.212,2.758468,FRAME,3901,20033,41,-60,-68,-407,34
2026-07-02T20:14:42.212,2.759042,FRAME,3902,20034,104,-62,-16,-387,35
2026-07-02T20:14:42.213,2.759630,FRAME,3903,20035,53,-51,-56,-366,34
2026-07-02T20:14:42.213,2.760178,FRAME,3904,20036,43,-82,-65,-392,34
2026-07-02T20:14:42.214,2.760729,FRAME,3905,20037,1,-93,-59,-414,33
2026-07-02T20:14:42.215,2.761315,FRAME,3906,20038,-27,-134,-64,-420,36
2026-07-02T20:14:42.215,2.761894,FRAME,3907,20039,-10,-132,-85,-415,36
2026-07-02T20:14:42.216,2.762478,FRAME,3908,20040,-60,-167,-71,-425,36
2026-07-02T20:14:42.216,2.763068,FRAME,3909,20041,-73,-149,-145,-467,37
2026-07-02T20:14:42.217,2.763693,FRAME,3910,20042,-151,-166,-132,-394,38
2026-07-02T20:14:42.218,2.764531,FRAME,3911,20043,-187,-233,-131,-415,38
2026-07-02T20:14:42.218,2.765193,FRAME,3912,20044,-188,-263,-160,-455,38
2026-07-02T20:14:42.219,2.765814,FRAME,3913,20045,-205,-241,-178,-476,38
2026-07-02T20:14:42.220,2.766432,FRAME,3914,20046,-172,-260,-205,-456,38
2026-07-02T20:14:42.220,2.767052,FRAME,3915,20047,-247,-216,-202,-471,38
2026-07-02T20:14:42.221,2.767702,FRAME,3916,20048,-228,-264,-162,-475,38
2026-07-02T20:14:42.222,2.768321,FRAME,3917,20049,-247,-278,-228,-492,38
2026-07-02T20:14:42.222,2.768943,FRAME,3918,20050,-249,-308,-192,-467,38
2026-07-02T20:14:42.223,2.769557,FRAME,3919,20051,-213,-278,-258,-490,38
2026-07-02T20:14:42.223,2.770190,FRAME,3920,20052,-212,-305,-255,-477,38
2026-07-02T20:14:42.224,2.770848,FRAME,3921,20053,-265,-325,-231,-484,38
2026-07-02T20:14:42.225,2.771461,FRAME,3922,20054,-244,-353,-252,-467,38
2026-07-02T20:14:42.225,2.772075,FRAME,3923,20055,-338,-326,-240,-509,38
2026-07-02T20:14:42.226,2.772705,FRAME,3924,20056,-300,-373,-220,-491,38
2026-07-02T20:14:42.227,2.773322,FRAME,3925,20057,-329,-357,-249,-501,38
2026-07-02T20:14:42.227,2.773933,FRAME,3926,20058,-321,-338,-267,-527,38
2026-07-02T20:14:42.228,2.774556,FRAME,3927,20059,-336,-361,-297,-502,38
2026-07-02T20:14:42.228,2.775165,FRAME,3928,20060,-405,-390,-280,-516,38
2026-07-02T20:14:42.229,2.775836,FRAME,3929,20061,-424,-425,-307,-492,38
2026-07-02T20:14:42.230,2.776538,FRAME,3930,20062,-411,-437,-339,-491,38
2026-07-02T20:14:42.230,2.777179,FRAME,3931,20063,-462,-383,-254,-494,38
2026-07-02T20:14:42.231,2.778024,FRAME,3932,20064,-422,-393,-237,-456,38
2026-07-02T20:14:42.232,2.778641,FRAME,3933,20065,-390,-373,-236,-476,38
2026-07-02T20:14:42.233,2.779266,FRAME,3934,20066,-355,-368,-211,-456,38
2026-07-02T20:14:42.233,2.779876,FRAME,3935,20067,-326,-341,-234,-488,38
2026-07-02T20:14:42.234,2.780519,FRAME,3936,20068,-304,-297,-227,-511,38
2026-07-02T20:14:42.234,2.781125,FRAME,3937,20069,-271,-339,-203,-471,38
2026-07-02T20:14:42.235,2.781750,FRAME,3938,20070,-263,-323,-244,-513,38
2026-07-02T20:14:42.236,2.782376,FRAME,3939,20071,-240,-330,-218,-515,38
2026-07-02T20:14:42.236,2.782979,FRAME,3940,20072,-322,-318,-159,-474,38
2026-07-02T20:14:42.237,2.783598,FRAME,3941,20073,-336,-294,-232,-486,38
2026-07-02T20:14:42.270,2.816612,FRAME,3942,20074,-341,-361,-232,-478,38
2026-07-02T20:14:42.271,2.817600,FRAME,3943,20075,-353,-394,-249,-465,38
2026-07-02T20:14:42.272,2.818506,FRAME,3944,20076,-415,-374,-263,-464,38
2026-07-02T20:14:42.273,2.819253,FRAME,3945,20077,-440,-350,-229,-488,38
2026-07-02T20:14:42.273,2.819900,FRAME,3946,20078,-391,-368,-246,-465,38
2026-07-02T20:14:42.274,2.820541,FRAME,3947,20079,-442,-380,-273,-496,38
2026-07-02T20:14:42.274,2.821167,FRAME,3948,20080,-403,-340,-258,-481,38
2026-07-02T20:14:42.275,2.821842,FRAME,3949,20081,-433,-334,-222,-491,38
2026-07-02T20:14:42.276,2.822540,FRAME,3950,20082,-393,-304,-216,-467,38
2026-07-02T20:14:42.276,2.823167,FRAME,3951,20083,-381,-323,-199,-452,38
2026-07-02T20:14:42.277,2.823926,FRAME,3952,20084,-359,-306,-218,-499,38
2026-07-02T20:14:42.278,2.824569,FRAME,3953,20085,-334,-308,-232,-526,38
2026-07-02T20:14:42.279,2.825212,FRAME,3954,20086,-355,-301,-212,-471,38
2026-07-02T20:14:42.279,2.825866,FRAME,3955,20087,-346,-251,-213,-461,38
2026-07-02T20:14:42.280,2.826512,FRAME,3956,20088,-259,-224,-191,-472,38
2026-07-02T20:14:42.280,2.827139,FRAME,3957,20089,-325,-260,-197,-436,38
2026-07-02T20:14:42.281,2.827970,FRAME,3958,20090,-270,-232,-185,-415,38
2026-07-02T20:14:42.282,2.828788,FRAME,3959,20091,-253,-170,-175,-440,38
2026-07-02T20:14:42.283,2.829433,FRAME,3960,20092,-267,-218,-179,-420,38
2026-07-02T20:14:42.283,2.830067,FRAME,3961,20093,-195,-166,-130,-422,38
2026-07-02T20:14:42.284,2.830719,FRAME,3962,20094,-243,-154,-179,-423,38
2026-07-02T20:14:42.285,2.831450,FRAME,3963,20095,-218,-153,-137,-401,38
2026-07-02T20:14:42.285,2.832082,FRAME,3964,20096,-207,-149,-141,-412,38
2026-07-02T20:14:42.286,2.832726,FRAME,3965,20097,-204,-96,-179,-405,37
2026-07-02T20:14:42.287,2.833348,FRAME,3966,20098,-192,-60,-156,-445,37
2026-07-02T20:14:42.287,2.833969,FRAME,3967,20099,-157,-131,-85,-415,37
2026-07-02T20:14:42.288,2.834716,FRAME,3968,20100,-150,-144,-125,-444,38
2026-07-02T20:14:42.289,2.835365,FRAME,3969,20101,-130,-103,-112,-382,38
2026-07-02T20:14:42.289,2.835979,FRAME,3970,20102,-115,-107,-88,-394,37
2026-07-02T20:14:42.290,2.836602,FRAME,3971,20103,-101,-74,-104,-403,37
2026-07-02T20:14:42.291,2.837315,FRAME,3972,20104,-110,-65,-99,-373,36
2026-07-02T20:14:42.291,2.837987,FRAME,3973,20105,-104,-82,-122,-418,37
2026-07-02T20:14:42.292,2.838565,FRAME,3974,20106,-80,-57,-76,-368,35
2026-07-02T20:14:42.292,2.839159,FRAME,3975,20107,-114,-27,-54,-378,36
2026-07-02T20:14:42.293,2.839829,FRAME,3976,20108,-52,-50,-47,-388,35
2026-07-02T20:14:42.294,2.840450,FRAME,3977,20109,-81,-78,-51,-365,35
2026-07-02T20:14:42.294,2.841031,FRAME,3978,20110,-95,-47,-31,-405,35
2026-07-02T20:14:42.295,2.841621,FRAME,3979,20111,-54,-74,-97,-392,35
2026-07-02T20:14:42.296,2.842200,FRAME,3980,20112,-88,-56,-77,-395,35
2026-07-02T20:14:42.296,2.842798,FRAME,3981,20113,-80,-98,-81,-412,35
2026-07-02T20:14:42.297,2.843394,FRAME,3982,20114,-64,-84,-97,-357,35
2026-07-02T20:14:42.298,2.844231,FRAME,3983,20115,-87,-67,-122,-370,36
2026-07-02T20:14:42.298,2.844872,FRAME,3984,20116,-68,-101,-79,-398,36
2026-07-02T20:14:42.299,2.845480,FRAME,3985,20117,-73,-142,-129,-419,37
2026-07-02T20:14:42.299,2.846090,FRAME,3986,20118,-112,-135,-138,-420,38
2026-07-02T20:14:42.300,2.846729,FRAME,3987,20119,-127,-135,-114,-452,38
2026-07-02T20:14:42.301,2.847346,FRAME,3988,20120,-168,-161,-181,-469,38
2026-07-02T20:14:42.301,2.847960,FRAME,3989,20121,-211,-193,-182,-420,38
2026-07-02T20:14:42.302,2.848575,FRAME,3990,20122,-254,-199,-202,-396,38
2026-07-02T20:14:42.302,2.849176,FRAME,3991,20123,-269,-264,-151,-451,38
2026-07-02T20:14:42.303,2.849793,FRAME,3992,20124,-268,-227,-184,-459,38
2026-07-02T20:14:42.304,2.850446,FRAME,3993,20125,-261,-209,-148,-449,38
2026-07-02T20:14:42.304,2.851060,FRAME,3994,20126,-289,-210,-236,-440,38
2026-07-02T20:14:42.305,2.851691,FRAME,3995,20127,-320,-243,-208,-464,38
2026-07-02T20:14:42.306,2.852320,FRAME,3996,20128,-284,-263,-201,-430,38
2026-07-02T20:14:42.306,2.852943,FRAME,3997,20129,-338,-300,-223,-460,38
2026-07-02T20:14:42.307,2.853568,FRAME,3998,20130,-317,-280,-223,-456,38
2026-07-02T20:14:42.307,2.854162,FRAME,3999,20131,-346,-278,-203,-458,38
2026-07-02T20:14:42.308,2.854786,FRAME,4000,20132,-366,-323,-273,-439,38
2026-07-02T20:14:42.309,2.855438,FRAME,4001,20133,-351,-336,-257,-474,38
2026-07-02T20:14:42.309,2.856059,FRAME,4002,20134,-362,-334,-270,-481,38
2026-07-02T20:14:42.310,2.856693,FRAME,4003,20135,-396,-361,-279,-534,38
2026-07-02T20:14:42.311,2.857323,FRAME,4004,20136,-419,-338,-278,-498,38
2026-07-02T20:14:42.311,2.857952,FRAME,4005,20137,-431,-392,-266,-485,38
2026-07-02T20:14:42.312,2.858579,FRAME,4006,20138,-386,-345,-341,-498,38
2026-07-02T20:14:42.312,2.859197,FRAME,4007,20139,-382,-326,-279,-479,38
2026-07-02T20:14:42.313,2.859828,FRAME,4008,20140,-456,-392,-293,-473,38
2026-07-02T20:14:42.314,2.860475,FRAME,4009,20141,-432,-409,-324,-491,38
2026-07-02T20:14:42.315,2.861300,FRAME,4010,20142,-427,-358,-314,-470,38
2026-07-02T20:14:42.315,2.861949,FRAME,4011,20143,-461,-390,-301,-494,38
2026-07-02T20:14:42.316,2.862569,FRAME,4012,20144,-464,-368,-331,-470,38
2026-07-02T20:14:42.316,2.863177,FRAME,4013,20145,-474,-403,-272,-500,38
2026-07-02T20:14:42.317,2.863802,FRAME,4014,20146,-461,-405,-359,-494,38
2026-07-02T20:14:42.318,2.864423,FRAME,4015,20147,-478,-428,-295,-505,38
2026-07-02T20:14:42.318,2.865028,FRAME,4016,20148,-473,-475,-324,-509,38
2026-07-02T20:14:42.319,2.865639,FRAME,4017,20149,-492,-403,-314,-532,38
2026-07-02T20:14:42.320,2.866270,FRAME,4018,20150,-496,-444,-313,-540,38
2026-07-02T20:14:42.320,2.866904,FRAME,4019,20151,-486,-443,-363,-553,38
2026-07-02T20:14:42.321,2.867535,FRAME,4020,20152,-502,-462,-303,-538,38
2026-07-02T20:14:42.321,2.868150,FRAME,4021,20153,-464,-441,-342,-512,38
2026-07-02T20:14:42.322,2.868824,FRAME,4022,20154,-475,-450,-340,-515,38
2026-07-02T20:14:42.323,2.869518,FRAME,4023,20155,-471,-432,-338,-506,38
2026-07-02T20:14:42.323,2.870128,FRAME,4024,20156,-497,-442,-305,-484,38
2026-07-02T20:14:42.324,2.870764,FRAME,4025,20157,-427,-417,-327,-491,38
2026-07-02T20:14:42.325,2.871544,FRAME,4026,20158,-474,-415,-276,-500,38
2026-07-02T20:14:42.326,2.872488,FRAME,4027,20159,-447,-396,-281,-476,38
2026-07-02T20:14:42.326,2.873164,FRAME,4028,20160,-426,-378,-232,-508,38
2026-07-02T20:14:42.327,2.874107,FRAME,4029,20161,-390,-355,-239,-471,38
2026-07-02T20:14:42.328,2.875065,FRAME,4030,20162,-338,-381,-260,-469,38
2026-07-02T20:14:42.329,2.876024,FRAME,4031,20163,-302,-310,-251,-454,38
2026-07-02T20:14:42.330,2.877023,FRAME,4032,20164,-303,-333,-236,-451,38
2026-07-02T20:14:42.331,2.878163,FRAME,4033,20165,-299,-309,-231,-513,38
2026-07-02T20:14:42.332,2.879003,FRAME,4034,20166,-280,-301,-203,-480,38
2026-07-02T20:14:42.333,2.879971,FRAME,4035,20167,-264,-309,-259,-515,38
2026-07-02T20:14:42.334,2.880865,FRAME,4036,20168,-293,-276,-211,-515,38
2026-07-02T20:14:42.335,2.881955,FRAME,4037,20169,-273,-324,-260,-505,38
2026-07-02T20:14:42.336,2.882900,FRAME,4038,20170,-259,-330,-261,-504,38
2026-07-02T20:14:42.337,2.883817,FRAME,4039,20171,-290,-266,-205,-515,38
2026-07-02T20:14:42.338,2.884545,FRAME,4040,20172,-297,-291,-242,-516,38
2026-07-02T20:14:42.339,2.885544,FRAME,4041,20173,-289,-304,-248,-474,38
2026-07-02T20:14:42.340,2.886451,FRAME,4042,20174,-295,-273,-226,-474,38
2026-07-02T20:14:42.341,2.887460,FRAME,4043,20175,-253,-307,-237,-477,38
2026-07-02T20:14:42.341,2.888162,FRAME,4044,20176,-293,-247,-240,-478,38
2026-07-02T20:14:42.342,2.888799,FRAME,4045,20177,-246,-263,-230,-458,38
2026-07-02T20:14:42.343,2.889794,FRAME,4046,20178,-229,-241,-178,-459,38
2026-07-02T20:14:42.344,2.890739,FRAME,4047,20179,-185,-289,-227,-433,38
2026-07-02T20:14:42.345,2.891676,FRAME,4048,20180,-164,-263,-145,-434,38
2026-07-02T20:14:42.346,2.892616,FRAME,4049,20181,-200,-264,-218,-451,38
2026-07-02T20:14:42.382,2.928718,FRAME,4050,20182,-201,-242,-190,-464,38
2026-07-02T20:14:42.383,2.929519,FRAME,4051,20183,-139,-204,-160,-413,38
2026-07-02T20:14:42.384,2.930304,FRAME,4052,20184,-115,-188,-139,-475,38
2026-07-02T20:14:42.384,2.931053,FRAME,4053,20185,-85,-156,-106,-463,37
2026-07-02T20:14:42.385,2.931660,FRAME,4054,20186,-55,-130,-108,-423,37
2026-07-02T20:14:42.386,2.932250,FRAME,4055,20187,-99,-131,-107,-435,37
2026-07-02T20:14:42.386,2.932822,FRAME,4056,20188,-10,-86,-78,-426,35
2026-07-02T20:14:42.387,2.933405,FRAME,4057,20189,-53,-114,-73,-438,36
2026-07-02T20:14:42.387,2.933969,FRAME,4058,20190,-25,-90,-65,-412,35
2026-07-02T20:14:42.388,2.934523,FRAME,4059,20191,-2,-76,-47,-394,34
2026-07-02T20:14:42.388,2.935063,FRAME,4060,20192,-3,-52,-45,-367,34
2026-07-02T20:14:42.389,2.935683,FRAME,4061,20193,-22,-70,-51,-379,35
2026-07-02T20:14:42.390,2.936245,FRAME,4062,20194,-34,-81,-51,-371,35
2026-07-02T20:14:42.390,2.936805,FRAME,4063,20195,-19,-97,-22,-388,35
2026-07-02T20:14:42.391,2.937428,FRAME,4064,20196,29,-12,-52,-376,34
2026-07-02T20:14:42.391,2.937977,FRAME,4065,20197,10,-73,-49,-384,34
2026-07-02T20:14:42.392,2.938529,FRAME,4066,20198,65,-57,-37,-399,34
2026-07-02T20:14:42.392,2.939072,FRAME,4067,20199,20,-64,-21,-343,34
2026-07-02T20:14:42.393,2.939619,FRAME,4068,20200,78,-37,24,-385,33
2026-07-02T20:14:42.393,2.940159,FRAME,4069,20201,84,-49,-16,-351,34
2026-07-02T20:14:42.394,2.940770,FRAME,4070,20202,104,21,-18,-368,34
2026-07-02T20:14:42.395,2.941338,FRAME,4071,20203,100,21,-22,-400,34
2026-07-02T20:14:42.395,2.941875,FRAME,4072,20204,114,6,-18,-343,33
2026-07-02T20:14:42.396,2.942423,FRAME,4073,20205,49,-7,-45,-369,33
2026-07-02T20:14:42.396,2.943001,FRAME,4074,20206,76,20,20,-359,32
2026-07-02T20:14:42.397,2.943528,FRAME,4075,20207,66,-26,5,-375,32
2026-07-02T20:14:42.397,2.944190,FRAME,4076,20208,11,-53,-12,-384,34
2026-07-02T20:14:42.398,2.944864,FRAME,4077,20209,8,-79,-26,-349,33
2026-07-02T20:14:42.399,2.945465,FRAME,4078,20210,16,-32,-25,-402,34
2026-07-02T20:14:42.399,2.946038,FRAME,4079,20211,-32,-58,-79,-395,35
2026-07-02T20:14:42.400,2.946702,FRAME,4080,20212,-102,-101,-114,-410,38
2026-07-02T20:14:42.401,2.947316,FRAME,4081,20213,-83,-126,-124,-374,37
2026-07-02T20:14:42.401,2.947903,FRAME,4082,20214,-94,-120,-147,-397,37
2026-07-02T20:14:42.402,2.948517,FRAME,4083,20215,-148,-162,-128,-408,38
2026-07-02T20:14:42.402,2.949122,FRAME,4084,20216,-127,-135,-174,-417,38
2026-07-02T20:14:42.403,2.949742,FRAME,4085,20217,-139,-146,-141,-444,38
2026-07-02T20:14:42.404,2.950360,FRAME,4086,20218,-167,-156,-120,-422,38
2026-07-02T20:14:42.404,2.950966,FRAME,4087,20219,-154,-181,-139,-456,38
2026-07-02T20:14:42.405,2.951607,FRAME,4088,20220,-159,-208,-174,-492,38
2026-07-02T20:14:42.406,2.952208,FRAME,4089,20221,-199,-229,-166,-450,38
2026-07-02T20:14:42.406,2.952833,FRAME,4090,20222,-209,-200,-162,-453,38
2026-07-02T20:14:42.407,2.953442,FRAME,4091,20223,-259,-204,-144,-400,38
2026-07-02T20:14:42.407,2.954045,FRAME,4092,20224,-236,-216,-168,-403,38
2026-07-02T20:14:42.408,2.954669,FRAME,4093,20225,-289,-192,-168,-444,38
2026-07-02T20:14:42.409,2.955743,FRAME,4094,20226,-329,-261,-199,-463,38
2026-07-02T20:14:42.410,2.956404,FRAME,4095,20227,-308,-288,-178,-438,38
2026-07-02T20:14:42.411,2.957348,FRAME,4096,20228,-362,-288,-233,-441,38
2026-07-02T20:14:42.412,2.958307,FRAME,4097,20229,-371,-297,-215,-448,38
2026-07-02T20:14:42.413,2.959262,FRAME,4098,20230,-395,-284,-212,-457,38
2026-07-02T20:14:42.413,2.960195,FRAME,4099,20231,-350,-268,-221,-492,38
2026-07-02T20:14:42.415,2.961299,FRAME,4100,20232,-342,-305,-266,-497,38
2026-07-02T20:14:42.416,2.962409,FRAME,4101,20233,-320,-313,-212,-494,38
2026-07-02T20:14:42.417,2.963319,FRAME,4102,20234,-323,-308,-249,-497,38
2026-07-02T20:14:42.418,2.964203,FRAME,4103,20235,-382,-325,-207,-467,38
2026-07-02T20:14:42.418,2.965139,FRAME,4104,20236,-352,-299,-237,-471,38
2026-07-02T20:14:42.419,2.966076,FRAME,4105,20237,-364,-326,-218,-452,38
2026-07-02T20:14:42.420,2.967018,FRAME,4106,20238,-338,-264,-208,-493,38
2026-07-02T20:14:42.421,2.967990,FRAME,4107,20239,-323,-280,-242,-457,38
2026-07-02T20:14:42.422,2.968913,FRAME,4108,20240,-306,-245,-191,-435,38
2026-07-02T20:14:42.423,2.969797,FRAME,4109,20241,-304,-267,-169,-440,38
2026-07-02T20:14:42.424,2.970731,FRAME,4110,20242,-279,-224,-180,-412,38
2026-07-02T20:14:42.425,2.971557,FRAME,4111,20243,-257,-223,-165,-448,38
2026-07-02T20:14:42.426,2.972467,FRAME,4112,20244,-261,-203,-190,-443,38
2026-07-02T20:14:42.426,2.973100,FRAME,4113,20245,-240,-256,-234,-416,38
2026-07-02T20:14:42.427,2.974023,FRAME,4114,20246,-322,-267,-225,-439,38
2026-07-02T20:14:42.428,2.974947,FRAME,4115,20247,-300,-260,-233,-464,38
2026-07-02T20:14:42.429,2.975897,FRAME,4116,20248,-308,-252,-189,-448,38
2026-07-02T20:14:42.430,2.976827,FRAME,4117,20249,-268,-290,-199,-471,38
2026-07-02T20:14:42.431,2.977786,FRAME,4118,20250,-320,-259,-272,-455,38
2026-07-02T20:14:42.432,2.978764,FRAME,4119,20251,-336,-281,-232,-453,38
2026-07-02T20:14:42.433,2.979848,FRAME,4120,20252,-296,-260,-233,-471,38
2026-07-02T20:14:42.434,2.980858,FRAME,4121,20253,-329,-304,-207,-466,38
2026-07-02T20:14:42.435,2.981798,FRAME,4122,20254,-289,-324,-192,-499,38
2026-07-02T20:14:42.436,2.982731,FRAME,4123,20255,-279,-321,-232,-417,38
2026-07-02T20:14:42.437,2.983559,FRAME,4124,20256,-276,-305,-210,-428,38
2026-07-02T20:14:42.437,2.984179,FRAME,4125,20257,-321,-324,-245,-435,38
2026-07-02T20:14:42.438,2.984879,FRAME,4126,20258,-375,-307,-220,-442,38
2026-07-02T20:14:42.439,2.985833,FRAME,4127,20259,-337,-334,-204,-440,38
2026-07-02T20:14:42.440,2.986727,FRAME,4128,20260,-397,-303,-180,-429,38
2026-07-02T20:14:42.441,2.987587,FRAME,4129,20261,-338,-313,-190,-436,38
2026-07-02T20:14:42.442,2.988548,FRAME,4130,20262,-333,-241,-140,-411,38
2026-07-02T20:14:42.443,2.989407,FRAME,4131,20263,-358,-234,-152,-428,38
2026-07-02T20:14:42.443,2.990165,FRAME,4132,20264,-327,-211,-150,-430,38
2026-07-02T20:14:42.444,2.991151,FRAME,4133,20265,-258,-205,-101,-436,38
2026-07-02T20:14:42.445,2.992118,FRAME,4134,20266,-260,-217,-103,-423,38
2026-07-02T20:14:42.446,2.992937,FRAME,4135,20267,-210,-235,-85,-418,37
2026-07-02T20:14:42.447,2.993990,FRAME,4136,20268,-190,-199,-109,-397,38
2026-07-02T20:14:42.448,2.994909,FRAME,4137,20269,-131,-172,-69,-378,37
2026-07-02T20:14:42.449,2.995729,FRAME,4138,20270,-135,-175,-69,-422,37
2026-07-02T20:14:42.450,2.996360,FRAME,4139,20271,-90,-174,-13,-397,36
2026-07-02T20:14:42.450,2.997049,FRAME,4140,20272,-122,-124,-30,-388,37
2026-07-02T20:14:42.451,2.997676,FRAME,4141,20273,-61,-133,-15,-365,36
2026-07-02T20:14:42.451,2.998198,FRAME,4142,20274,0,-100,5,-352,32
2026-07-02T20:14:42.452,2.998784,FRAME,4143,20275,-43,-59,21,-371,34
2026-07-02T20:14:42.453,2.999343,FRAME,4144,20276,-3,-118,2,-335,33
2026-07-02T20:14:42.453,2.999917,FRAME,4145,20277,25,-96,-2,-339,33
2026-07-02T20:14:42.454,3.000464,FRAME,4146,20278,-5,-87,-1,-348,33
2026-07-02T20:14:42.454,3.000998,FRAME,4147,20279,-42,-82,5,-358,33
2026-07-02T20:14:42.455,3.001576,FRAME,4148,20280,-20,-70,5,-370,33
2026-07-02T20:14:42.455,3.002155,FRAME,4149,20281,-12,-65,-3,-378,34
2026-07-02T20:14:42.456,3.002725,FRAME,4150,20282,75,-43,31,-381,33
2026-07-02T20:14:42.457,3.003279,FRAME,4151,20283,15,-83,49,-397,33
2026-07-02T20:14:42.457,3.003822,FRAME,4152,20284,73,-34,21,-376,33
2026-07-02T20:14:42.458,3.004409,FRAME,4153,20285,59,-76,39,-384,33
2026-07-02T20:14:42.458,3.004936,FRAME,4154,20286,44,-57,7,-410,32
2026-07-02T20:14:42.459,3.005492,FRAME,4155,20287,66,-52,35,-407,33
2026-07-02T20:14:42.459,3.006039,FRAME,4156,20288,49,-55,14,-353,33
2026-07-02T20:14:42.460,3.006569,FRAME,4157,20289,71,-56,5,-351,32
2026-07-02T20:14:42.460,3.007122,FRAME,4158,20290,24,-101,-8,-393,34
2026-07-02T20:14:42.461,3.007696,FRAME,4159,20291,42,-78,-4,-358,33
2026-07-02T20:14:42.462,3.008231,FRAME,4160,20292,17,-57,3,-351,32
2026-07-02T20:14:42.462,3.008794,FRAME,4161,20293,-41,-105,1,-345,34
2026-07-02T20:14:42.491,3.037928,FRAME,4162,20294,-20,-135,-65,-359,36
2026-07-02T20:14:42.492,3.038899,FRAME,4163,20295,-80,-155,-53,-363,36
2026-07-02T20:14:42.493,3.040050,FRAME,4164,20296,-133,-178,-70,-392,37
2026-07-02T20:14:42.494,3.041013,FRAME,4165,20297,-127,-195,-104,-410,38
2026-07-02T20:14:42.495,3.041934,FRAME,4166,20298,-134,-194,-66,-424,37
2026-07-02T20:14:42.496,3.043022,FRAME,4167,20299,-165,-200,-90,-436,37
2026-07-02T20:14:42.498,3.044248,FRAME,4168,20300,-171,-264,-155,-422,38
2026-07-02T20:14:42.498,3.045066,FRAME,4169,20301,-182,-259,-141,-490,38
2026-07-02T20:14:42.499,3.045939,FRAME,4170,20302,-196,-264,-159,-468,38
2026-07-02T20:14:42.500,3.046901,FRAME,4171,20303,-264,-312,-178,-443,38
2026-07-02T20:14:42.501,3.048163,FRAME,4172,20304,-251,-309,-161,-443,38
2026-07-02T20:14:42.503,3.049504,FRAME,4173,20305,-286,-327,-150,-452,38
2026-07-02T20:14:42.504,3.050499,FRAME,4174,20306,-312,-299,-125,-442,38
2026-07-02T20:14:42.505,3.051306,FRAME,4175,20307,-280,-317,-234,-439,38
2026-07-02T20:14:42.505,3.052183,FRAME,4176,20308,-326,-303,-190,-459,38
2026-07-02T20:14:42.506,3.053131,FRAME,4177,20309,-353,-313,-175,-484,38
2026-07-02T20:14:42.508,3.054259,FRAME,4178,20310,-324,-348,-214,-452,38
2026-07-02T20:14:42.508,3.054899,FRAME,4179,20311,-383,-388,-209,-416,38
2026-07-02T20:14:42.509,3.055894,FRAME,4180,20312,-391,-385,-225,-441,38
2026-07-02T20:14:42.510,3.056755,FRAME,4181,20313,-383,-370,-199,-464,38
2026-07-02T20:14:42.511,3.057838,FRAME,4182,20314,-401,-391,-225,-492,38
2026-07-02T20:14:42.512,3.058985,FRAME,4183,20315,-450,-400,-239,-446,38
2026-07-02T20:14:42.513,3.060091,FRAME,4184,20316,-378,-382,-266,-480,38
2026-07-02T20:14:42.515,3.061243,FRAME,4185,20317,-401,-375,-241,-481,38
2026-07-02T20:14:42.516,3.062354,FRAME,4186,20318,-390,-366,-241,-493,38
2026-07-02T20:14:42.517,3.063362,FRAME,4187,20319,-402,-357,-223,-456,38
2026-07-02T20:14:42.518,3.064451,FRAME,4188,20320,-443,-427,-253,-467,38
2026-07-02T20:14:42.519,3.065547,FRAME,4189,20321,-438,-403,-230,-470,38
2026-07-02T20:14:42.520,3.066643,FRAME,4190,20322,-430,-366,-218,-452,38
2026-07-02T20:14:42.521,3.067769,FRAME,4191,20323,-384,-344,-186,-444,38
2026-07-02T20:14:42.522,3.068928,FRAME,4192,20324,-363,-334,-193,-442,38
2026-07-02T20:14:42.523,3.070036,FRAME,4193,20325,-370,-338,-178,-424,38
2026-07-02T20:14:42.524,3.071148,FRAME,4194,20326,-346,-322,-179,-429,38
2026-07-02T20:14:42.526,3.072289,FRAME,4195,20327,-318,-294,-193,-405,38
2026-07-02T20:14:42.527,3.073426,FRAME,4196,20328,-284,-314,-185,-441,38
2026-07-02T20:14:42.528,3.074595,FRAME,4197,20329,-267,-300,-189,-439,38
2026-07-02T20:14:42.529,3.075750,FRAME,4198,20330,-309,-286,-183,-439,38
2026-07-02T20:14:42.530,3.076888,FRAME,4199,20331,-291,-305,-207,-485,38
2026-07-02T20:14:42.532,3.078253,FRAME,4200,20332,-289,-294,-234,-465,38
2026-07-02T20:14:42.533,3.079432,FRAME,4201,20333,-279,-341,-215,-490,38
2026-07-02T20:14:42.534,3.080573,FRAME,4202,20334,-307,-295,-203,-472,38
2026-07-02T20:14:42.535,3.081724,FRAME,4203,20335,-329,-339,-222,-463,38
2026-07-02T20:14:42.536,3.082866,FRAME,4204,20336,-356,-346,-205,-464,38
2026-07-02T20:14:42.537,3.084014,FRAME,4205,20337,-339,-328,-215,-494,38
2026-07-02T20:14:42.538,3.085170,FRAME,4206,20338,-358,-382,-281,-489,38
2026-07-02T20:14:42.540,3.086285,FRAME,4207,20339,-316,-376,-217,-458,38
2026-07-02T20:14:42.541,3.087400,FRAME,4208,20340,-380,-266,-222,-434,38
2026-07-02T20:14:42.542,3.088520,FRAME,4209,20341,-335,-299,-229,-441,38
2026-07-02T20:14:42.543,3.089636,FRAME,4210,20342,-353,-298,-212,-434,38
2026-07-02T20:14:42.544,3.090762,FRAME,4211,20343,-365,-341,-220,-454,38
2026-07-02T20:14:42.545,3.091393,FRAME,4212,20344,-337,-285,-213,-458,38
2026-07-02T20:14:42.545,3.092006,FRAME,4213,20345,-327,-296,-198,-437,38
2026-07-02T20:14:42.546,3.092629,FRAME,4214,20346,-337,-297,-212,-448,38
2026-07-02T20:14:42.547,3.093259,FRAME,4215,20347,-300,-300,-162,-447,38
2026-07-02T20:14:42.547,3.093889,FRAME,4216,20348,-287,-291,-174,-439,38
2026-07-02T20:14:42.548,3.094505,FRAME,4217,20349,-259,-247,-174,-424,38
2026-07-02T20:14:42.549,3.095307,FRAME,4218,20350,-219,-276,-157,-430,38
2026-07-02T20:14:42.549,3.096010,FRAME,4219,20351,-197,-258,-105,-424,38
2026-07-02T20:14:42.550,3.096641,FRAME,4220,20352,-159,-192,-124,-428,38
2026-07-02T20:14:42.551,3.097260,FRAME,4221,20353,-159,-226,-135,-427,38
2026-07-02T20:14:42.551,3.097842,FRAME,4222,20354,-95,-170,-97,-420,36
2026-07-02T20:14:42.552,3.098441,FRAME,4223,20355,-93,-217,-104,-358,37
2026-07-02T20:14:42.552,3.099043,FRAME,4224,20356,-107,-197,-114,-383,38
2026-07-02T20:14:42.553,3.099645,FRAME,4225,20357,-106,-173,-88,-365,37
2026-07-02T20:14:42.554,3.100252,FRAME,4226,20358,-67,-154,-118,-399,37
2026-07-02T20:14:42.554,3.100860,FRAME,4227,20359,-54,-161,-91,-348,36
2026-07-02T20:14:42.555,3.101448,FRAME,4228,20360,-63,-172,-59,-351,36
2026-07-02T20:14:42.555,3.102017,FRAME,4229,20361,-72,-141,-87,-343,36
2026-07-02T20:14:42.556,3.102597,FRAME,4230,20362,-49,-138,-68,-352,36
2026-07-02T20:14:42.556,3.103167,FRAME,4231,20363,-19,-171,-95,-426,36
2026-07-02T20:14:42.557,3.103774,FRAME,4232,20364,-18,-168,-100,-400,37
2026-07-02T20:14:42.558,3.104358,FRAME,4233,20365,-22,-173,-96,-397,36
2026-07-02T20:14:42.558,3.104931,FRAME,4234,20366,-37,-167,-52,-373,36
2026-07-02T20:14:42.559,3.105500,FRAME,4235,20367,-1,-119,-75,-379,35
2026-07-02T20:14:42.559,3.106068,FRAME,4236,20368,24,-131,-83,-368,35
2026-07-02T20:14:42.560,3.106683,FRAME,4237,20369,43,-138,-85,-397,35
2026-07-02T20:14:42.561,3.107263,FRAME,4238,20370,28,-117,-24,-369,35
2026-07-02T20:14:42.561,3.107828,FRAME,4239,20371,72,-116,-56,-370,35
2026-07-02T20:14:42.562,3.108397,FRAME,4240,20372,50,-94,-43,-380,34
2026-07-02T20:14:42.562,3.108952,FRAME,4241,20373,5,-150,-76,-364,34
2026-07-02T20:14:42.563,3.109532,FRAME,4242,20374,12,-106,-54,-356,35
2026-07-02T20:14:42.563,3.110161,FRAME,4243,20375,9,-111,-73,-395,34
2026-07-02T20:14:42.564,3.110890,FRAME,4244,20376,2,-183,-71,-359,34
2026-07-02T20:14:42.565,3.111488,FRAME,4245,20377,-7,-188,-73,-390,35
2026-07-02T20:14:42.565,3.112059,FRAME,4246,20378,-27,-143,-96,-358,36
2026-07-02T20:14:42.566,3.112666,FRAME,4247,20379,-66,-185,-113,-396,37
2026-07-02T20:14:42.567,3.113259,FRAME,4248,20380,-94,-240,-108,-388,37
2026-07-02T20:14:42.567,3.113839,FRAME,4249,20381,-67,-242,-112,-417,37
2026-07-02T20:14:42.568,3.114433,FRAME,4250,20382,-54,-209,-136,-420,37
2026-07-02T20:14:42.568,3.115023,FRAME,4251,20383,-87,-234,-153,-420,37
2026-07-02T20:14:42.569,3.115626,FRAME,4252,20384,-81,-210,-128,-430,37
2026-07-02T20:14:42.570,3.116256,FRAME,4253,20385,-112,-234,-165,-435,38
2026-07-02T20:14:42.570,3.116890,FRAME,4254,20386,-152,-275,-144,-430,38
2026-07-02T20:14:42.571,3.117518,FRAME,4255,20387,-157,-242,-172,-451,38
2026-07-02T20:14:42.571,3.118118,FRAME,4256,20388,-192,-268,-188,-423,38
2026-07-02T20:14:42.572,3.119138,FRAME,4257,20389,-182,-269,-194,-430,38
2026-07-02T20:14:42.573,3.119779,FRAME,4258,20390,-236,-314,-203,-423,38
2026-07-02T20:14:42.574,3.120623,FRAME,4259,20391,-273,-298,-227,-434,38
2026-07-02T20:14:42.575,3.121564,FRAME,4260,20392,-266,-331,-259,-411,38
2026-07-02T20:14:42.576,3.122532,FRAME,4261,20393,-281,-322,-218,-432,38
2026-07-02T20:14:42.577,3.123480,FRAME,4262,20394,-336,-356,-289,-425,38
2026-07-02T20:14:42.578,3.124429,FRAME,4263,20395,-361,-362,-293,-433,38
2026-07-02T20:14:42.579,3.125379,FRAME,4264,20396,-325,-398,-301,-447,38
2026-07-02T20:14:42.580,3.126254,FRAME,4265,20397,-373,-405,-256,-457,38
2026-07-02T20:14:42.580,3.127163,FRAME,4266,20398,-385,-386,-290,-470,38
2026-07-02T20:14:42.582,3.128262,FRAME,4267,20399,-345,-405,-263,-511,38
2026-07-02T20:14:42.583,3.129279,FRAME,4268,20400,-386,-372,-323,-500,38
2026-07-02T20:14:42.583,3.130189,FRAME,4269,20401,-414,-396,-295,-493,38
2026-07-02T20:14:42.584,3.131164,FRAME,4270,20402,-423,-422,-346,-455,38
2026-07-02T20:14:42.599,3.145850,FRAME,4271,20403,-400,-398,-267,-432,38
2026-07-02T20:14:42.600,3.146850,FRAME,4272,20404,-372,-463,-308,-448,38
2026-07-02T20:14:42.601,3.147629,FRAME,4273,20405,-357,-424,-285,-464,38
2026-07-02T20:14:42.602,3.148557,FRAME,4274,20406,-362,-394,-270,-451,38
2026-07-02T20:14:42.603,3.149456,FRAME,4275,20407,-345,-347,-266,-446,38
2026-07-02T20:14:42.603,3.150152,FRAME,4276,20408,-337,-317,-280,-414,38
2026-07-02T20:14:42.604,3.150788,FRAME,4277,20409,-318,-336,-243,-411,38
2026-07-02T20:14:42.605,3.151393,FRAME,4278,20410,-287,-337,-267,-437,38
2026-07-02T20:14:42.605,3.151999,FRAME,4279,20411,-341,-329,-262,-445,38
2026-07-02T20:14:42.606,3.152601,FRAME,4280,20412,-397,-391,-343,-444,38
2026-07-02T20:14:42.606,3.153198,FRAME,4281,20413,-394,-376,-287,-442,38
2026-07-02T20:14:42.607,3.153813,FRAME,4282,20414,-391,-403,-329,-450,38
2026-07-02T20:14:42.608,3.154446,FRAME,4283,20415,-391,-383,-307,-483,38
2026-07-02T20:14:42.608,3.155049,FRAME,4284,20416,-404,-383,-318,-506,38
2026-07-02T20:14:42.609,3.155717,FRAME,4285,20417,-431,-392,-347,-497,38
2026-07-02T20:14:42.610,3.156329,FRAME,4286,20418,-461,-342,-323,-504,38
2026-07-02T20:14:42.610,3.156960,FRAME,4287,20419,-475,-374,-296,-494,38
2026-07-02T20:14:42.611,3.157570,FRAME,4288,20420,-466,-314,-347,-495,38
2026-07-02T20:14:42.611,3.158192,FRAME,4289,20421,-447,-366,-313,-478,38
2026-07-02T20:14:42.612,3.158880,FRAME,4290,20422,-381,-316,-315,-458,38
2026-07-02T20:14:42.613,3.159508,FRAME,4291,20423,-384,-330,-359,-443,38
2026-07-02T20:14:42.613,3.160115,FRAME,4292,20424,-396,-311,-301,-454,38
2026-07-02T20:14:42.614,3.160742,FRAME,4293,20425,-367,-281,-275,-463,38
2026-07-02T20:14:42.615,3.161399,FRAME,4294,20426,-393,-258,-291,-465,38
2026-07-02T20:14:42.615,3.162132,FRAME,4295,20427,-412,-295,-306,-456,38
2026-07-02T20:14:42.616,3.162754,FRAME,4296,20428,-389,-255,-302,-443,38
2026-07-02T20:14:42.617,3.163367,FRAME,4297,20429,-422,-301,-335,-441,38
2026-07-02T20:14:42.617,3.163971,FRAME,4298,20430,-370,-262,-271,-483,38
2026-07-02T20:14:42.618,3.164598,FRAME,4299,20431,-289,-299,-272,-468,38
2026-07-02T20:14:42.619,3.165209,FRAME,4300,20432,-219,-253,-264,-486,38
2026-07-02T20:14:42.619,3.166078,FRAME,4301,20433,-223,-227,-196,-458,38
2026-07-02T20:14:42.620,3.166766,FRAME,4302,20434,-205,-236,-240,-490,38
2026-07-02T20:14:42.621,3.167437,FRAME,4303,20435,-151,-215,-230,-454,38
2026-07-02T20:14:42.621,3.168052,FRAME,4304,20436,-176,-171,-216,-449,38
2026-07-02T20:14:42.622,3.168636,FRAME,4305,20437,-93,-178,-209,-448,37
2026-07-02T20:14:42.623,3.169244,FRAME,4306,20438,-118,-159,-226,-426,38
2026-07-02T20:14:42.623,3.169906,FRAME,4307,20439,-113,-213,-243,-401,38
2026-07-02T20:14:42.624,3.170527,FRAME,4308,20440,-119,-161,-161,-421,38
2026-07-02T20:14:42.624,3.171120,FRAME,4309,20441,-129,-176,-171,-404,38
2026-07-02T20:14:42.625,3.171712,FRAME,4310,20442,-69,-157,-193,-358,37
2026-07-02T20:14:42.626,3.172296,FRAME,4311,20443,-67,-182,-187,-417,37
2026-07-02T20:14:42.626,3.172893,FRAME,4312,20444,-77,-158,-186,-423,37
2026-07-02T20:14:42.627,3.173492,FRAME,4313,20445,-93,-224,-204,-421,37
2026-07-02T20:14:42.627,3.174103,FRAME,4314,20446,-111,-241,-201,-398,38
2026-07-02T20:14:42.628,3.174716,FRAME,4315,20447,-73,-171,-199,-390,37
2026-07-02T20:14:42.629,3.175312,FRAME,4316,20448,-95,-124,-168,-400,37
2026-07-02T20:14:42.629,3.175933,FRAME,4317,20449,-102,-174,-195,-423,38
2026-07-02T20:14:42.630,3.176517,FRAME,4318,20450,-34,-134,-132,-393,37
2026-07-02T20:14:42.630,3.177094,FRAME,4319,20451,-2,-147,-109,-446,36
2026-07-02T20:14:42.631,3.177788,FRAME,4320,20452,-3,-146,-137,-406,36
2026-07-02T20:14:42.632,3.178462,FRAME,4321,20453,-3,-156,-122,-399,36
2026-07-02T20:14:42.632,3.179031,FRAME,4322,20454,-3,-128,-118,-434,36
2026-07-02T20:14:42.633,3.179619,FRAME,4323,20455,-38,-131,-169,-385,37
2026-07-02T20:14:42.634,3.180202,FRAME,4324,20456,-18,-116,-147,-395,37
2026-07-02T20:14:42.634,3.180783,FRAME,4325,20457,1,-131,-116,-396,35
2026-07-02T20:14:42.635,3.181372,FRAME,4326,20458,-65,-183,-163,-388,37
2026-07-02T20:14:42.635,3.182022,FRAME,4327,20459,-66,-145,-157,-398,37
2026-07-02T20:14:42.636,3.182629,FRAME,4328,20460,-108,-195,-193,-409,38
2026-07-02T20:14:42.637,3.183242,FRAME,4329,20461,-138,-211,-177,-405,38
2026-07-02T20:14:42.637,3.183846,FRAME,4330,20462,-179,-228,-231,-445,38
2026-07-02T20:14:42.638,3.184491,FRAME,4331,20463,-180,-207,-225,-437,38
2026-07-02T20:14:42.638,3.185091,FRAME,4332,20464,-231,-257,-222,-439,38
2026-07-02T20:14:42.639,3.185700,FRAME,4333,20465,-198,-236,-205,-447,38
2026-07-02T20:14:42.640,3.186297,FRAME,4334,20466,-236,-269,-255,-452,38
2026-07-02T20:14:42.640,3.187130,FRAME,4335,20467,-218,-316,-283,-455,38
2026-07-02T20:14:42.641,3.187746,FRAME,4336,20468,-242,-302,-235,-482,38
2026-07-02T20:14:42.642,3.188421,FRAME,4337,20469,-246,-280,-270,-480,38
2026-07-02T20:14:42.642,3.189028,FRAME,4338,20470,-249,-274,-270,-508,38
2026-07-02T20:14:42.643,3.189635,FRAME,4339,20471,-250,-339,-280,-450,38
2026-07-02T20:14:42.644,3.190242,FRAME,4340,20472,-283,-278,-277,-452,38
2026-07-02T20:14:42.644,3.190851,FRAME,4341,20473,-313,-320,-291,-473,38
2026-07-02T20:14:42.645,3.191471,FRAME,4342,20474,-291,-369,-264,-437,38
2026-07-02T20:14:42.645,3.192084,FRAME,4343,20475,-304,-310,-320,-472,38
2026-07-02T20:14:42.646,3.192744,FRAME,4344,20476,-339,-360,-297,-482,38
2026-07-02T20:14:42.647,3.193348,FRAME,4345,20477,-329,-365,-313,-469,38
2026-07-02T20:14:42.647,3.193944,FRAME,4346,20478,-405,-423,-344,-479,38
2026-07-02T20:14:42.648,3.194549,FRAME,4347,20479,-419,-402,-335,-490,38
2026-07-02T20:14:42.649,3.195260,FRAME,4348,20480,-446,-426,-328,-515,38
2026-07-02T20:14:42.649,3.195926,FRAME,4349,20481,-394,-406,-314,-516,38
2026-07-02T20:14:42.650,3.196545,FRAME,4350,20482,-395,-393,-307,-484,38
2026-07-02T20:14:42.650,3.197140,FRAME,4351,20483,-380,-417,-299,-495,38
2026-07-02T20:14:42.651,3.197753,FRAME,4352,20484,-386,-410,-333,-523,38
2026-07-02T20:14:42.652,3.198352,FRAME,4353,20485,-386,-379,-334,-536,38
2026-07-02T20:14:42.652,3.199063,FRAME,4354,20486,-363,-373,-299,-510,38
2026-07-02T20:14:42.653,3.199694,FRAME,4355,20487,-365,-344,-302,-484,38
2026-07-02T20:14:42.654,3.200296,FRAME,4356,20488,-380,-345,-272,-492,38
2026-07-02T20:14:42.654,3.200969,FRAME,4357,20489,-325,-317,-246,-474,38
2026-07-02T20:14:42.655,3.202082,FRAME,4358,20490,-261,-293,-230,-463,38
2026-07-02T20:14:42.656,3.202817,FRAME,4359,20491,-281,-345,-271,-485,38
2026-07-02T20:14:42.657,3.203743,FRAME,4360,20492,-249,-286,-262,-477,38
2026-07-02T20:14:42.658,3.204661,FRAME,4361,20493,-322,-339,-308,-470,38
2026-07-02T20:14:42.659,3.205576,FRAME,4362,20494,-332,-313,-303,-471,38
2026-07-02T20:14:42.660,3.206512,FRAME,4363,20495,-355,-369,-321,-500,38
2026-07-02T20:14:42.661,3.207438,FRAME,4364,20496,-370,-399,-302,-478,38
2026-07-02T20:14:42.662,3.208358,FRAME,4365,20497,-385,-379,-337,-517,38
2026-07-02T20:14:42.663,3.209362,FRAME,4366,20498,-399,-400,-356,-488,38
2026-07-02T20:14:42.664,3.210345,FRAME,4367,20499,-378,-374,-323,-517,38
2026-07-02T20:14:42.665,3.211281,FRAME,4368,20500,-376,-353,-346,-524,38
2026-07-02T20:14:42.666,3.212207,FRAME,4369,20501,-398,-339,-329,-555,38
2026-07-02T20:14:42.666,3.213170,FRAME,4370,20502,-359,-357,-311,-514,38
2026-07-02T20:14:42.667,3.214157,FRAME,4371,20503,-275,-345,-308,-476,38
2026-07-02T20:14:42.668,3.215068,FRAME,4372,20504,-280,-324,-363,-526,38
2026-07-02T20:14:42.669,3.215860,FRAME,4373,20505,-280,-278,-310,-492,38
2026-07-02T20:14:42.670,3.216762,FRAME,4374,20506,-303,-320,-283,-501,38
2026-07-02T20:14:42.671,3.217427,FRAME,4375,20507,-272,-286,-299,-487,38
2026-07-02T20:14:42.672,3.218287,FRAME,4376,20508,-287,-291,-284,-496,38
2026-07-02T20:14:42.672,3.219073,FRAME,4377,20509,-297,-262,-286,-480,38
2026-07-02T20:14:42.705,3.251528,FRAME,4378,20510,-320,-287,-271,-461,38
2026-07-02T20:14:42.706,3.252577,FRAME,4379,20511,-257,-288,-224,-460,38
2026-07-02T20:14:42.707,3.253432,FRAME,4380,20512,-266,-252,-231,-473,38
2026-07-02T20:14:42.707,3.254173,FRAME,4381,20513,-218,-235,-184,-451,38
2026-07-02T20:14:42.708,3.254825,FRAME,4382,20514,-205,-256,-165,-417,38
2026-07-02T20:14:42.709,3.255530,FRAME,4383,20515,-131,-231,-187,-476,38
2026-07-02T20:14:42.709,3.256151,FRAME,4384,20516,-149,-196,-211,-447,38
2026-07-02T20:14:42.710,3.256792,FRAME,4385,20517,-123,-211,-199,-483,38
2026-07-02T20:14:42.711,3.257488,FRAME,4386,20518,-101,-200,-188,-455,38
2026-07-02T20:14:42.711,3.258171,FRAME,4387,20519,-101,-212,-193,-475,38
2026-07-02T20:14:42.712,3.258803,FRAME,4388,20520,-146,-210,-160,-469,38
2026-07-02T20:14:42.713,3.259424,FRAME,4389,20521,-99,-175,-215,-450,37
2026-07-02T20:14:42.713,3.260042,FRAME,4390,20522,-139,-154,-153,-462,38
2026-07-02T20:14:42.714,3.260751,FRAME,4391,20523,-99,-170,-160,-403,37
2026-07-02T20:14:42.715,3.261387,FRAME,4392,20524,-110,-152,-170,-457,38
2026-07-02T20:14:42.716,3.262324,FRAME,4393,20525,-112,-192,-215,-412,38
2026-07-02T20:14:42.716,3.263008,FRAME,4394,20526,-103,-151,-155,-451,38
2026-07-02T20:14:42.717,3.263685,FRAME,4395,20527,-142,-243,-166,-466,38
2026-07-02T20:14:42.718,3.264328,FRAME,4396,20528,-104,-155,-215,-428,38
2026-07-02T20:14:42.718,3.265005,FRAME,4397,20529,-128,-227,-194,-420,38
2026-07-02T20:14:42.719,3.265668,FRAME,4398,20530,-124,-203,-169,-468,38
2026-07-02T20:14:42.720,3.266293,FRAME,4399,20531,-39,-175,-161,-427,37
2026-07-02T20:14:42.720,3.266918,FRAME,4400,20532,-55,-147,-135,-432,37
2026-07-02T20:14:42.721,3.267553,FRAME,4401,20533,-69,-168,-152,-440,37
2026-07-02T20:14:42.722,3.268303,FRAME,4402,20534,-28,-152,-162,-463,37
2026-07-02T20:14:42.722,3.268899,FRAME,4403,20535,-60,-134,-169,-440,37
2026-07-02T20:14:42.723,3.269548,FRAME,4404,20536,-4,-158,-160,-444,36
2026-07-02T20:14:42.723,3.270182,FRAME,4405,20537,-64,-154,-107,-447,37
2026-07-02T20:14:42.724,3.270793,FRAME,4406,20538,-46,-151,-114,-414,37
2026-07-02T20:14:42.725,3.271419,FRAME,4407,20539,-53,-134,-161,-422,37
2026-07-02T20:14:42.725,3.272008,FRAME,4408,20540,-56,-185,-138,-418,37
2026-07-02T20:14:42.726,3.272612,FRAME,4409,20541,-75,-160,-175,-442,37
2026-07-02T20:14:42.727,3.273405,FRAME,4410,20542,-110,-154,-144,-468,38
2026-07-02T20:14:42.727,3.274024,FRAME,4411,20543,-148,-220,-213,-456,38
2026-07-02T20:14:42.728,3.274642,FRAME,4412,20544,-184,-216,-209,-488,38
2026-07-02T20:14:42.729,3.275285,FRAME,4413,20545,-160,-223,-212,-462,38
2026-07-02T20:14:42.729,3.275906,FRAME,4414,20546,-175,-250,-205,-464,38
2026-07-02T20:14:42.730,3.276564,FRAME,4415,20547,-219,-236,-175,-471,38
2026-07-02T20:14:42.730,3.277192,FRAME,4416,20548,-188,-281,-231,-510,38
2026-07-02T20:14:42.731,3.277930,FRAME,4417,20549,-152,-232,-196,-475,38
2026-07-02T20:14:42.732,3.278725,FRAME,4418,20550,-206,-258,-202,-495,38
2026-07-02T20:14:42.733,3.279406,FRAME,4419,20551,-154,-247,-186,-506,38
2026-07-02T20:14:42.733,3.280020,FRAME,4420,20552,-171,-212,-182,-480,38
2026-07-02T20:14:42.734,3.280642,FRAME,4421,20553,-133,-247,-190,-483,38
2026-07-02T20:14:42.735,3.281275,FRAME,4422,20554,-196,-296,-243,-417,38
2026-07-02T20:14:42.735,3.281878,FRAME,4423,20555,-212,-253,-220,-462,38
2026-07-02T20:14:42.736,3.282620,FRAME,4424,20556,-179,-235,-177,-491,38
2026-07-02T20:14:42.737,3.283259,FRAME,4425,20557,-197,-263,-192,-483,38
2026-07-02T20:14:42.737,3.283886,FRAME,4426,20558,-207,-280,-215,-487,38
2026-07-02T20:14:42.738,3.284581,FRAME,4427,20559,-214,-264,-206,-464,38
2026-07-02T20:14:42.739,3.285286,FRAME,4428,20560,-261,-325,-279,-456,38
2026-07-02T20:14:42.739,3.285991,FRAME,4429,20561,-252,-338,-239,-514,38
2026-07-02T20:14:42.740,3.286606,FRAME,4430,20562,-295,-348,-267,-517,38
2026-07-02T20:14:42.741,3.287670,FRAME,4431,20563,-326,-356,-287,-524,38
2026-07-02T20:14:42.742,3.288280,FRAME,4432,20564,-323,-345,-244,-450,38
2026-07-02T20:14:42.742,3.289163,FRAME,4433,20565,-298,-344,-280,-502,38
2026-07-02T20:14:42.743,3.290115,FRAME,4434,20566,-266,-352,-285,-520,38
2026-07-02T20:14:42.744,3.291061,FRAME,4435,20567,-312,-349,-267,-488,38
2026-07-02T20:14:42.745,3.292010,FRAME,4436,20568,-254,-378,-250,-514,38
2026-07-02T20:14:42.746,3.292985,FRAME,4437,20569,-242,-368,-215,-516,38
2026-07-02T20:14:42.747,3.293920,FRAME,4438,20570,-236,-349,-210,-490,38
2026-07-02T20:14:42.748,3.294682,FRAME,4439,20571,-241,-337,-244,-512,38
2026-07-02T20:14:42.749,3.295784,FRAME,4440,20572,-210,-265,-228,-434,38
2026-07-02T20:14:42.750,3.296721,FRAME,4441,20573,-227,-274,-205,-461,38
2026-07-02T20:14:42.751,3.297623,FRAME,4442,20574,-212,-279,-190,-437,38
2026-07-02T20:14:42.752,3.298580,FRAME,4443,20575,-199,-259,-234,-492,38
2026-07-02T20:14:42.753,3.299505,FRAME,4444,20576,-256,-274,-212,-455,38
2026-07-02T20:14:42.754,3.300259,FRAME,4445,20577,-258,-325,-197,-455,38
2026-07-02T20:14:42.754,3.301139,FRAME,4446,20578,-286,-320,-274,-473,38
2026-07-02T20:14:42.755,3.302054,FRAME,4447,20579,-323,-327,-272,-473,38
2026-07-02T20:14:42.756,3.302984,FRAME,4448,20580,-306,-356,-260,-492,38
2026-07-02T20:14:42.757,3.303743,FRAME,4449,20581,-351,-362,-283,-530,38
2026-07-02T20:14:42.758,3.304366,FRAME,4450,20582,-369,-361,-313,-481,38
2026-07-02T20:14:42.759,3.305465,FRAME,4451,20583,-300,-325,-249,-515,38
2026-07-02T20:14:42.760,3.306258,FRAME,4452,20584,-318,-267,-232,-513,38
2026-07-02T20:14:42.761,3.307284,FRAME,4453,20585,-317,-260,-241,-525,38
2026-07-02T20:14:42.762,3.308477,FRAME,4454,20586,-254,-263,-250,-494,38
2026-07-02T20:14:42.763,3.309624,FRAME,4455,20587,-218,-270,-272,-533,38
2026-07-02T20:14:42.764,3.310571,FRAME,4456,20588,-227,-284,-229,-492,38
2026-07-02T20:14:42.765,3.311850,FRAME,4457,20589,-235,-252,-250,-471,38
2026-07-02T20:14:42.766,3.313111,FRAME,4458,20590,-205,-234,-233,-451,38
2026-07-02T20:14:42.768,3.314268,FRAME,4459,20591,-171,-265,-214,-461,38
2026-07-02T20:14:42.769,3.315395,FRAME,4460,20592,-244,-236,-219,-444,38
2026-07-02T20:14:42.770,3.316528,FRAME,4461,20593,-188,-276,-205,-457,38
2026-07-02T20:14:42.771,3.317668,FRAME,4462,20594,-228,-236,-196,-461,38
2026-07-02T20:14:42.772,3.318791,FRAME,4463,20595,-184,-221,-199,-480,38
2026-07-02T20:14:42.773,3.319968,FRAME,4464,20596,-182,-261,-170,-470,38
2026-07-02T20:14:42.774,3.321096,FRAME,4465,20597,-175,-212,-175,-466,38
2026-07-02T20:14:42.775,3.322145,FRAME,4466,20598,-147,-246,-233,-491,38
2026-07-02T20:14:42.776,3.322956,FRAME,4467,20599,-193,-238,-171,-505,38
2026-07-02T20:14:42.777,3.323830,FRAME,4468,20600,-135,-260,-183,-485,38
2026-07-02T20:14:42.778,3.324601,FRAME,4469,20601,-124,-236,-211,-494,38
2026-07-02T20:14:42.779,3.325389,FRAME,4470,20602,-180,-210,-220,-470,38
2026-07-02T20:14:42.780,3.326226,FRAME,4471,20603,-231,-265,-168,-507,38
2026-07-02T20:14:42.780,3.326956,FRAME,4472,20604,-179,-237,-172,-512,38
2026-07-02T20:14:42.781,3.327706,FRAME,4473,20605,-222,-293,-222,-492,38
2026-07-02T20:14:42.782,3.328605,FRAME,4474,20606,-273,-259,-257,-489,38
2026-07-02T20:14:42.783,3.329694,FRAME,4475,20607,-251,-246,-228,-462,38
2026-07-02T20:14:42.784,3.330688,FRAME,4476,20608,-314,-280,-249,-458,38
2026-07-02T20:14:42.785,3.331331,FRAME,4477,20609,-309,-290,-252,-488,38
2026-07-02T20:14:42.785,3.331953,FRAME,4478,20610,-285,-281,-257,-480,38
2026-07-02T20:14:42.786,3.332582,FRAME,4479,20611,-341,-289,-235,-487,38
2026-07-02T20:14:42.787,3.333209,FRAME,4480,20612,-355,-360,-281,-487,38
2026-07-02T20:14:42.787,3.333833,FRAME,4481,20613,-392,-328,-305,-504,38
2026-07-02T20:14:42.788,3.334457,FRAME,4482,20614,-389,-301,-236,-453,38
2026-07-02T20:14:42.788,3.335073,FRAME,4483,20615,-312,-297,-217,-496,38
2026-07-02T20:14:42.789,3.335764,FRAME,4484,20616,-291,-289,-216,-459,38
2026-07-02T20:14:42.817,3.363420,FRAME,4485,20617,-262,-234,-250,-508,38
2026-07-02T20:14:42.818,3.364350,FRAME,4486,20618,-259,-239,-175,-449,38
2026-07-02T20:14:42.819,3.365278,FRAME,4487,20619,-163,-210,-188,-459,38
2026-07-02T20:14:42.819,3.365992,FRAME,4488,20620,-177,-213,-203,-434,38
2026-07-02T20:14:42.820,3.366606,FRAME,4489,20621,-207,-243,-189,-464,38
2026-07-02T20:14:42.821,3.367228,FRAME,4490,20622,-204,-239,-183,-422,38
2026-07-02T20:14:42.821,3.367865,FRAME,4491,20623,-204,-208,-164,-480,38
2026-07-02T20:14:42.822,3.368489,FRAME,4492,20624,-215,-165,-196,-410,38
2026-07-02T20:14:42.822,3.369085,FRAME,4493,20625,-203,-230,-190,-448,38
2026-07-02T20:14:42.823,3.369731,FRAME,4494,20626,-256,-237,-226,-442,38
2026-07-02T20:14:42.824,3.370358,FRAME,4495,20627,-283,-239,-228,-475,38
2026-07-02T20:14:42.824,3.370977,FRAME,4496,20628,-310,-297,-229,-440,38
2026-07-02T20:14:42.825,3.371601,FRAME,4497,20629,-307,-254,-228,-458,38
2026-07-02T20:14:42.826,3.372749,FRAME,4498,20630,-334,-321,-246,-512,38
2026-07-02T20:14:42.827,3.373580,FRAME,4499,20631,-309,-257,-247,-448,38
2026-07-02T20:14:42.828,3.374538,FRAME,4500,20632,-293,-270,-232,-488,38
2026-07-02T20:14:42.829,3.375486,FRAME,4501,20633,-301,-268,-227,-470,38
2026-07-02T20:14:42.830,3.376461,FRAME,4502,20634,-270,-282,-237,-502,38
2026-07-02T20:14:42.831,3.377420,FRAME,4503,20635,-286,-301,-224,-485,38
2026-07-02T20:14:42.832,3.378600,FRAME,4504,20636,-334,-290,-271,-523,38
2026-07-02T20:14:42.833,3.379642,FRAME,4505,20637,-366,-276,-257,-545,38
2026-07-02T20:14:42.834,3.380446,FRAME,4506,20638,-389,-302,-274,-547,38
2026-07-02T20:14:42.835,3.381364,FRAME,4507,20639,-336,-375,-239,-511,38
2026-07-02T20:14:42.836,3.382271,FRAME,4508,20640,-358,-300,-269,-449,38
2026-07-02T20:14:42.836,3.383155,FRAME,4509,20641,-355,-345,-225,-485,38
2026-07-02T20:14:42.837,3.384084,FRAME,4510,20642,-392,-277,-282,-514,38
2026-07-02T20:14:42.838,3.384906,FRAME,4511,20643,-314,-308,-259,-517,38
2026-07-02T20:14:42.839,3.385781,FRAME,4512,20644,-402,-356,-260,-509,38
2026-07-02T20:14:42.840,3.386727,FRAME,4513,20645,-378,-384,-306,-514,38
2026-07-02T20:14:42.841,3.387611,FRAME,4514,20646,-440,-368,-285,-538,38
2026-07-02T20:14:42.842,3.388496,FRAME,4515,20647,-420,-381,-273,-484,38
2026-07-02T20:14:42.842,3.389113,FRAME,4516,20648,-419,-376,-289,-490,38
2026-07-02T20:14:42.843,3.390075,FRAME,4517,20649,-392,-352,-297,-538,38
2026-07-02T20:14:42.844,3.391042,FRAME,4518,20650,-426,-345,-327,-547,38
2026-07-02T20:14:42.845,3.391966,FRAME,4519,20651,-377,-413,-284,-537,38
2026-07-02T20:14:42.846,3.392908,FRAME,4520,20652,-389,-356,-304,-526,38
2026-07-02T20:14:42.847,3.393834,FRAME,4521,20653,-369,-388,-298,-492,38
2026-07-02T20:14:42.848,3.394796,FRAME,4522,20654,-373,-370,-288,-514,38
2026-07-02T20:14:42.849,3.395908,FRAME,4523,20655,-353,-323,-247,-490,38
2026-07-02T20:14:42.850,3.396832,FRAME,4524,20656,-342,-304,-243,-490,38
2026-07-02T20:14:42.851,3.397578,FRAME,4525,20657,-335,-313,-259,-485,38
2026-07-02T20:14:42.852,3.398319,FRAME,4526,20658,-293,-327,-226,-456,38
2026-07-02T20:14:42.852,3.399061,FRAME,4527,20659,-254,-275,-178,-489,38
2026-07-02T20:14:42.853,3.399927,FRAME,4528,20660,-276,-287,-226,-492,38
2026-07-02T20:14:42.854,3.400673,FRAME,4529,20661,-341,-294,-227,-472,38
2026-07-02T20:14:42.855,3.401555,FRAME,4530,20662,-320,-322,-240,-465,38
2026-07-02T20:14:42.856,3.402470,FRAME,4531,20663,-361,-345,-281,-493,38
2026-07-02T20:14:42.857,3.403440,FRAME,4532,20664,-399,-311,-261,-509,38
2026-07-02T20:14:42.858,3.404241,FRAME,4533,20665,-377,-347,-251,-437,38
2026-07-02T20:14:42.858,3.404947,FRAME,4534,20666,-383,-325,-261,-500,38
2026-07-02T20:14:42.859,3.405601,FRAME,4535,20667,-379,-333,-292,-528,38
2026-07-02T20:14:42.860,3.406411,FRAME,4536,20668,-345,-337,-259,-478,38
2026-07-02T20:14:42.861,3.407346,FRAME,4537,20669,-361,-318,-247,-471,38
2026-07-02T20:14:42.861,3.408176,FRAME,4538,20670,-347,-360,-236,-499,38
2026-07-02T20:14:42.862,3.408827,FRAME,4539,20671,-299,-347,-211,-480,38
2026-07-02T20:14:42.863,3.409460,FRAME,4540,20672,-358,-353,-179,-463,38
2026-07-02T20:14:42.863,3.410077,FRAME,4541,20673,-413,-293,-199,-473,38
2026-07-02T20:14:42.864,3.410755,FRAME,4542,20674,-345,-286,-183,-484,38
2026-07-02T20:14:42.865,3.411517,FRAME,4543,20675,-359,-314,-169,-429,38
2026-07-02T20:14:42.866,3.412282,FRAME,4544,20676,-369,-324,-162,-494,38
2026-07-02T20:14:42.866,3.412934,FRAME,4545,20677,-356,-294,-204,-468,38
2026-07-02T20:14:42.867,3.413569,FRAME,4546,20678,-294,-252,-200,-455,38
2026-07-02T20:14:42.868,3.414186,FRAME,4547,20679,-294,-249,-150,-432,38
2026-07-02T20:14:42.868,3.414823,FRAME,4548,20680,-265,-258,-162,-461,38
2026-07-02T20:14:42.869,3.415495,FRAME,4549,20681,-303,-206,-181,-474,38
2026-07-02T20:14:42.869,3.416115,FRAME,4550,20682,-212,-206,-149,-475,38
2026-07-02T20:14:42.870,3.416754,FRAME,4551,20683,-204,-218,-133,-452,38
2026-07-02T20:14:42.871,3.417380,FRAME,4552,20684,-181,-186,-130,-474,38
2026-07-02T20:14:42.871,3.417983,FRAME,4553,20685,-139,-161,-63,-460,37
2026-07-02T20:14:42.872,3.418584,FRAME,4554,20686,-26,-96,-103,-434,36
2026-07-02T20:14:42.872,3.419173,FRAME,4555,20687,-86,-122,-65,-477,36
2026-07-02T20:14:42.873,3.419778,FRAME,4556,20688,-68,-169,-59,-411,36
2026-07-02T20:14:42.874,3.420419,FRAME,4557,20689,-51,-104,-73,-405,36
2026-07-02T20:14:42.874,3.420966,FRAME,4558,20690,-8,-76,-46,-434,34
2026-07-02T20:14:42.875,3.421581,FRAME,4559,20691,4,-78,-55,-376,33
2026-07-02T20:14:42.875,3.422162,FRAME,4560,20692,-27,-23,-47,-405,35
2026-07-02T20:14:42.876,3.422737,FRAME,4561,20693,-4,-38,-62,-409,34
2026-07-02T20:14:42.877,3.423328,FRAME,4562,20694,54,-22,-4,-369,33
2026-07-02T20:14:42.877,3.423871,FRAME,4563,20695,10,-12,-5,-391,33
2026-07-02T20:14:42.878,3.424422,FRAME,4564,20696,49,-61,-4,-377,33
2026-07-02T20:14:42.878,3.424981,FRAME,4565,20697,29,-27,-30,-395,34
2026-07-02T20:14:42.879,3.425531,FRAME,4566,20698,65,-31,-9,-395,33
2026-07-02T20:14:42.879,3.426078,FRAME,4567,20699,79,-17,-19,-327,34
2026-07-02T20:14:42.880,3.426675,FRAME,4568,20700,59,-10,-4,-384,33
2026-07-02T20:14:42.881,3.427233,FRAME,4569,20701,67,-27,-22,-395,34
2026-07-02T20:14:42.881,3.427763,FRAME,4570,20702,86,-11,24,-411,33
2026-07-02T20:14:42.882,3.428330,FRAME,4571,20703,139,-36,-29,-417,35
2026-07-02T20:14:42.882,3.428916,FRAME,4572,20704,126,-6,15,-365,33
2026-07-02T20:14:42.883,3.429463,FRAME,4573,20705,119,7,-10,-379,33
2026-07-02T20:14:42.883,3.429996,FRAME,4574,20706,133,-5,29,-345,33
2026-07-02T20:14:42.884,3.430568,FRAME,4575,20707,116,30,36,-359,33
2026-07-02T20:14:42.884,3.431080,FRAME,4576,20708,99,4,-10,-385,32
2026-07-02T20:14:42.885,3.431677,FRAME,4577,20709,93,12,-25,-363,33
2026-07-02T20:14:42.886,3.432374,FRAME,4578,20710,88,-5,4,-359,31
2026-07-02T20:14:42.886,3.432963,FRAME,4579,20711,132,21,-51,-371,34
2026-07-02T20:14:42.887,3.433517,FRAME,4580,20712,123,-7,-39,-357,34
2026-07-02T20:14:42.887,3.434055,FRAME,4581,20713,113,9,-23,-405,33
2026-07-02T20:14:42.888,3.434596,FRAME,4582,20714,111,-13,9,-377,33
2026-07-02T20:14:42.888,3.435125,FRAME,4583,20715,135,-2,-8,-378,33
2026-07-02T20:14:42.889,3.435663,FRAME,4584,20716,99,-5,15,-361,32
2026-07-02T20:14:42.889,3.436178,FRAME,4585,20717,185,5,-26,-353,33
2026-07-02T20:14:42.890,3.436760,FRAME,4586,20718,118,-9,40,-402,33
2026-07-02T20:14:42.891,3.437273,FRAME,4587,20719,109,6,4,-400,31
2026-07-02T20:14:42.891,3.437802,FRAME,4588,20720,158,25,-6,-359,33
2026-07-02T20:14:42.892,3.438344,FRAME,4589,20721,144,58,14,-383,33
2026-07-02T20:14:42.892,3.438935,FRAME,4590,20722,145,27,-40,-382,34
2026-07-02T20:14:42.893,3.439478,FRAME,4591,20723,59,4,-16,-360,32
2026-07-02T20:14:42.893,3.440035,FRAME,4592,20724,60,-26,-16,-361,34
2026-07-02T20:14:42.894,3.440626,FRAME,4593,20725,61,-16,-55,-382,34
2026-07-02T20:14:42.894,3.441174,FRAME,4594,20726,0,-20,-74,-359,33
2026-07-02T20:14:42.895,3.441751,FRAME,4595,20727,27,-37,-49,-369,34
2026-07-02T20:14:42.896,3.442382,FRAME,4596,20728,-33,-49,-108,-392,36
2026-07-02T20:14:42.927,3.473996,FRAME,4597,20729,-83,-88,-101,-417,36
2026-07-02T20:14:42.930,3.476413,FRAME,4598,20730,-79,-92,-117,-402,36
2026-07-02T20:14:42.931,3.477234,FRAME,4599,20731,-52,-123,-126,-432,37
2026-07-02T20:14:42.932,3.478275,FRAME,4600,20732,-128,-105,-106,-475,38
2026-07-02T20:14:42.932,3.479037,FRAME,4601,20733,-113,-142,-159,-444,38
2026-07-02T20:14:42.933,3.479728,FRAME,4602,20734,-149,-159,-177,-504,38
2026-07-02T20:14:42.934,3.480341,FRAME,4603,20735,-145,-188,-152,-465,38
2026-07-02T20:14:42.934,3.480935,FRAME,4604,20736,-189,-179,-182,-483,38
2026-07-02T20:14:42.935,3.481550,FRAME,4605,20737,-214,-222,-185,-484,38
2026-07-02T20:14:42.935,3.482146,FRAME,4606,20738,-222,-189,-148,-492,38
2026-07-02T20:14:42.936,3.482763,FRAME,4607,20739,-210,-192,-171,-468,38
2026-07-02T20:14:42.937,3.483361,FRAME,4608,20740,-247,-171,-165,-446,38
2026-07-02T20:14:42.937,3.483955,FRAME,4609,20741,-200,-186,-150,-443,38
2026-07-02T20:14:42.938,3.484593,FRAME,4610,20742,-197,-207,-114,-441,38
2026-07-02T20:14:42.938,3.485180,FRAME,4611,20743,-190,-210,-135,-417,38
2026-07-02T20:14:42.939,3.485915,FRAME,4612,20744,-192,-172,-147,-412,38
2026-07-02T20:14:42.940,3.486521,FRAME,4613,20745,-176,-174,-130,-427,38
2026-07-02T20:14:42.940,3.487106,FRAME,4614,20746,-172,-203,-168,-425,38
2026-07-02T20:14:42.941,3.487724,FRAME,4615,20747,-176,-239,-178,-440,38
2026-07-02T20:14:42.942,3.488329,FRAME,4616,20748,-236,-204,-164,-433,38
2026-07-02T20:14:42.942,3.488921,FRAME,4617,20749,-225,-236,-184,-457,38
2026-07-02T20:14:42.943,3.489542,FRAME,4618,20750,-256,-249,-207,-496,38
2026-07-02T20:14:42.943,3.490167,FRAME,4619,20751,-271,-241,-207,-483,38
2026-07-02T20:14:42.944,3.490887,FRAME,4620,20752,-310,-263,-189,-471,38
2026-07-02T20:14:42.945,3.491519,FRAME,4621,20753,-273,-285,-186,-470,38
2026-07-02T20:14:42.945,3.492162,FRAME,4622,20754,-294,-275,-193,-473,38
2026-07-02T20:14:42.946,3.492812,FRAME,4623,20755,-362,-302,-211,-457,38
2026-07-02T20:14:42.947,3.493440,FRAME,4624,20756,-363,-279,-173,-494,38
2026-07-02T20:14:42.947,3.494068,FRAME,4625,20757,-364,-282,-209,-449,38
2026-07-02T20:14:42.948,3.494734,FRAME,4626,20758,-332,-279,-173,-446,38
2026-07-02T20:14:42.949,3.495752,FRAME,4627,20759,-349,-290,-192,-437,38
2026-07-02T20:14:42.950,3.496391,FRAME,4628,20760,-344,-257,-156,-471,38
2026-07-02T20:14:42.950,3.497117,FRAME,4629,20761,-298,-251,-201,-454,38
2026-07-02T20:14:42.951,3.497757,FRAME,4630,20762,-302,-271,-188,-474,38
2026-07-02T20:14:42.952,3.498380,FRAME,4631,20763,-339,-253,-148,-438,38
2026-07-02T20:14:42.952,3.498996,FRAME,4632,20764,-288,-216,-181,-440,38
2026-07-02T20:14:42.953,3.499675,FRAME,4633,20765,-246,-206,-138,-465,38
2026-07-02T20:14:42.954,3.500310,FRAME,4634,20766,-236,-186,-152,-426,38
2026-07-02T20:14:42.954,3.500942,FRAME,4635,20767,-178,-210,-121,-430,38
2026-07-02T20:14:42.955,3.501556,FRAME,4636,20768,-149,-166,-116,-462,38
2026-07-02T20:14:42.955,3.502142,FRAME,4637,20769,-126,-154,-97,-424,37
2026-07-02T20:14:42.956,3.502753,FRAME,4638,20770,-105,-150,-82,-422,37
2026-07-02T20:14:42.957,3.503337,FRAME,4639,20771,-46,-116,-50,-430,36
2026-07-02T20:14:42.957,3.503948,FRAME,4640,20772,-94,-131,-55,-415,36
2026-07-02T20:14:42.958,3.504541,FRAME,4641,20773,-70,-132,-46,-405,36
2026-07-02T20:14:42.958,3.505120,FRAME,4642,20774,-46,-57,-71,-435,35
2026-07-02T20:14:42.959,3.505729,FRAME,4643,20775,-62,-78,-49,-359,35
2026-07-02T20:14:42.960,3.506325,FRAME,4644,20776,-53,-107,-52,-380,36
2026-07-02T20:14:42.960,3.506977,FRAME,4645,20777,-83,-84,-53,-396,35
2026-07-02T20:14:42.961,3.507568,FRAME,4646,20778,-37,-95,-57,-394,35
2026-07-02T20:14:42.961,3.508141,FRAME,4647,20779,-68,-92,-33,-396,35
2026-07-02T20:14:42.962,3.508734,FRAME,4648,20780,-41,-73,-47,-406,35
2026-07-02T20:14:42.963,3.509310,FRAME,4649,20781,-72,-97,-83,-426,35
2026-07-02T20:14:42.963,3.509913,FRAME,4650,20782,18,-86,-68,-416,34
2026-07-02T20:14:42.964,3.510461,FRAME,4651,20783,-9,-98,-6,-444,33
2026-07-02T20:14:42.964,3.510992,FRAME,4652,20784,6,-98,-60,-385,33
2026-07-02T20:14:42.965,3.511752,FRAME,4653,20785,44,-61,-42,-425,34
2026-07-02T20:14:42.966,3.512426,FRAME,4654,20786,53,-37,-28,-405,34
2026-07-02T20:14:42.966,3.512985,FRAME,4655,20787,82,-25,-30,-420,34
2026-07-02T20:14:42.967,3.513570,FRAME,4656,20788,60,-37,-8,-411,33
2026-07-02T20:14:42.967,3.514121,FRAME,4657,20789,13,-59,-16,-379,34
2026-07-02T20:14:42.968,3.514684,FRAME,4658,20790,44,-44,-38,-380,34
2026-07-02T20:14:42.969,3.515237,FRAME,4659,20791,-10,-50,20,-400,34
2026-07-02T20:14:42.969,3.515799,FRAME,4660,20792,-41,-70,-60,-404,35
2026-07-02T20:14:42.970,3.516421,FRAME,4661,20793,-47,-109,-60,-401,36
2026-07-02T20:14:42.970,3.517031,FRAME,4662,20794,-44,-137,-144,-404,37
2026-07-02T20:14:42.971,3.517766,FRAME,4663,20795,-91,-157,-160,-419,37
2026-07-02T20:14:42.972,3.518379,FRAME,4664,20796,-154,-172,-143,-441,38
2026-07-02T20:14:42.972,3.519036,FRAME,4665,20797,-168,-188,-160,-419,38
2026-07-02T20:14:42.973,3.519670,FRAME,4666,20798,-191,-218,-173,-470,38
2026-07-02T20:14:42.974,3.520281,FRAME,4667,20799,-241,-202,-169,-471,38
2026-07-02T20:14:42.974,3.520884,FRAME,4668,20800,-255,-175,-217,-469,38
2026-07-02T20:14:42.975,3.521496,FRAME,4669,20801,-274,-235,-253,-470,38
2026-07-02T20:14:42.975,3.522095,FRAME,4670,20802,-263,-306,-250,-482,38
2026-07-02T20:14:42.976,3.522758,FRAME,4671,20803,-281,-270,-210,-463,38
2026-07-02T20:14:42.977,3.523388,FRAME,4672,20804,-290,-305,-228,-470,38
2026-07-02T20:14:42.977,3.523997,FRAME,4673,20805,-320,-321,-240,-447,38
2026-07-02T20:14:42.978,3.524621,FRAME,4674,20806,-372,-336,-266,-460,38
2026-07-02T20:14:42.979,3.525292,FRAME,4675,20807,-369,-326,-253,-452,38
2026-07-02T20:14:42.979,3.525905,FRAME,4676,20808,-395,-308,-257,-464,38
2026-07-02T20:14:42.980,3.526536,FRAME,4677,20809,-414,-317,-273,-468,38
2026-07-02T20:14:42.980,3.527137,FRAME,4678,20810,-414,-363,-284,-468,38
2026-07-02T20:14:42.981,3.527792,FRAME,4679,20811,-442,-360,-303,-480,38
2026-07-02T20:14:42.982,3.528469,FRAME,4680,20812,-511,-386,-300,-490,38
2026-07-02T20:14:42.983,3.529392,FRAME,4681,20813,-496,-416,-336,-492,38
2026-07-02T20:14:42.983,3.530032,FRAME,4682,20814,-506,-406,-323,-508,38
2026-07-02T20:14:42.984,3.530645,FRAME,4683,20815,-477,-398,-330,-499,38
2026-07-02T20:14:42.985,3.531272,FRAME,4684,20816,-464,-410,-326,-525,38
2026-07-02T20:14:42.985,3.531875,FRAME,4685,20817,-449,-422,-331,-495,38
2026-07-02T20:14:42.986,3.532962,FRAME,4686,20818,-482,-424,-351,-522,38
2026-07-02T20:14:42.987,3.533583,FRAME,4687,20819,-473,-369,-350,-497,38
2026-07-02T20:14:42.988,3.534436,FRAME,4688,20820,-486,-458,-325,-507,38
2026-07-02T20:14:42.989,3.535408,FRAME,4689,20821,-437,-432,-342,-501,38
2026-07-02T20:14:42.990,3.536346,FRAME,4690,20822,-495,-372,-326,-469,38
2026-07-02T20:14:42.991,3.537827,FRAME,4691,20823,-417,-376,-299,-473,38
2026-07-02T20:14:42.993,3.539362,FRAME,4692,20824,-422,-331,-308,-468,38
2026-07-02T20:14:42.994,3.540384,FRAME,4693,20825,-376,-351,-278,-464,38
2026-07-02T20:14:42.995,3.541324,FRAME,4694,20826,-383,-368,-277,-434,38
2026-07-02T20:14:42.996,3.542287,FRAME,4695,20827,-382,-341,-321,-465,38
2026-07-02T20:14:42.997,3.543249,FRAME,4696,20828,-419,-386,-342,-458,38
2026-07-02T20:14:42.998,3.544357,FRAME,4697,20829,-417,-401,-310,-447,38
2026-07-02T20:14:42.999,3.545431,FRAME,4698,20830,-434,-428,-352,-497,38
2026-07-02T20:14:43.000,3.546483,FRAME,4699,20831,-421,-402,-360,-510,38
2026-07-02T20:14:43.001,3.547421,FRAME,4700,20832,-442,-403,-351,-499,38
2026-07-02T20:14:43.002,3.548463,FRAME,4701,20833,-475,-460,-335,-500,38
2026-07-02T20:14:43.003,3.549477,FRAME,4702,20834,-444,-446,-343,-507,38
2026-07-02T20:14:43.003,3.550126,FRAME,4703,20835,-441,-438,-352,-525,38
2026-07-02T20:14:43.005,3.551227,FRAME,4704,20836,-473,-429,-301,-528,38
2026-07-02T20:14:43.005,3.552151,FRAME,4705,20837,-421,-373,-342,-488,38
2026-07-02T20:14:43.033,3.579408,FRAME,4706,20838,-427,-384,-342,-524,38
2026-07-02T20:14:43.034,3.580199,FRAME,4707,20839,-462,-368,-349,-484,38
2026-07-02T20:14:43.034,3.580900,FRAME,4708,20840,-436,-326,-345,-514,38
2026-07-02T20:14:43.035,3.581555,FRAME,4709,20841,-443,-362,-349,-510,38
2026-07-02T20:14:43.035,3.582170,FRAME,4710,20842,-402,-327,-307,-498,38
2026-07-02T20:14:43.036,3.582777,FRAME,4711,20843,-401,-331,-283,-474,38
2026-07-02T20:14:43.037,3.583375,FRAME,4712,20844,-388,-328,-287,-495,38
2026-07-02T20:14:43.037,3.583969,FRAME,4713,20845,-428,-303,-304,-511,38
2026-07-02T20:14:43.038,3.584584,FRAME,4714,20846,-367,-307,-299,-481,38
2026-07-02T20:14:43.039,3.585357,FRAME,4715,20847,-383,-334,-316,-495,38
2026-07-02T20:14:43.039,3.586009,FRAME,4716,20848,-343,-315,-238,-492,38
2026-07-02T20:14:43.040,3.586630,FRAME,4717,20849,-338,-323,-277,-485,38
2026-07-02T20:14:43.041,3.587264,FRAME,4718,20850,-305,-298,-250,-493,38
2026-07-02T20:14:43.041,3.587863,FRAME,4719,20851,-293,-304,-171,-449,38
2026-07-02T20:14:43.042,3.588467,FRAME,4720,20852,-278,-278,-261,-500,38
2026-07-02T20:14:43.042,3.589087,FRAME,4721,20853,-235,-285,-229,-485,38
2026-07-02T20:14:43.043,3.589744,FRAME,4722,20854,-258,-287,-233,-457,38
2026-07-02T20:14:43.044,3.590467,FRAME,4723,20855,-261,-280,-231,-446,38
2026-07-02T20:14:43.044,3.591080,FRAME,4724,20856,-278,-267,-239,-466,38
2026-07-02T20:14:43.045,3.591716,FRAME,4725,20857,-281,-203,-215,-468,38
2026-07-02T20:14:43.046,3.592326,FRAME,4726,20858,-294,-265,-204,-460,38
2026-07-02T20:14:43.046,3.592939,FRAME,4727,20859,-327,-285,-256,-468,38
2026-07-02T20:14:43.047,3.593557,FRAME,4728,20860,-318,-301,-263,-447,38
2026-07-02T20:14:43.047,3.594164,FRAME,4729,20861,-305,-317,-189,-455,38
2026-07-02T20:14:43.048,3.594795,FRAME,4730,20862,-315,-251,-225,-430,38
2026-07-02T20:14:43.049,3.595566,FRAME,4731,20863,-273,-304,-228,-498,38
2026-07-02T20:14:43.050,3.596294,FRAME,4732,20864,-318,-300,-198,-465,38
2026-07-02T20:14:43.050,3.596898,FRAME,4733,20865,-257,-231,-216,-494,38
2026-07-02T20:14:43.051,3.597494,FRAME,4734,20866,-246,-229,-180,-480,38
2026-07-02T20:14:43.051,3.598103,FRAME,4735,20867,-200,-223,-191,-492,38
2026-07-02T20:14:43.052,3.598717,FRAME,4736,20868,-198,-256,-180,-496,38
2026-07-02T20:14:43.053,3.599314,FRAME,4737,20869,-202,-245,-154,-503,38
2026-07-02T20:14:43.053,3.599913,FRAME,4738,20870,-186,-277,-216,-465,38
2026-07-02T20:14:43.054,3.600614,FRAME,4739,20871,-215,-268,-184,-454,38
2026-07-02T20:14:43.055,3.601382,FRAME,4740,20872,-189,-298,-198,-447,38
2026-07-02T20:14:43.055,3.601998,FRAME,4741,20873,-224,-242,-193,-450,38
2026-07-02T20:14:43.056,3.602629,FRAME,4742,20874,-261,-296,-205,-475,38
2026-07-02T20:14:43.057,3.603271,FRAME,4743,20875,-303,-298,-216,-465,38
2026-07-02T20:14:43.057,3.603949,FRAME,4744,20876,-314,-291,-261,-464,38
2026-07-02T20:14:43.058,3.604543,FRAME,4745,20877,-338,-352,-238,-482,38
2026-07-02T20:14:43.058,3.605175,FRAME,4746,20878,-386,-340,-225,-492,38
2026-07-02T20:14:43.059,3.605789,FRAME,4747,20879,-352,-359,-247,-487,38
2026-07-02T20:14:43.060,3.606522,FRAME,4748,20880,-364,-337,-271,-496,38
2026-07-02T20:14:43.060,3.607158,FRAME,4749,20881,-386,-355,-289,-499,38
2026-07-02T20:14:43.061,3.607792,FRAME,4750,20882,-405,-350,-287,-466,38
2026-07-02T20:14:43.062,3.608405,FRAME,4751,20883,-318,-353,-228,-486,38
2026-07-02T20:14:43.062,3.609015,FRAME,4752,20884,-341,-350,-276,-498,38
2026-07-02T20:14:43.063,3.609664,FRAME,4753,20885,-337,-321,-276,-493,38
2026-07-02T20:14:43.064,3.610253,FRAME,4754,20886,-371,-368,-251,-510,38
2026-07-02T20:14:43.064,3.610849,FRAME,4755,20887,-355,-357,-262,-508,38
2026-07-02T20:14:43.065,3.611498,FRAME,4756,20888,-344,-355,-277,-526,38
2026-07-02T20:14:43.066,3.612237,FRAME,4757,20889,-362,-340,-239,-484,38
2026-07-02T20:14:43.066,3.612991,FRAME,4758,20890,-367,-392,-262,-517,38
2026-07-02T20:14:43.067,3.613590,FRAME,4759,20891,-387,-392,-232,-450,38
2026-07-02T20:14:43.068,3.614656,FRAME,4760,20892,-424,-387,-236,-489,38
2026-07-02T20:14:43.069,3.615267,FRAME,4761,20893,-467,-392,-296,-468,38
2026-07-02T20:14:43.069,3.616089,FRAME,4762,20894,-447,-412,-334,-465,38
2026-07-02T20:14:43.070,3.617005,FRAME,4763,20895,-467,-403,-279,-515,38
2026-07-02T20:14:43.071,3.617932,FRAME,4764,20896,-454,-387,-303,-494,38
2026-07-02T20:14:43.072,3.618905,FRAME,4765,20897,-459,-425,-278,-515,38
2026-07-02T20:14:43.073,3.619896,FRAME,4766,20898,-417,-377,-250,-517,38
2026-07-02T20:14:43.074,3.620819,FRAME,4767,20899,-369,-334,-244,-485,38
2026-07-02T20:14:43.075,3.621719,FRAME,4768,20900,-373,-322,-279,-507,38
2026-07-02T20:14:43.076,3.622620,FRAME,4769,20901,-383,-324,-244,-502,38
2026-07-02T20:14:43.077,3.623598,FRAME,4770,20902,-320,-311,-232,-510,38
2026-07-02T20:14:43.078,3.624581,FRAME,4771,20903,-284,-270,-249,-460,38
2026-07-02T20:14:43.079,3.625975,FRAME,4772,20904,-266,-288,-187,-494,38
2026-07-02T20:14:43.080,3.627191,FRAME,4773,20905,-260,-221,-204,-448,38
2026-07-02T20:14:43.081,3.628141,FRAME,4774,20906,-241,-230,-188,-437,38
2026-07-02T20:14:43.082,3.629150,FRAME,4775,20907,-245,-230,-206,-438,38
2026-07-02T20:14:43.083,3.629809,FRAME,4776,20908,-264,-260,-234,-462,38
2026-07-02T20:14:43.084,3.630586,FRAME,4777,20909,-337,-257,-209,-466,38
2026-07-02T20:14:43.085,3.631564,FRAME,4778,20910,-321,-247,-244,-484,38
2026-07-02T20:14:43.086,3.632267,FRAME,4779,20911,-338,-272,-199,-438,38
2026-07-02T20:14:43.086,3.633143,FRAME,4780,20912,-366,-275,-219,-434,38
2026-07-02T20:14:43.087,3.634091,FRAME,4781,20913,-365,-294,-199,-458,38
2026-07-02T20:14:43.088,3.635011,FRAME,4782,20914,-382,-307,-244,-488,38
2026-07-02T20:14:43.089,3.635969,FRAME,4783,20915,-393,-276,-181,-487,38
2026-07-02T20:14:43.090,3.636892,FRAME,4784,20916,-347,-274,-220,-492,38
2026-07-02T20:14:43.092,3.639116,FRAME,4785,20917,-321,-268,-201,-465,38
2026-07-02T20:14:43.094,3.640215,FRAME,4786,20918,-323,-240,-185,-481,38
2026-07-02T20:14:43.095,3.641301,FRAME,4787,20919,-318,-271,-206,-490,38
2026-07-02T20:14:43.096,3.642390,FRAME,4788,20920,-314,-270,-177,-466,38
2026-07-02T20:14:43.097,3.643486,FRAME,4789,20921,-314,-220,-184,-472,38
2026-07-02T20:14:43.098,3.644582,FRAME,4790,20922,-324,-267,-161,-466,38
2026-07-02T20:14:43.099,3.645762,FRAME,4791,20923,-327,-251,-164,-461,38
2026-07-02T20:14:43.100,3.646861,FRAME,4792,20924,-327,-217,-152,-443,38
2026-07-02T20:14:43.101,3.647990,FRAME,4793,20925,-302,-203,-151,-396,38
2026-07-02T20:14:43.102,3.649101,FRAME,4794,20926,-290,-213,-189,-433,38
2026-07-02T20:14:43.104,3.650217,FRAME,4795,20927,-279,-149,-157,-414,38
2026-07-02T20:14:43.105,3.651322,FRAME,4796,20928,-284,-163,-124,-384,38
2026-07-02T20:14:43.106,3.652439,FRAME,4797,20929,-251,-155,-145,-410,38
2026-07-02T20:14:43.107,3.653548,FRAME,4798,20930,-271,-141,-125,-467,38
2026-07-02T20:14:43.108,3.654682,FRAME,4799,20931,-244,-158,-124,-441,38
2026-07-02T20:14:43.109,3.655691,FRAME,4800,20932,-249,-176,-92,-415,37
2026-07-02T20:14:43.110,3.656336,FRAME,4801,20933,-220,-127,-161,-461,38
2026-07-02T20:14:43.110,3.656953,FRAME,4802,20934,-197,-143,-134,-447,38
2026-07-02T20:14:43.111,3.657561,FRAME,4803,20935,-181,-145,-122,-453,38
2026-07-02T20:14:43.111,3.658186,FRAME,4804,20936,-195,-104,-164,-446,38
2026-07-02T20:14:43.112,3.658787,FRAME,4805,20937,-127,-134,-143,-440,38
2026-07-02T20:14:43.113,3.659386,FRAME,4806,20938,-130,-125,-105,-441,38
2026-07-02T20:14:43.113,3.659979,FRAME,4807,20939,-206,-142,-124,-446,38
2026-07-02T20:14:43.114,3.660585,FRAME,4808,20940,-215,-112,-129,-444,38
2026-07-02T20:14:43.114,3.661182,FRAME,4809,20941,-206,-145,-104,-398,38
2026-07-02T20:14:43.115,3.661789,FRAME,4810,20942,-230,-152,-135,-450,38
2026-07-02T20:14:43.116,3.662383,FRAME,4811,20943,-222,-184,-145,-408,38
2026-07-02T20:14:43.116,3.662975,FRAME,4812,20944,-239,-125,-104,-444,38
2026-07-02T20:14:43.142,3.688221,FRAME,4813,20945,-204,-116,-124,-409,38
2026-07-02T20:14:43.142,3.688957,FRAME,4814,20946,-209,-131,-144,-379,38
2026-07-02T20:14:43.143,3.689631,FRAME,4815,20947,-127,-83,-114,-378,37
2026-07-02T20:14:43.144,3.690302,FRAME,4816,20948,-165,-88,-122,-421,37
2026-07-02T20:14:43.144,3.691034,FRAME,4817,20949,-148,-109,-108,-396,38
2026-07-02T20:14:43.145,3.691679,FRAME,4818,20950,-119,-117,-119,-397,38
2026-07-02T20:14:43.146,3.692306,FRAME,4819,20951,-100,-112,-147,-440,38
2026-07-02T20:14:43.146,3.692929,FRAME,4820,20952,-103,-114,-111,-441,38
2026-07-02T20:14:43.147,3.693540,FRAME,4821,20953,-112,-147,-151,-431,38
2026-07-02T20:14:43.147,3.694151,FRAME,4822,20954,-157,-207,-130,-458,38
2026-07-02T20:14:43.148,3.694777,FRAME,4823,20955,-170,-176,-171,-460,38
2026-07-02T20:14:43.149,3.695619,FRAME,4824,20956,-204,-197,-107,-435,38
2026-07-02T20:14:43.150,3.696451,FRAME,4825,20957,-202,-198,-172,-471,38
2026-07-02T20:14:43.151,3.697375,FRAME,4826,20958,-254,-203,-202,-452,38
2026-07-02T20:14:43.152,3.698328,FRAME,4827,20959,-285,-253,-185,-431,38
2026-07-02T20:14:43.153,3.699296,FRAME,4828,20960,-282,-245,-246,-470,38
2026-07-02T20:14:43.154,3.700328,FRAME,4829,20961,-320,-257,-201,-451,38
2026-07-02T20:14:43.155,3.701334,FRAME,4830,20962,-318,-318,-253,-470,38
2026-07-02T20:14:43.156,3.702346,FRAME,4831,20963,-369,-316,-260,-474,38
2026-07-02T20:14:43.157,3.703244,FRAME,4832,20964,-356,-309,-268,-495,38
2026-07-02T20:14:43.157,3.704152,FRAME,4833,20965,-333,-307,-255,-466,38
2026-07-02T20:14:43.158,3.705044,FRAME,4834,20966,-347,-314,-268,-502,38
2026-07-02T20:14:43.159,3.705956,FRAME,4835,20967,-372,-338,-272,-504,38
2026-07-02T20:14:43.160,3.706807,FRAME,4836,20968,-335,-344,-268,-497,38
2026-07-02T20:14:43.161,3.707622,FRAME,4837,20969,-370,-394,-309,-487,38
2026-07-02T20:14:43.162,3.708450,FRAME,4838,20970,-360,-342,-285,-554,38
2026-07-02T20:14:43.163,3.709355,FRAME,4839,20971,-385,-362,-262,-477,38
2026-07-02T20:14:43.164,3.710389,FRAME,4840,20972,-427,-372,-291,-508,38
2026-07-02T20:14:43.164,3.711090,FRAME,4841,20973,-420,-364,-287,-482,38
2026-07-02T20:14:43.165,3.712045,FRAME,4842,20974,-420,-356,-265,-458,38
2026-07-02T20:14:43.166,3.712971,FRAME,4843,20975,-432,-388,-302,-496,38
2026-07-02T20:14:43.167,3.713924,FRAME,4844,20976,-439,-415,-307,-498,38
2026-07-02T20:14:43.168,3.714906,FRAME,4845,20977,-452,-390,-294,-491,38
2026-07-02T20:14:43.169,3.716154,FRAME,4846,20978,-502,-400,-321,-500,38
2026-07-02T20:14:43.171,3.717246,FRAME,4847,20979,-494,-421,-280,-475,38
2026-07-02T20:14:43.172,3.718491,FRAME,4848,20980,-446,-400,-302,-512,38
2026-07-02T20:14:43.173,3.719661,FRAME,4849,20981,-426,-407,-270,-461,38
2026-07-02T20:14:43.174,3.720379,FRAME,4850,20982,-390,-391,-253,-468,38
2026-07-02T20:14:43.174,3.720995,FRAME,4851,20983,-402,-337,-264,-497,38
2026-07-02T20:14:43.175,3.721704,FRAME,4852,20984,-397,-325,-190,-478,38
2026-07-02T20:14:43.176,3.722313,FRAME,4853,20985,-296,-295,-237,-454,38
2026-07-02T20:14:43.176,3.722940,FRAME,4854,20986,-287,-313,-184,-446,38
2026-07-02T20:14:43.177,3.723560,FRAME,4855,20987,-299,-288,-182,-459,38
2026-07-02T20:14:43.177,3.724198,FRAME,4856,20988,-277,-286,-212,-459,38
2026-07-02T20:14:43.178,3.724877,FRAME,4857,20989,-290,-281,-198,-545,38
2026-07-02T20:14:43.179,3.725501,FRAME,4858,20990,-290,-344,-233,-451,38
2026-07-02T20:14:43.180,3.726205,FRAME,4859,20991,-324,-307,-250,-478,38
2026-07-02T20:14:43.180,3.726905,FRAME,4860,20992,-356,-285,-261,-498,38
2026-07-02T20:14:43.181,3.727591,FRAME,4861,20993,-379,-343,-236,-470,38
2026-07-02T20:14:43.182,3.728298,FRAME,4862,20994,-394,-340,-229,-449,38
2026-07-02T20:14:43.182,3.728992,FRAME,4863,20995,-397,-330,-242,-451,38
2026-07-02T20:14:43.183,3.729619,FRAME,4864,20996,-367,-351,-268,-480,38
2026-07-02T20:14:43.184,3.730259,FRAME,4865,20997,-338,-315,-217,-511,38
2026-07-02T20:14:43.184,3.730894,FRAME,4866,20998,-380,-280,-204,-459,38
2026-07-02T20:14:43.185,3.731518,FRAME,4867,20999,-301,-327,-174,-485,38
2026-07-02T20:14:43.186,3.732300,FRAME,4868,21000,-295,-267,-191,-483,38
2026-07-02T20:14:43.186,3.732942,FRAME,4869,21001,-287,-250,-213,-465,38
2026-07-02T20:14:43.187,3.733565,FRAME,4870,21002,-244,-250,-192,-489,38
2026-07-02T20:14:43.188,3.734200,FRAME,4871,21003,-249,-268,-216,-471,38
2026-07-02T20:14:43.188,3.734827,FRAME,4872,21004,-243,-273,-172,-483,38
2026-07-02T20:14:43.189,3.735459,FRAME,4873,21005,-226,-235,-209,-416,38
2026-07-02T20:14:43.189,3.736101,FRAME,4874,21006,-205,-230,-143,-449,38
2026-07-02T20:14:43.190,3.736737,FRAME,4875,21007,-198,-191,-133,-417,38
2026-07-02T20:14:43.191,3.737363,FRAME,4876,21008,-181,-209,-124,-375,38
2026-07-02T20:14:43.191,3.737972,FRAME,4877,21009,-191,-184,-81,-411,37
2026-07-02T20:14:43.192,3.738592,FRAME,4878,21010,-129,-173,-113,-412,38
2026-07-02T20:14:43.192,3.739192,FRAME,4879,21011,-87,-159,-99,-400,36
2026-07-02T20:14:43.193,3.739792,FRAME,4880,21012,-98,-165,-107,-401,37
2026-07-02T20:14:43.194,3.740390,FRAME,4881,21013,-66,-171,-91,-388,36
2026-07-02T20:14:43.194,3.740983,FRAME,4882,21014,-38,-137,-49,-392,36
2026-07-02T20:14:43.195,3.741562,FRAME,4883,21015,-8,-139,-66,-378,35
2026-07-02T20:14:43.195,3.742138,FRAME,4884,21016,1,-130,-52,-397,34
2026-07-02T20:14:43.196,3.742711,FRAME,4885,21017,31,-140,-46,-427,35
2026-07-02T20:14:43.197,3.743272,FRAME,4886,21018,3,-132,-76,-427,34
2026-07-02T20:14:43.197,3.743838,FRAME,4887,21019,35,-100,-11,-397,35
2026-07-02T20:14:43.198,3.744388,FRAME,4888,21020,61,-94,-64,-409,34
2026-07-02T20:14:43.198,3.744948,FRAME,4889,21021,45,-78,-33,-362,34
2026-07-02T20:14:43.199,3.745531,FRAME,4890,21022,16,-81,-16,-363,34
2026-07-02T20:14:43.199,3.746073,FRAME,4891,21023,38,-46,-5,-338,33
2026-07-02T20:14:43.200,3.746637,FRAME,4892,21024,48,-66,-50,-358,34
2026-07-02T20:14:43.200,3.747197,FRAME,4893,21025,55,-26,-71,-379,34
2026-07-02T20:14:43.201,3.747750,FRAME,4894,21026,50,-91,-14,-345,34
2026-07-02T20:14:43.202,3.748358,FRAME,4895,21027,33,-80,-54,-367,34
2026-07-02T20:14:43.202,3.749011,FRAME,4896,21028,-9,-85,-61,-364,34
2026-07-02T20:14:43.203,3.749578,FRAME,4897,21029,-15,-80,-36,-359,35
2026-07-02T20:14:43.203,3.750131,FRAME,4898,21030,-9,-91,-58,-386,34
2026-07-02T20:14:43.204,3.750722,FRAME,4899,21031,-46,-129,-82,-380,36
2026-07-02T20:14:43.205,3.751320,FRAME,4900,21032,-46,-107,-105,-398,37
2026-07-02T20:14:43.205,3.751904,FRAME,4901,21033,-46,-101,-44,-420,36
2026-07-02T20:14:43.206,3.752486,FRAME,4902,21034,-80,-140,-86,-427,36
2026-07-02T20:14:43.206,3.753107,FRAME,4903,21035,-122,-156,-108,-432,38
2026-07-02T20:14:43.207,3.753741,FRAME,4904,21036,-170,-190,-153,-440,38
2026-07-02T20:14:43.208,3.754346,FRAME,4905,21037,-195,-191,-137,-463,38
2026-07-02T20:14:43.208,3.754957,FRAME,4906,21038,-236,-188,-155,-403,38
2026-07-02T20:14:43.209,3.755593,FRAME,4907,21039,-229,-211,-169,-431,38
2026-07-02T20:14:43.210,3.756234,FRAME,4908,21040,-278,-229,-164,-427,38
2026-07-02T20:14:43.210,3.756854,FRAME,4909,21041,-292,-194,-193,-467,38
2026-07-02T20:14:43.211,3.757475,FRAME,4910,21042,-288,-238,-194,-437,38
2026-07-02T20:14:43.211,3.758135,FRAME,4911,21043,-344,-237,-205,-426,38
2026-07-02T20:14:43.212,3.758763,FRAME,4912,21044,-366,-256,-202,-455,38
2026-07-02T20:14:43.213,3.759372,FRAME,4913,21045,-363,-288,-223,-446,38
2026-07-02T20:14:43.213,3.759974,FRAME,4914,21046,-398,-254,-249,-488,38
2026-07-02T20:14:43.214,3.760581,FRAME,4915,21047,-397,-333,-296,-497,38
2026-07-02T20:14:43.215,3.761205,FRAME,4916,21048,-401,-293,-291,-502,38
2026-07-02T20:14:43.215,3.761816,FRAME,4917,21049,-410,-315,-277,-497,38
2026-07-02T20:14:43.216,3.762437,FRAME,4918,21050,-398,-328,-298,-514,38
2026-07-02T20:14:43.216,3.763077,FRAME,4919,21051,-420,-342,-286,-505,38
2026-07-02T20:14:43.217,3.763851,FRAME,4920,21052,-441,-339,-319,-532,38
2026-07-02T20:14:43.218,3.764469,FRAME,4921,21053,-464,-365,-327,-534,38
2026-07-02T20:14:43.249,3.795696,FRAME,4922,21054,-478,-362,-313,-486,38
2026-07-02T20:14:43.250,3.796936,FRAME,4923,21055,-522,-349,-303,-492,38
2026-07-02T20:14:43.251,3.798135,FRAME,4924,21056,-453,-369,-309,-480,38
2026-07-02T20:14:43.253,3.799383,FRAME,4925,21057,-487,-320,-310,-522,38
2026-07-02T20:14:43.254,3.800583,FRAME,4926,21058,-458,-322,-305,-473,38
2026-07-02T20:14:43.255,3.801443,FRAME,4927,21059,-495,-387,-333,-460,38
2026-07-02T20:14:43.256,3.802289,FRAME,4928,21060,-455,-351,-309,-451,38
2026-07-02T20:14:43.256,3.803192,FRAME,4929,21061,-475,-407,-364,-475,38
2026-07-02T20:14:43.257,3.804021,FRAME,4930,21062,-423,-335,-320,-522,38
2026-07-02T20:14:43.258,3.804935,FRAME,4931,21063,-432,-339,-323,-568,38
2026-07-02T20:14:43.259,3.805857,FRAME,4932,21064,-419,-330,-320,-518,38
2026-07-02T20:14:43.260,3.806825,FRAME,4933,21065,-355,-324,-281,-478,38
2026-07-02T20:14:43.261,3.807700,FRAME,4934,21066,-297,-315,-287,-496,38
2026-07-02T20:14:43.262,3.808362,FRAME,4935,21067,-247,-304,-268,-456,38
2026-07-02T20:14:43.262,3.809097,FRAME,4936,21068,-215,-278,-271,-491,38
2026-07-02T20:14:43.263,3.809758,FRAME,4937,21069,-284,-311,-241,-499,38
2026-07-02T20:14:43.264,3.810614,FRAME,4938,21070,-263,-332,-341,-543,38
2026-07-02T20:14:43.265,3.811346,FRAME,4939,21071,-322,-315,-287,-527,38
2026-07-02T20:14:43.265,3.812061,FRAME,4940,21072,-350,-300,-274,-500,38
2026-07-02T20:14:43.266,3.812801,FRAME,4941,21073,-344,-318,-268,-484,38
2026-07-02T20:14:43.267,3.813713,FRAME,4942,21074,-339,-329,-285,-459,38
2026-07-02T20:14:43.268,3.814451,FRAME,4943,21075,-378,-305,-290,-477,38
2026-07-02T20:14:43.268,3.815073,FRAME,4944,21076,-372,-315,-279,-507,38
2026-07-02T20:14:43.269,3.815772,FRAME,4945,21077,-367,-324,-271,-487,38
2026-07-02T20:14:43.270,3.816407,FRAME,4946,21078,-372,-302,-289,-487,38
2026-07-02T20:14:43.270,3.817056,FRAME,4947,21079,-363,-277,-275,-483,38
2026-07-02T20:14:43.271,3.817774,FRAME,4948,21080,-393,-311,-247,-484,38
2026-07-02T20:14:43.272,3.818404,FRAME,4949,21081,-355,-307,-259,-500,38
2026-07-02T20:14:43.272,3.819018,FRAME,4950,21082,-325,-302,-263,-511,38
2026-07-02T20:14:43.273,3.819683,FRAME,4951,21083,-320,-275,-246,-513,38
2026-07-02T20:14:43.274,3.820415,FRAME,4952,21084,-244,-333,-230,-486,38
2026-07-02T20:14:43.274,3.821051,FRAME,4953,21085,-259,-262,-257,-495,38
2026-07-02T20:14:43.275,3.821714,FRAME,4954,21086,-213,-256,-201,-498,38
2026-07-02T20:14:43.276,3.822345,FRAME,4955,21087,-143,-222,-182,-475,38
2026-07-02T20:14:43.277,3.823443,FRAME,4956,21088,-182,-221,-215,-486,38
2026-07-02T20:14:43.278,3.824527,FRAME,4957,21089,-169,-232,-148,-478,38
2026-07-02T20:14:43.278,3.825141,FRAME,4958,21090,-182,-212,-194,-454,38
2026-07-02T20:14:43.279,3.825800,FRAME,4959,21091,-200,-245,-173,-454,38
2026-07-02T20:14:43.280,3.826456,FRAME,4960,21092,-220,-220,-174,-450,38
2026-07-02T20:14:43.281,3.827271,FRAME,4961,21093,-194,-254,-198,-452,38
2026-07-02T20:14:43.282,3.828258,FRAME,4962,21094,-203,-239,-191,-471,38
2026-07-02T20:14:43.282,3.828941,FRAME,4963,21095,-232,-283,-201,-448,38
2026-07-02T20:14:43.283,3.829584,FRAME,4964,21096,-209,-266,-205,-437,38
2026-07-02T20:14:43.284,3.830450,FRAME,4965,21097,-201,-271,-213,-447,38
2026-07-02T20:14:43.285,3.831201,FRAME,4966,21098,-161,-260,-190,-430,38
2026-07-02T20:14:43.285,3.831853,FRAME,4967,21099,-125,-240,-142,-476,38
2026-07-02T20:14:43.286,3.832458,FRAME,4968,21100,-91,-277,-176,-458,37
2026-07-02T20:14:43.286,3.833109,FRAME,4969,21101,-146,-248,-173,-429,38
2026-07-02T20:14:43.287,3.833731,FRAME,4970,21102,-99,-248,-141,-463,37
2026-07-02T20:14:43.288,3.834391,FRAME,4971,21103,-64,-212,-151,-465,37
2026-07-02T20:14:43.288,3.835073,FRAME,4972,21104,-84,-216,-108,-408,37
2026-07-02T20:14:43.289,3.835750,FRAME,4973,21105,-50,-205,-127,-415,37
2026-07-02T20:14:43.290,3.836424,FRAME,4974,21106,-65,-207,-117,-411,37
2026-07-02T20:14:43.290,3.837022,FRAME,4975,21107,-53,-202,-84,-423,36
2026-07-02T20:14:43.291,3.837677,FRAME,4976,21108,-84,-193,-99,-393,36
2026-07-02T20:14:43.292,3.838309,FRAME,4977,21109,-79,-180,-130,-452,37
2026-07-02T20:14:43.292,3.838976,FRAME,4978,21110,-114,-208,-123,-438,38
2026-07-02T20:14:43.293,3.839678,FRAME,4979,21111,-115,-220,-140,-397,38
2026-07-02T20:14:43.294,3.840315,FRAME,4980,21112,-133,-208,-124,-412,38
2026-07-02T20:14:43.294,3.840966,FRAME,4981,21113,-154,-242,-169,-457,38
2026-07-02T20:14:43.295,3.841610,FRAME,4982,21114,-159,-248,-181,-453,38
2026-07-02T20:14:43.296,3.842285,FRAME,4983,21115,-182,-254,-203,-414,38
2026-07-02T20:14:43.296,3.842937,FRAME,4984,21116,-178,-306,-190,-457,38
2026-07-02T20:14:43.297,3.843621,FRAME,4985,21117,-212,-274,-234,-454,38
2026-07-02T20:14:43.298,3.844267,FRAME,4986,21118,-199,-297,-196,-483,38
2026-07-02T20:14:43.298,3.844878,FRAME,4987,21119,-188,-305,-226,-483,38
2026-07-02T20:14:43.299,3.845529,FRAME,4988,21120,-235,-287,-196,-495,38
2026-07-02T20:14:43.299,3.846176,FRAME,4989,21121,-264,-308,-285,-475,38
2026-07-02T20:14:43.300,3.847072,FRAME,4990,21122,-252,-337,-217,-470,38
2026-07-02T20:14:43.301,3.847792,FRAME,4991,21123,-342,-367,-281,-423,38
2026-07-02T20:14:43.302,3.848613,FRAME,4992,21124,-345,-334,-277,-480,38
2026-07-02T20:14:43.303,3.849503,FRAME,4993,21125,-359,-353,-232,-454,38
2026-07-02T20:14:43.303,3.850136,FRAME,4994,21126,-384,-333,-277,-451,38
2026-07-02T20:14:43.304,3.850834,FRAME,4995,21127,-409,-355,-302,-484,38
2026-07-02T20:14:43.305,3.851865,FRAME,4996,21128,-405,-372,-311,-504,38
2026-07-02T20:14:43.306,3.852827,FRAME,4997,21129,-414,-382,-310,-481,38
2026-07-02T20:14:43.307,3.853709,FRAME,4998,21130,-392,-377,-315,-484,38
2026-07-02T20:14:43.308,3.854571,FRAME,4999,21131,-443,-412,-312,-497,38
2026-07-02T20:14:43.309,3.855451,FRAME,5000,21132,-437,-407,-281,-497,38
2026-07-02T20:14:43.310,3.856318,FRAME,5001,21133,-449,-401,-303,-509,38
2026-07-02T20:14:43.310,3.857169,FRAME,5002,21134,-411,-435,-327,-532,38
2026-07-02T20:14:43.311,3.858041,FRAME,5003,21135,-449,-424,-282,-520,38
2026-07-02T20:14:43.312,3.858923,FRAME,5004,21136,-442,-411,-309,-507,38
2026-07-02T20:14:43.313,3.859780,FRAME,5005,21137,-465,-460,-300,-519,38
2026-07-02T20:14:43.314,3.860626,FRAME,5006,21138,-462,-433,-301,-508,38
2026-07-02T20:14:43.315,3.861478,FRAME,5007,21139,-505,-429,-321,-537,38
2026-07-02T20:14:43.316,3.862346,FRAME,5008,21140,-491,-405,-312,-512,38
2026-07-02T20:14:43.317,3.863220,FRAME,5009,21141,-511,-395,-349,-527,38
2026-07-02T20:14:43.318,3.864211,FRAME,5010,21142,-446,-376,-329,-494,38
2026-07-02T20:14:43.318,3.865054,FRAME,5011,21143,-446,-365,-353,-478,38
2026-07-02T20:14:43.319,3.865905,FRAME,5012,21144,-451,-352,-287,-510,38
2026-07-02T20:14:43.320,3.866760,FRAME,5013,21145,-395,-334,-305,-484,38
2026-07-02T20:14:43.321,3.867610,FRAME,5014,21146,-390,-319,-299,-490,38
2026-07-02T20:14:43.322,3.868508,FRAME,5015,21147,-334,-279,-259,-435,38
2026-07-02T20:14:43.323,3.869369,FRAME,5016,21148,-373,-295,-290,-468,38
2026-07-02T20:14:43.324,3.870228,FRAME,5017,21149,-343,-285,-264,-484,38
2026-07-02T20:14:43.324,3.871082,FRAME,5018,21150,-356,-343,-300,-514,38
2026-07-02T20:14:43.325,3.871953,FRAME,5019,21151,-381,-297,-272,-493,38
2026-07-02T20:14:43.326,3.872848,FRAME,5020,21152,-335,-354,-267,-506,38
2026-07-02T20:14:43.327,3.873729,FRAME,5021,21153,-362,-339,-291,-482,38
2026-07-02T20:14:43.328,3.874607,FRAME,5022,21154,-379,-328,-287,-479,38
2026-07-02T20:14:43.329,3.875485,FRAME,5023,21155,-344,-300,-263,-479,38
2026-07-02T20:14:43.330,3.876367,FRAME,5024,21156,-314,-312,-293,-483,38
2026-07-02T20:14:43.331,3.877236,FRAME,5025,21157,-316,-311,-268,-443,38
2026-07-02T20:14:43.331,3.878107,FRAME,5026,21158,-277,-283,-292,-470,38
2026-07-02T20:14:43.332,3.879005,FRAME,5027,21159,-286,-327,-255,-509,38
2026-07-02T20:14:43.333,3.879895,FRAME,5028,21160,-276,-280,-274,-459,38
2026-07-02T20:14:43.358,3.904459,FRAME,5029,21161,-286,-264,-273,-438,38
2026-07-02T20:14:43.359,3.905468,FRAME,5030,21162,-266,-305,-296,-437,38
2026-07-02T20:14:43.360,3.906478,FRAME,5031,21163,-248,-317,-224,-471,38
2026-07-02T20:14:43.361,3.907413,FRAME,5032,21164,-263,-283,-236,-440,38
2026-07-02T20:14:43.362,3.908299,FRAME,5033,21165,-215,-261,-249,-473,38
2026-07-02T20:14:43.362,3.909169,FRAME,5034,21166,-202,-257,-208,-477,38
2026-07-02T20:14:43.363,3.910053,FRAME,5035,21167,-150,-259,-208,-470,38
2026-07-02T20:14:43.364,3.910918,FRAME,5036,21168,-99,-210,-212,-450,37
2026-07-02T20:14:43.365,3.911812,FRAME,5037,21169,-104,-226,-169,-473,38
2026-07-02T20:14:43.366,3.912677,FRAME,5038,21170,-70,-212,-172,-424,37
2026-07-02T20:14:43.367,3.913716,FRAME,5039,21171,-69,-186,-139,-461,37
2026-07-02T20:14:43.368,3.914667,FRAME,5040,21172,-56,-135,-124,-423,37
2026-07-02T20:14:43.369,3.915511,FRAME,5041,21173,-44,-163,-110,-401,37
2026-07-02T20:14:43.370,3.916373,FRAME,5042,21174,-34,-164,-112,-430,37
2026-07-02T20:14:43.370,3.917172,FRAME,5043,21175,23,-120,-74,-392,35
2026-07-02T20:14:43.371,3.918006,FRAME,5044,21176,-3,-128,-64,-399,35
2026-07-02T20:14:43.372,3.918821,FRAME,5045,21177,33,-83,-115,-410,35
2026-07-02T20:14:43.373,3.919585,FRAME,5046,21178,13,-97,-97,-406,34
2026-07-02T20:14:43.374,3.920357,FRAME,5047,21179,44,-89,-73,-380,34
2026-07-02T20:14:43.374,3.921132,FRAME,5048,21180,45,-100,-92,-391,35
2026-07-02T20:14:43.375,3.921898,FRAME,5049,21181,80,-55,-79,-381,34
2026-07-02T20:14:43.376,3.922696,FRAME,5050,21182,71,-64,-50,-369,34
2026-07-02T20:14:43.377,3.923476,FRAME,5051,21183,141,-56,-58,-403,35
2026-07-02T20:14:43.378,3.924290,FRAME,5052,21184,173,-26,-15,-394,35
2026-07-02T20:14:43.378,3.925092,FRAME,5053,21185,151,-42,-26,-362,35
2026-07-02T20:14:43.379,3.925883,FRAME,5054,21186,197,-49,-25,-404,35
2026-07-02T20:14:43.380,3.926674,FRAME,5055,21187,161,-50,-62,-370,35
2026-07-02T20:14:43.381,3.927481,FRAME,5056,21188,126,-66,-39,-383,35
2026-07-02T20:14:43.382,3.928227,FRAME,5057,21189,172,-16,3,-359,33
2026-07-02T20:14:43.382,3.928990,FRAME,5058,21190,104,-23,-3,-407,34
2026-07-02T20:14:43.383,3.929637,FRAME,5059,21191,138,-51,-74,-372,35
2026-07-02T20:14:43.384,3.930235,FRAME,5060,21192,130,-18,-47,-371,35
2026-07-02T20:14:43.384,3.930821,FRAME,5061,21193,80,-65,-69,-397,34
2026-07-02T20:14:43.385,3.931388,FRAME,5062,21194,55,-79,-80,-394,34
2026-07-02T20:14:43.385,3.932137,FRAME,5063,21195,22,-117,-65,-428,35
2026-07-02T20:14:43.386,3.932819,FRAME,5064,21196,-46,-157,-137,-414,37
2026-07-02T20:14:43.387,3.933426,FRAME,5065,21197,-75,-123,-149,-424,37
2026-07-02T20:14:43.388,3.934304,FRAME,5066,21198,-99,-115,-198,-469,37
2026-07-02T20:14:43.388,3.935076,FRAME,5067,21199,-125,-193,-181,-470,38
2026-07-02T20:14:43.389,3.935743,FRAME,5068,21200,-140,-227,-208,-489,38
2026-07-02T20:14:43.390,3.936373,FRAME,5069,21201,-160,-222,-196,-492,38
2026-07-02T20:14:43.390,3.937000,FRAME,5070,21202,-191,-265,-205,-472,38
2026-07-02T20:14:43.391,3.937629,FRAME,5071,21203,-244,-251,-259,-474,38
2026-07-02T20:14:43.392,3.938255,FRAME,5072,21204,-287,-243,-247,-509,38
2026-07-02T20:14:43.392,3.938956,FRAME,5073,21205,-287,-272,-243,-483,38
2026-07-02T20:14:43.393,3.939659,FRAME,5074,21206,-297,-309,-294,-499,38
2026-07-02T20:14:43.394,3.940303,FRAME,5075,21207,-346,-274,-306,-463,38
2026-07-02T20:14:43.394,3.940931,FRAME,5076,21208,-349,-324,-310,-506,38
2026-07-02T20:14:43.395,3.941565,FRAME,5077,21209,-351,-332,-309,-479,38
2026-07-02T20:14:43.396,3.942213,FRAME,5078,21210,-348,-368,-277,-501,38
2026-07-02T20:14:43.396,3.942860,FRAME,5079,21211,-424,-348,-270,-506,38
2026-07-02T20:14:43.397,3.943512,FRAME,5080,21212,-380,-381,-363,-485,38
2026-07-02T20:14:43.397,3.944139,FRAME,5081,21213,-390,-349,-323,-508,38
2026-07-02T20:14:43.398,3.944793,FRAME,5082,21214,-406,-392,-325,-496,38
2026-07-02T20:14:43.399,3.945414,FRAME,5083,21215,-430,-414,-335,-513,38
2026-07-02T20:14:43.399,3.946030,FRAME,5084,21216,-425,-392,-349,-509,38
2026-07-02T20:14:43.400,3.946659,FRAME,5085,21217,-430,-413,-353,-517,38
2026-07-02T20:14:43.401,3.947298,FRAME,5086,21218,-436,-416,-372,-558,38
2026-07-02T20:14:43.401,3.947917,FRAME,5087,21219,-438,-446,-377,-555,38
2026-07-02T20:14:43.402,3.948645,FRAME,5088,21220,-474,-436,-363,-547,38
2026-07-02T20:14:43.403,3.949452,FRAME,5089,21221,-474,-404,-370,-556,38
2026-07-02T20:14:43.403,3.950053,FRAME,5090,21222,-488,-478,-356,-539,38
2026-07-02T20:14:43.404,3.950681,FRAME,5091,21223,-481,-467,-369,-536,38
2026-07-02T20:14:43.405,3.951330,FRAME,5092,21224,-465,-465,-350,-544,38
2026-07-02T20:14:43.405,3.951940,FRAME,5093,21225,-501,-420,-356,-499,38
2026-07-02T20:14:43.406,3.952741,FRAME,5094,21226,-491,-473,-332,-483,38
2026-07-02T20:14:43.407,3.953543,FRAME,5095,21227,-482,-481,-324,-512,38
2026-07-02T20:14:43.408,3.954314,FRAME,5096,21228,-496,-442,-331,-524,38
2026-07-02T20:14:43.409,3.955243,FRAME,5097,21229,-516,-433,-364,-526,38
2026-07-02T20:14:43.409,3.956168,FRAME,5098,21230,-554,-454,-371,-544,38
2026-07-02T20:14:43.410,3.957089,FRAME,5099,21231,-531,-475,-373,-538,38
2026-07-02T20:14:43.411,3.958019,FRAME,5100,21232,-517,-477,-367,-544,38
2026-07-02T20:14:43.412,3.959120,FRAME,5101,21233,-508,-471,-363,-560,38
2026-07-02T20:14:43.414,3.960491,FRAME,5102,21234,-531,-482,-397,-535,38
2026-07-02T20:14:43.415,3.961357,FRAME,5103,21235,-548,-475,-411,-563,38
2026-07-02T20:14:43.416,3.962499,FRAME,5104,21236,-549,-503,-398,-571,38
2026-07-02T20:14:43.417,3.963475,FRAME,5105,21237,-520,-492,-396,-547,38
2026-07-02T20:14:43.418,3.964518,FRAME,5106,21238,-554,-441,-419,-556,38
2026-07-02T20:14:43.419,3.965478,FRAME,5107,21239,-563,-448,-398,-533,38
2026-07-02T20:14:43.420,3.966801,FRAME,5108,21240,-535,-452,-419,-561,38
2026-07-02T20:14:43.421,3.967674,FRAME,5109,21241,-512,-439,-398,-534,38
2026-07-02T20:14:43.422,3.968546,FRAME,5110,21242,-481,-402,-389,-517,38
2026-07-02T20:14:43.423,3.969453,FRAME,5111,21243,-453,-406,-367,-509,38
2026-07-02T20:14:43.423,3.970122,FRAME,5112,21244,-456,-343,-348,-473,38
2026-07-02T20:14:43.424,3.970894,FRAME,5113,21245,-412,-356,-331,-501,38
2026-07-02T20:14:43.425,3.971851,FRAME,5114,21246,-402,-370,-321,-502,38
2026-07-02T20:14:43.426,3.972563,FRAME,5115,21247,-378,-339,-333,-495,38
2026-07-02T20:14:43.427,3.973549,FRAME,5116,21248,-378,-332,-308,-503,38
2026-07-02T20:14:43.428,3.974535,FRAME,5117,21249,-372,-390,-295,-478,38
2026-07-02T20:14:43.429,3.975598,FRAME,5118,21250,-329,-338,-332,-536,38
2026-07-02T20:14:43.430,3.976609,FRAME,5119,21251,-341,-349,-354,-558,38
2026-07-02T20:14:43.431,3.977604,FRAME,5120,21252,-398,-319,-346,-543,38
2026-07-02T20:14:43.432,3.978693,FRAME,5121,21253,-383,-356,-306,-523,38
2026-07-02T20:14:43.433,3.979804,FRAME,5122,21254,-405,-328,-285,-518,38
2026-07-02T20:14:43.434,3.980927,FRAME,5123,21255,-409,-348,-327,-530,38
2026-07-02T20:14:43.435,3.982147,FRAME,5124,21256,-407,-330,-330,-510,38
2026-07-02T20:14:43.437,3.983289,FRAME,5125,21257,-404,-296,-272,-491,38
2026-07-02T20:14:43.438,3.984372,FRAME,5126,21258,-350,-263,-284,-478,38
2026-07-02T20:14:43.439,3.985479,FRAME,5127,21259,-366,-280,-278,-511,38
2026-07-02T20:14:43.440,3.986593,FRAME,5128,21260,-401,-239,-270,-483,38
2026-07-02T20:14:43.441,3.987723,FRAME,5129,21261,-369,-265,-260,-465,38
2026-07-02T20:14:43.442,3.988841,FRAME,5130,21262,-343,-247,-279,-515,38
2026-07-02T20:14:43.443,3.989971,FRAME,5131,21263,-277,-226,-268,-474,38
2026-07-02T20:14:43.444,3.991145,FRAME,5132,21264,-278,-257,-246,-508,38
2026-07-02T20:14:43.446,3.992288,FRAME,5133,21265,-268,-241,-218,-514,38
2026-07-02T20:14:43.447,3.993430,FRAME,5134,21266,-270,-246,-244,-521,38
2026-07-02T20:14:43.448,3.994545,FRAME,5135,21267,-264,-263,-224,-478,38
2026-07-02T20:14:43.449,3.995681,FRAME,5136,21268,-210,-215,-238,-482,38
2026-07-02T20:14:43.450,3.996829,FRAME,5137,21269,-210,-187,-251,-494,38
2026-07-02T20:14:43.469,4.015600,FRAME,5138,21270,-176,-188,-237,-480,38
2026-07-02T20:14:43.470,4.016769,FRAME,5139,21271,-188,-201,-236,-455,38
2026-07-02T20:14:43.471,4.017832,FRAME,5140,21272,-173,-191,-173,-494,38
2026-07-02T20:14:43.472,4.018882,FRAME,5141,21273,-145,-148,-199,-424,38
2026-07-02T20:14:43.473,4.019915,FRAME,5142,21274,-168,-144,-189,-419,38
2026-07-02T20:14:43.474,4.020924,FRAME,5143,21275,-156,-104,-189,-409,38
2026-07-02T20:14:43.475,4.021927,FRAME,5144,21276,-126,-168,-128,-381,38
2026-07-02T20:14:43.476,4.022932,FRAME,5145,21277,-117,-160,-169,-456,38
2026-07-02T20:14:43.477,4.023961,FRAME,5146,21278,-129,-129,-114,-416,38
2026-07-02T20:14:43.478,4.024987,FRAME,5147,21279,-180,-126,-156,-470,38
2026-07-02T20:14:43.479,4.025919,FRAME,5148,21280,-206,-196,-159,-464,38
2026-07-02T20:14:43.480,4.026892,FRAME,5149,21281,-185,-162,-130,-471,38
2026-07-02T20:14:43.481,4.027829,FRAME,5150,21282,-133,-150,-118,-467,38
2026-07-02T20:14:43.482,4.028826,FRAME,5151,21283,-134,-164,-114,-465,38
2026-07-02T20:14:43.483,4.029808,FRAME,5152,21284,-87,-140,-175,-446,37
2026-07-02T20:14:43.484,4.030729,FRAME,5153,21285,-35,-88,-88,-435,35
2026-07-02T20:14:43.485,4.031699,FRAME,5154,21286,-17,-84,-103,-456,36
2026-07-02T20:14:43.486,4.032739,FRAME,5155,21287,-26,-114,-68,-450,36
2026-07-02T20:14:43.487,4.033631,FRAME,5156,21288,-1,-81,-92,-468,34
2026-07-02T20:14:43.488,4.034584,FRAME,5157,21289,-21,-97,-57,-451,35
2026-07-02T20:14:43.489,4.035546,FRAME,5158,21290,-17,-49,-103,-442,36
2026-07-02T20:14:43.490,4.036510,FRAME,5159,21291,-49,-138,-101,-412,37
2026-07-02T20:14:43.491,4.037481,FRAME,5160,21292,-36,-107,-90,-450,36
2026-07-02T20:14:43.492,4.038425,FRAME,5161,21293,-59,-110,-134,-439,37
2026-07-02T20:14:43.493,4.039401,FRAME,5162,21294,-94,-107,-91,-427,36
2026-07-02T20:14:43.494,4.040475,FRAME,5163,21295,-129,-155,-136,-458,38
2026-07-02T20:14:43.495,4.041541,FRAME,5164,21296,-139,-193,-143,-422,38
2026-07-02T20:14:43.496,4.042598,FRAME,5165,21297,-157,-160,-167,-480,38
2026-07-02T20:14:43.497,4.043660,FRAME,5166,21298,-126,-181,-176,-487,38
2026-07-02T20:14:43.498,4.044703,FRAME,5167,21299,-125,-215,-202,-446,38
2026-07-02T20:14:43.499,4.045713,FRAME,5168,21300,-143,-184,-171,-464,38
2026-07-02T20:14:43.500,4.046715,FRAME,5169,21301,-147,-204,-154,-494,38
2026-07-02T20:14:43.501,4.047792,FRAME,5170,21302,-138,-180,-160,-517,38
2026-07-02T20:14:43.502,4.048760,FRAME,5171,21303,-157,-222,-138,-482,38
2026-07-02T20:14:43.503,4.049701,FRAME,5172,21304,-184,-243,-161,-487,38
2026-07-02T20:14:43.504,4.050711,FRAME,5173,21305,-163,-235,-202,-443,38
2026-07-02T20:14:43.505,4.051702,FRAME,5174,21306,-203,-249,-209,-464,38
2026-07-02T20:14:43.506,4.052642,FRAME,5175,21307,-195,-242,-225,-450,38
2026-07-02T20:14:43.507,4.053638,FRAME,5176,21308,-195,-266,-226,-477,38
2026-07-02T20:14:43.508,4.054623,FRAME,5177,21309,-248,-271,-225,-448,38
2026-07-02T20:14:43.509,4.055702,FRAME,5178,21310,-235,-249,-179,-471,38
2026-07-02T20:14:43.510,4.056691,FRAME,5179,21311,-290,-296,-236,-475,38
2026-07-02T20:14:43.511,4.057817,FRAME,5180,21312,-251,-347,-223,-470,38
2026-07-02T20:14:43.512,4.058830,FRAME,5181,21313,-254,-303,-235,-511,38
2026-07-02T20:14:43.513,4.060011,FRAME,5182,21314,-268,-361,-278,-505,38
2026-07-02T20:14:43.515,4.061199,FRAME,5183,21315,-292,-309,-273,-520,38
2026-07-02T20:14:43.516,4.062262,FRAME,5184,21316,-266,-311,-245,-465,38
2026-07-02T20:14:43.517,4.063262,FRAME,5185,21317,-246,-321,-249,-535,38
2026-07-02T20:14:43.518,4.064425,FRAME,5186,21318,-278,-300,-329,-497,38
2026-07-02T20:14:43.519,4.065547,FRAME,5187,21319,-291,-274,-213,-515,38
2026-07-02T20:14:43.520,4.066577,FRAME,5188,21320,-254,-277,-238,-499,38
2026-07-02T20:14:43.521,4.067580,FRAME,5189,21321,-237,-235,-180,-470,38
2026-07-02T20:14:43.522,4.068627,FRAME,5190,21322,-245,-216,-185,-481,38
2026-07-02T20:14:43.523,4.069642,FRAME,5191,21323,-199,-213,-163,-429,38
2026-07-02T20:14:43.524,4.070677,FRAME,5192,21324,-159,-181,-115,-473,38
2026-07-02T20:14:43.525,4.071590,FRAME,5193,21325,-179,-167,-143,-450,38
2026-07-02T20:14:43.526,4.072537,FRAME,5194,21326,-163,-194,-155,-433,38
2026-07-02T20:14:43.527,4.073506,FRAME,5195,21327,-183,-205,-144,-457,38
2026-07-02T20:14:43.528,4.074447,FRAME,5196,21328,-210,-197,-166,-500,38
2026-07-02T20:14:43.529,4.075258,FRAME,5197,21329,-230,-212,-182,-478,38
2026-07-02T20:14:43.530,4.076207,FRAME,5198,21330,-249,-246,-164,-503,38
2026-07-02T20:14:43.530,4.077185,FRAME,5199,21331,-214,-281,-150,-456,38
2026-07-02T20:14:43.531,4.077978,FRAME,5200,21332,-221,-268,-209,-544,38
2026-07-02T20:14:43.532,4.078856,FRAME,5201,21333,-278,-260,-187,-477,38
2026-07-02T20:14:43.533,4.079864,FRAME,5202,21334,-285,-234,-183,-525,38
2026-07-02T20:14:43.534,4.080924,FRAME,5203,21335,-264,-242,-235,-517,38
2026-07-02T20:14:43.535,4.082123,FRAME,5204,21336,-268,-289,-199,-529,38
2026-07-02T20:14:43.537,4.083227,FRAME,5205,21337,-241,-272,-236,-493,38
2026-07-02T20:14:43.538,4.084279,FRAME,5206,21338,-212,-294,-190,-489,38
2026-07-02T20:14:43.539,4.085437,FRAME,5207,21339,-225,-242,-200,-491,38
2026-07-02T20:14:43.540,4.086474,FRAME,5208,21340,-176,-223,-199,-460,38
2026-07-02T20:14:43.541,4.087507,FRAME,5209,21341,-179,-217,-168,-455,38
2026-07-02T20:14:43.542,4.088537,FRAME,5210,21342,-199,-260,-138,-438,38
2026-07-02T20:14:43.543,4.089564,FRAME,5211,21343,-191,-240,-121,-413,38
2026-07-02T20:14:43.544,4.090403,FRAME,5212,21344,-267,-241,-145,-380,38
2026-07-02T20:14:43.544,4.091066,FRAME,5213,21345,-184,-205,-157,-439,38
2026-07-02T20:14:43.545,4.091698,FRAME,5214,21346,-193,-222,-138,-446,38
2026-07-02T20:14:43.546,4.092326,FRAME,5215,21347,-215,-185,-127,-417,38
2026-07-02T20:14:43.546,4.092938,FRAME,5216,21348,-134,-203,-133,-417,38
2026-07-02T20:14:43.547,4.093554,FRAME,5217,21349,-113,-145,-114,-429,38
2026-07-02T20:14:43.548,4.094261,FRAME,5218,21350,-111,-166,-129,-430,38
2026-07-02T20:14:43.548,4.094888,FRAME,5219,21351,-122,-197,-127,-476,38
2026-07-02T20:14:43.549,4.095474,FRAME,5220,21352,-74,-165,-78,-425,36
2026-07-02T20:14:43.549,4.096058,FRAME,5221,21353,-68,-70,-108,-437,36
2026-07-02T20:14:43.550,4.096625,FRAME,5222,21354,-79,-75,-79,-407,35
2026-07-02T20:14:43.551,4.097210,FRAME,5223,21355,-19,-67,-79,-383,35
2026-07-02T20:14:43.551,4.097981,FRAME,5224,21356,-7,-41,-48,-385,34
2026-07-02T20:14:43.552,4.098866,FRAME,5225,21357,8,-27,-45,-368,33
2026-07-02T20:14:43.553,4.099783,FRAME,5226,21358,35,-11,-35,-373,34
2026-07-02T20:14:43.554,4.100671,FRAME,5227,21359,-2,26,-54,-370,33
2026-07-02T20:14:43.555,4.101493,FRAME,5228,21360,46,-6,-12,-381,33
2026-07-02T20:14:43.556,4.102320,FRAME,5229,21361,48,18,-32,-393,33
2026-07-02T20:14:43.556,4.103117,FRAME,5230,21362,86,5,-18,-379,32
2026-07-02T20:14:43.557,4.103965,FRAME,5231,21363,65,16,-61,-371,33
2026-07-02T20:14:43.558,4.104793,FRAME,5232,21364,62,19,-48,-363,33
2026-07-02T20:14:43.559,4.105601,FRAME,5233,21365,106,36,22,-366,33
2026-07-02T20:14:43.560,4.106432,FRAME,5234,21366,147,-16,4,-362,33
2026-07-02T20:14:43.561,4.107213,FRAME,5235,21367,121,4,35,-382,32
2026-07-02T20:14:43.561,4.108016,FRAME,5236,21368,144,46,-4,-387,33
2026-07-02T20:14:43.562,4.108848,FRAME,5237,21369,163,56,-14,-396,34
2026-07-02T20:14:43.563,4.109666,FRAME,5238,21370,171,19,14,-373,33
2026-07-02T20:14:43.564,4.110474,FRAME,5239,21371,152,41,4,-367,32
2026-07-02T20:14:43.565,4.111310,FRAME,5240,21372,132,6,-10,-352,33
2026-07-02T20:14:43.565,4.112129,FRAME,5241,21373,130,55,-5,-362,33
2026-07-02T20:14:43.566,4.112924,FRAME,5242,21374,122,35,-2,-362,33
2026-07-02T20:14:43.567,4.113737,FRAME,5243,21375,113,48,-18,-375,34
2026-07-02T20:14:43.568,4.114397,FRAME,5244,21376,63,9,1,-387,30
2026-07-02T20:14:43.568,4.114928,FRAME,5245,21377,49,9,-89,-402,32
2026-07-02T20:14:43.569,4.115542,FRAME,5246,21378,-20,-37,-79,-412,35
2026-07-02T20:14:43.570,4.116221,FRAME,5247,21379,-50,-57,-95,-409,35
2026-07-02T20:14:43.570,4.116803,FRAME,5248,21380,-80,-110,-81,-371,36
2026-07-02T20:14:43.585,4.131383,FRAME,5249,21381,-51,-96,-59,-375,35
2026-07-02T20:14:43.586,4.132221,FRAME,5250,21382,-62,-67,-76,-421,35
2026-07-02T20:14:43.586,4.133004,FRAME,5251,21383,-36,-56,-27,-463,35
2026-07-02T20:14:43.587,4.133808,FRAME,5252,21384,10,-94,-68,-405,34
2026-07-02T20:14:43.588,4.134386,FRAME,5253,21385,11,-101,-58,-425,35
2026-07-02T20:14:43.588,4.134943,FRAME,5254,21386,50,-23,-67,-395,34
2026-07-02T20:14:43.589,4.135540,FRAME,5255,21387,49,-97,-68,-418,34
2026-07-02T20:14:43.589,4.136108,FRAME,5256,21388,31,-66,-19,-405,34
2026-07-02T20:14:43.590,4.136698,FRAME,5257,21389,49,-32,-16,-407,34
2026-07-02T20:14:43.591,4.137249,FRAME,5258,21390,65,-63,-21,-384,34
2026-07-02T20:14:43.591,4.137829,FRAME,5259,21391,33,-57,-31,-403,34
2026-07-02T20:14:43.592,4.138378,FRAME,5260,21392,5,-81,-56,-436,33
2026-07-02T20:14:43.593,4.139405,FRAME,5261,21393,8,-103,-57,-412,34
2026-07-02T20:14:43.593,4.139986,FRAME,5262,21394,-41,-94,-60,-357,35
2026-07-02T20:14:43.594,4.140879,FRAME,5263,21395,-8,-133,-91,-390,35
2026-07-02T20:14:43.595,4.141787,FRAME,5264,21396,-5,-112,-75,-430,35
2026-07-02T20:14:43.596,4.142602,FRAME,5265,21397,2,-76,-59,-414,33
2026-07-02T20:14:43.597,4.143494,FRAME,5266,21398,-17,-116,-56,-405,36
2026-07-02T20:14:43.598,4.144367,FRAME,5267,21399,15,-203,-39,-420,35
2026-07-02T20:14:43.599,4.145205,FRAME,5268,21400,40,-96,-39,-443,34
2026-07-02T20:14:43.599,4.145962,FRAME,5269,21401,-16,-102,-78,-435,36
2026-07-02T20:14:43.600,4.146937,FRAME,5270,21402,-11,-125,-58,-446,36
2026-07-02T20:14:43.601,4.147867,FRAME,5271,21403,30,-121,-108,-439,36
2026-07-02T20:14:43.602,4.148722,FRAME,5272,21404,-3,-146,-99,-432,35
2026-07-02T20:14:43.603,4.149561,FRAME,5273,21405,17,-106,-86,-402,35
2026-07-02T20:14:43.604,4.150409,FRAME,5274,21406,10,-107,-40,-367,35
2026-07-02T20:14:43.604,4.151140,FRAME,5275,21407,-48,-106,-13,-307,36
2026-07-02T20:14:43.605,4.151810,FRAME,5276,21408,27,-101,-16,-398,35
2026-07-02T20:14:43.606,4.152489,FRAME,5277,21409,40,-143,-63,-411,35
2026-07-02T20:14:43.607,4.153326,FRAME,5278,21410,-15,-87,-39,-410,35
2026-07-02T20:14:43.607,4.154060,FRAME,5279,21411,10,-75,-12,-408,34
2026-07-02T20:14:43.608,4.154976,FRAME,5280,21412,28,-118,-62,-387,35
2026-07-02T20:14:43.609,4.156070,FRAME,5281,21413,4,-90,-39,-423,33
2026-07-02T20:14:43.610,4.157072,FRAME,5282,21414,-11,-130,-21,-404,36
2026-07-02T20:14:43.611,4.157971,FRAME,5283,21415,-67,-138,-20,-443,36
2026-07-02T20:14:43.612,4.158855,FRAME,5284,21416,-64,-175,-41,-468,36
2026-07-02T20:14:43.613,4.159738,FRAME,5285,21417,-87,-163,-88,-415,36
2026-07-02T20:14:43.614,4.160613,FRAME,5286,21418,-116,-159,-84,-473,37
2026-07-02T20:14:43.615,4.161508,FRAME,5287,21419,-107,-172,-90,-473,37
2026-07-02T20:14:43.616,4.162557,FRAME,5288,21420,-152,-144,-64,-429,37
2026-07-02T20:14:43.617,4.163522,FRAME,5289,21421,-134,-202,-102,-449,38
2026-07-02T20:14:43.618,4.164422,FRAME,5290,21422,-162,-189,-90,-451,37
2026-07-02T20:14:43.618,4.165162,FRAME,5291,21423,-166,-163,-106,-440,38
2026-07-02T20:14:43.619,4.166011,FRAME,5292,21424,-119,-193,-84,-442,37
2026-07-02T20:14:43.620,4.167081,FRAME,5293,21425,-140,-195,-115,-453,38
2026-07-02T20:14:43.621,4.168130,FRAME,5294,21426,-151,-198,-84,-408,37
2026-07-02T20:14:43.623,4.169215,FRAME,5295,21427,-194,-213,-119,-455,38
2026-07-02T20:14:43.624,4.170284,FRAME,5296,21428,-226,-218,-113,-405,38
2026-07-02T20:14:43.625,4.171333,FRAME,5297,21429,-250,-180,-120,-465,38
2026-07-02T20:14:43.626,4.172370,FRAME,5298,21430,-240,-193,-93,-460,37
2026-07-02T20:14:43.627,4.173499,FRAME,5299,21431,-189,-161,-85,-440,37
2026-07-02T20:14:43.628,4.174794,FRAME,5300,21432,-194,-188,-85,-456,37
2026-07-02T20:14:43.630,4.176425,FRAME,5301,21433,-149,-150,-52,-451,37
2026-07-02T20:14:43.631,4.177954,FRAME,5302,21434,-103,-113,-24,-454,37
2026-07-02T20:14:43.633,4.179312,FRAME,5303,21435,-90,-122,-97,-445,36
2026-07-02T20:14:43.634,4.180847,FRAME,5304,21436,-101,-128,-21,-451,37
2026-07-02T20:14:43.636,4.182339,FRAME,5305,21437,-81,-94,-31,-389,35
2026-07-02T20:14:43.637,4.183922,FRAME,5306,21438,-100,-108,-64,-441,37
2026-07-02T20:14:43.638,4.185041,FRAME,5307,21439,-126,-100,-6,-454,36
2026-07-02T20:14:43.639,4.185859,FRAME,5308,21440,-88,-47,-11,-433,35
2026-07-02T20:14:43.640,4.186447,FRAME,5309,21441,-40,-67,-41,-388,35
2026-07-02T20:14:43.640,4.187069,FRAME,5310,21442,-64,-100,-13,-412,36
2026-07-02T20:14:43.641,4.187671,FRAME,5311,21443,-16,-16,0,-372,33
2026-07-02T20:14:43.641,4.188153,FRAME,5312,21444,1,2,38,-406,30
2026-07-02T20:14:43.642,4.188740,FRAME,5313,21445,-54,-32,9,-405,33
2026-07-02T20:14:43.643,4.189370,FRAME,5314,21446,-30,-44,-12,-420,35
2026-07-02T20:14:43.643,4.189945,FRAME,5315,21447,-1,-25,-15,-394,34
2026-07-02T20:14:43.644,4.190499,FRAME,5316,21448,2,-22,1,-421,31
2026-07-02T20:14:43.644,4.191062,FRAME,5317,21449,27,-27,7,-441,32
2026-07-02T20:14:43.645,4.191622,FRAME,5318,21450,28,-38,-30,-397,34
2026-07-02T20:14:43.645,4.192139,FRAME,5319,21451,61,-9,-1,-385,32
2026-07-02T20:14:43.646,4.192698,FRAME,5320,21452,83,-68,38,-370,33
2026-07-02T20:14:43.646,4.193192,FRAME,5321,21453,102,8,6,-401,31
2026-07-02T20:14:43.647,4.193731,FRAME,5322,21454,52,1,-22,-372,32
2026-07-02T20:14:43.648,4.194266,FRAME,5323,21455,91,-1,32,-382,32
2026-07-02T20:14:43.648,4.194819,FRAME,5324,21456,94,-10,26,-361,33
2026-07-02T20:14:43.649,4.195402,FRAME,5325,21457,95,29,77,-345,32
2026-07-02T20:14:43.649,4.196164,FRAME,5326,21458,106,32,24,-383,33
2026-07-02T20:14:43.650,4.196742,FRAME,5327,21459,108,27,45,-384,33
2026-07-02T20:14:43.651,4.197332,FRAME,5328,21460,92,30,6,-351,31
2026-07-02T20:14:43.651,4.197887,FRAME,5329,21461,109,-2,38,-390,33
2026-07-02T20:14:43.652,4.198445,FRAME,5330,21462,107,14,-19,-369,34
2026-07-02T20:14:43.652,4.198983,FRAME,5331,21463,78,39,20,-351,32
2026-07-02T20:14:43.653,4.199553,FRAME,5332,21464,56,31,27,-370,32
2026-07-02T20:14:43.653,4.200138,FRAME,5333,21465,100,49,-12,-381,34
2026-07-02T20:14:43.654,4.200720,FRAME,5334,21466,126,5,36,-368,32
2026-07-02T20:14:43.655,4.201256,FRAME,5335,21467,172,29,10,-386,33
2026-07-02T20:14:43.655,4.201817,FRAME,5336,21468,165,35,39,-345,33
2026-07-02T20:14:43.656,4.202379,FRAME,5337,21469,199,42,10,-353,33
2026-07-02T20:14:43.656,4.202994,FRAME,5338,21470,126,37,18,-338,33
2026-07-02T20:14:43.657,4.203580,FRAME,5339,21471,185,53,17,-335,33
2026-07-02T20:14:43.657,4.204167,FRAME,5340,21472,168,49,76,-386,33
2026-07-02T20:14:43.658,4.204773,FRAME,5341,21473,173,48,42,-341,33
2026-07-02T20:14:43.659,4.205322,FRAME,5342,21474,201,53,45,-331,33
2026-07-02T20:14:43.659,4.205873,FRAME,5343,21475,176,57,-3,-335,33
2026-07-02T20:14:43.660,4.206426,FRAME,5344,21476,160,83,56,-336,33
2026-07-02T20:14:43.660,4.206977,FRAME,5345,21477,145,88,38,-370,33
2026-07-02T20:14:43.661,4.207567,FRAME,5346,21478,153,25,29,-363,33
2026-07-02T20:14:43.661,4.208184,FRAME,5347,21479,110,-8,12,-354,33
2026-07-02T20:14:43.662,4.208749,FRAME,5348,21480,129,11,6,-381,32
2026-07-02T20:14:43.663,4.209287,FRAME,5349,21481,26,25,-4,-397,32
2026-07-02T20:14:43.663,4.209804,FRAME,5350,21482,0,15,-2,-396,31
2026-07-02T20:14:43.664,4.210420,FRAME,5351,21483,-26,-27,-42,-431,35
2026-07-02T20:14:43.664,4.211117,FRAME,5352,21484,-14,-79,-87,-405,35
2026-07-02T20:14:43.665,4.211786,FRAME,5353,21485,-38,-81,-113,-430,36
2026-07-02T20:14:43.666,4.212445,FRAME,5354,21486,-128,-86,-145,-465,37
2026-07-02T20:14:43.666,4.213088,FRAME,5355,21487,-54,-109,-92,-435,36
2026-07-02T20:14:43.667,4.214031,FRAME,5356,21488,-144,-145,-148,-439,38
2026-07-02T20:14:43.668,4.214744,FRAME,5357,21489,-194,-169,-132,-425,38
2026-07-02T20:14:43.669,4.215442,FRAME,5358,21490,-217,-147,-196,-460,38
2026-07-02T20:14:43.669,4.216122,FRAME,5359,21491,-230,-161,-169,-397,38
2026-07-02T20:14:43.670,4.216836,FRAME,5360,21492,-250,-203,-218,-427,38
2026-07-02T20:14:43.671,4.217501,FRAME,5361,21493,-277,-227,-270,-439,38
2026-07-02T20:14:43.672,4.218249,FRAME,5362,21494,-328,-230,-205,-494,38
2026-07-02T20:14:43.672,4.218955,FRAME,5363,21495,-356,-270,-217,-468,38
2026-07-02T20:14:43.673,4.219672,FRAME,5364,21496,-368,-280,-262,-497,38
2026-07-02T20:14:43.692,4.238702,FRAME,5365,21497,-398,-296,-240,-519,38
2026-07-02T20:14:43.693,4.239790,FRAME,5366,21498,-423,-273,-274,-515,38
2026-07-02T20:14:43.694,4.240855,FRAME,5367,21499,-429,-290,-267,-467,38
2026-07-02T20:14:43.695,4.241796,FRAME,5368,21500,-405,-308,-278,-508,38
2026-07-02T20:14:43.696,4.242721,FRAME,5369,21501,-383,-328,-289,-497,38
2026-07-02T20:14:43.697,4.243618,FRAME,5370,21502,-412,-334,-292,-496,38
2026-07-02T20:14:43.698,4.244525,FRAME,5371,21503,-451,-376,-284,-529,38
2026-07-02T20:14:43.699,4.245364,FRAME,5372,21504,-462,-336,-331,-474,38
2026-07-02T20:14:43.700,4.246202,FRAME,5373,21505,-474,-361,-297,-494,38
2026-07-02T20:14:43.700,4.247118,FRAME,5374,21506,-477,-350,-308,-483,38
2026-07-02T20:14:43.701,4.248010,FRAME,5375,21507,-456,-287,-260,-463,38
2026-07-02T20:14:43.702,4.248938,FRAME,5376,21508,-449,-319,-270,-483,38
2026-07-02T20:14:43.703,4.249725,FRAME,5377,21509,-400,-273,-264,-489,38
2026-07-02T20:14:43.704,4.250538,FRAME,5378,21510,-397,-312,-235,-486,38
2026-07-02T20:14:43.705,4.251355,FRAME,5379,21511,-404,-288,-278,-474,38
2026-07-02T20:14:43.705,4.252151,FRAME,5380,21512,-446,-280,-274,-489,38
2026-07-02T20:14:43.706,4.252891,FRAME,5381,21513,-425,-353,-317,-519,38
2026-07-02T20:14:43.707,4.253520,FRAME,5382,21514,-402,-365,-303,-507,38
2026-07-02T20:14:43.708,4.254387,FRAME,5383,21515,-486,-376,-263,-534,38
2026-07-02T20:14:43.709,4.255278,FRAME,5384,21516,-417,-369,-293,-534,38
2026-07-02T20:14:43.709,4.256175,FRAME,5385,21517,-467,-383,-313,-575,38
2026-07-02T20:14:43.710,4.256822,FRAME,5386,21518,-450,-373,-361,-558,38
2026-07-02T20:14:43.711,4.257492,FRAME,5387,21519,-399,-381,-290,-508,38
2026-07-02T20:14:43.712,4.258379,FRAME,5388,21520,-424,-381,-345,-548,38
2026-07-02T20:14:43.713,4.259251,FRAME,5389,21521,-476,-380,-297,-522,38
2026-07-02T20:14:43.713,4.260074,FRAME,5390,21522,-449,-396,-321,-548,38
2026-07-02T20:14:43.714,4.260787,FRAME,5391,21523,-465,-355,-339,-528,38
2026-07-02T20:14:43.715,4.261429,FRAME,5392,21524,-408,-345,-320,-543,38
2026-07-02T20:14:43.715,4.262095,FRAME,5393,21525,-401,-395,-279,-502,38
2026-07-02T20:14:43.716,4.263001,FRAME,5394,21526,-389,-379,-295,-506,38
2026-07-02T20:14:43.717,4.263695,FRAME,5395,21527,-414,-363,-299,-467,38
2026-07-02T20:14:43.718,4.264331,FRAME,5396,21528,-404,-338,-288,-535,38
2026-07-02T20:14:43.718,4.264981,FRAME,5397,21529,-423,-332,-281,-500,38
2026-07-02T20:14:43.719,4.265606,FRAME,5398,21530,-370,-348,-309,-536,38
2026-07-02T20:14:43.720,4.266267,FRAME,5399,21531,-378,-362,-284,-484,38
2026-07-02T20:14:43.720,4.266907,FRAME,5400,21532,-356,-313,-271,-534,38
2026-07-02T20:14:43.721,4.267546,FRAME,5401,21533,-321,-306,-250,-512,38
2026-07-02T20:14:43.721,4.268187,FRAME,5402,21534,-293,-314,-290,-500,38
2026-07-02T20:14:43.722,4.268858,FRAME,5403,21535,-360,-304,-232,-517,38
2026-07-02T20:14:43.723,4.269484,FRAME,5404,21536,-336,-280,-264,-544,38
2026-07-02T20:14:43.723,4.270107,FRAME,5405,21537,-319,-305,-260,-525,38
2026-07-02T20:14:43.724,4.270766,FRAME,5406,21538,-331,-323,-235,-503,38
2026-07-02T20:14:43.725,4.271385,FRAME,5407,21539,-316,-325,-236,-544,38
2026-07-02T20:14:43.725,4.272009,FRAME,5408,21540,-362,-288,-226,-494,38
2026-07-02T20:14:43.726,4.272630,FRAME,5409,21541,-401,-308,-273,-496,38
2026-07-02T20:14:43.727,4.273284,FRAME,5410,21542,-406,-334,-280,-485,38
2026-07-02T20:14:43.727,4.273913,FRAME,5411,21543,-379,-361,-305,-521,38
2026-07-02T20:14:43.728,4.274584,FRAME,5412,21544,-448,-364,-283,-461,38
2026-07-02T20:14:43.729,4.275236,FRAME,5413,21545,-438,-328,-317,-518,38
2026-07-02T20:14:43.729,4.275890,FRAME,5414,21546,-416,-378,-329,-537,38
2026-07-02T20:14:43.730,4.276506,FRAME,5415,21547,-460,-351,-352,-507,38
2026-07-02T20:14:43.730,4.277198,FRAME,5416,21548,-470,-359,-311,-526,38
2026-07-02T20:14:43.731,4.277838,FRAME,5417,21549,-457,-380,-340,-531,38
2026-07-02T20:14:43.732,4.278469,FRAME,5418,21550,-418,-400,-348,-576,38
2026-07-02T20:14:43.732,4.279092,FRAME,5419,21551,-406,-404,-283,-579,38
2026-07-02T20:14:43.733,4.279777,FRAME,5420,21552,-376,-328,-286,-522,38
2026-07-02T20:14:43.734,4.280400,FRAME,5421,21553,-450,-318,-315,-529,38
2026-07-02T20:14:43.734,4.281114,FRAME,5422,21554,-353,-349,-308,-542,38
2026-07-02T20:14:43.735,4.281933,FRAME,5423,21555,-369,-289,-297,-515,38
2026-07-02T20:14:43.736,4.282551,FRAME,5424,21556,-321,-296,-247,-454,38
2026-07-02T20:14:43.736,4.283173,FRAME,5425,21557,-342,-300,-242,-456,38
2026-07-02T20:14:43.737,4.283832,FRAME,5426,21558,-356,-338,-292,-514,38
2026-07-02T20:14:43.738,4.284480,FRAME,5427,21559,-285,-318,-270,-501,38
2026-07-02T20:14:43.738,4.285100,FRAME,5428,21560,-322,-318,-254,-490,38
2026-07-02T20:14:43.739,4.285747,FRAME,5429,21561,-342,-298,-266,-495,38
2026-07-02T20:14:43.740,4.286370,FRAME,5430,21562,-347,-300,-300,-488,38
2026-07-02T20:14:43.740,4.286998,FRAME,5431,21563,-369,-359,-295,-490,38
2026-07-02T20:14:43.741,4.287619,FRAME,5432,21564,-385,-361,-283,-469,38
2026-07-02T20:14:43.742,4.288272,FRAME,5433,21565,-382,-352,-324,-527,38
2026-07-02T20:14:43.742,4.288893,FRAME,5434,21566,-370,-428,-325,-545,38
2026-07-02T20:14:43.743,4.289524,FRAME,5435,21567,-406,-387,-328,-543,38
2026-07-02T20:14:43.743,4.290152,FRAME,5436,21568,-417,-399,-322,-502,38
2026-07-02T20:14:43.744,4.290826,FRAME,5437,21569,-399,-426,-368,-557,38
2026-07-02T20:14:43.745,4.291456,FRAME,5438,21570,-409,-411,-371,-552,38
2026-07-02T20:14:43.745,4.292093,FRAME,5439,21571,-478,-410,-345,-534,38
2026-07-02T20:14:43.746,4.292750,FRAME,5440,21572,-437,-468,-336,-543,38
2026-07-02T20:14:43.747,4.293379,FRAME,5441,21573,-474,-455,-352,-526,38
2026-07-02T20:14:43.747,4.294018,FRAME,5442,21574,-443,-442,-337,-524,38
2026-07-02T20:14:43.748,4.294681,FRAME,5443,21575,-488,-463,-325,-513,38
2026-07-02T20:14:43.749,4.295331,FRAME,5444,21576,-450,-430,-381,-528,38
2026-07-02T20:14:43.750,4.296218,FRAME,5445,21577,-458,-431,-329,-525,38
2026-07-02T20:14:43.750,4.296855,FRAME,5446,21578,-427,-410,-316,-532,38
2026-07-02T20:14:43.751,4.297474,FRAME,5447,21579,-447,-432,-355,-509,38
2026-07-02T20:14:43.751,4.298089,FRAME,5448,21580,-458,-468,-340,-524,38
2026-07-02T20:14:43.752,4.298729,FRAME,5449,21581,-504,-436,-365,-548,38
2026-07-02T20:14:43.753,4.299351,FRAME,5450,21582,-477,-465,-388,-562,38
2026-07-02T20:14:43.753,4.299974,FRAME,5451,21583,-512,-474,-393,-553,38
2026-07-02T20:14:43.754,4.300623,FRAME,5452,21584,-498,-477,-365,-524,38
2026-07-02T20:14:43.755,4.301722,FRAME,5453,21585,-497,-449,-361,-542,38
2026-07-02T20:14:43.756,4.302350,FRAME,5454,21586,-521,-450,-368,-606,38
2026-07-02T20:14:43.757,4.303249,FRAME,5455,21587,-507,-478,-398,-598,38
2026-07-02T20:14:43.757,4.304167,FRAME,5456,21588,-542,-413,-373,-547,38
2026-07-02T20:14:43.758,4.305093,FRAME,5457,21589,-517,-405,-329,-538,38
2026-07-02T20:14:43.759,4.306025,FRAME,5458,21590,-499,-377,-254,-504,38
2026-07-02T20:14:43.760,4.306966,FRAME,5459,21591,-450,-334,-292,-487,38
2026-07-02T20:14:43.761,4.307896,FRAME,5460,21592,-418,-351,-246,-475,38
2026-07-02T20:14:43.762,4.308702,FRAME,5461,21593,-400,-333,-278,-481,38
2026-07-02T20:14:43.763,4.309620,FRAME,5462,21594,-353,-304,-254,-486,38
2026-07-02T20:14:43.764,4.311081,FRAME,5463,21595,-351,-327,-284,-468,38
2026-07-02T20:14:43.766,4.312632,FRAME,5464,21596,-369,-368,-301,-498,38
2026-07-02T20:14:43.767,4.313553,FRAME,5465,21597,-379,-339,-298,-522,38
2026-07-02T20:14:43.768,4.314390,FRAME,5466,21598,-349,-373,-245,-516,38
2026-07-02T20:14:43.769,4.315289,FRAME,5467,21599,-409,-379,-250,-508,38
2026-07-02T20:14:43.770,4.316211,FRAME,5468,21600,-389,-418,-279,-522,38
2026-07-02T20:14:43.770,4.316902,FRAME,5469,21601,-380,-359,-284,-510,38
2026-07-02T20:14:43.771,4.317529,FRAME,5470,21602,-367,-353,-285,-531,38
2026-07-02T20:14:43.772,4.318524,FRAME,5471,21603,-365,-357,-318,-521,38
2026-07-02T20:14:43.801,4.347369,FRAME,5472,21604,-387,-374,-329,-456,38
2026-07-02T20:14:43.801,4.348178,FRAME,5473,21605,-323,-358,-276,-487,38
2026-07-02T20:14:43.802,4.348943,FRAME,5474,21606,-330,-336,-288,-470,38
2026-07-02T20:14:43.803,4.349604,FRAME,5475,21607,-322,-326,-285,-460,38
2026-07-02T20:14:43.804,4.350280,FRAME,5476,21608,-261,-291,-227,-436,38
2026-07-02T20:14:43.804,4.350885,FRAME,5477,21609,-293,-312,-208,-460,38
2026-07-02T20:14:43.805,4.351485,FRAME,5478,21610,-285,-307,-245,-444,38
2026-07-02T20:14:43.805,4.352088,FRAME,5479,21611,-293,-328,-272,-460,38
2026-07-02T20:14:43.806,4.352722,FRAME,5480,21612,-284,-331,-207,-440,38
2026-07-02T20:14:43.807,4.353343,FRAME,5481,21613,-275,-312,-229,-424,38
2026-07-02T20:14:43.807,4.353940,FRAME,5482,21614,-227,-273,-179,-423,38
2026-07-02T20:14:43.808,4.354584,FRAME,5483,21615,-221,-297,-182,-455,38
2026-07-02T20:14:43.809,4.355204,FRAME,5484,21616,-201,-303,-184,-480,38
2026-07-02T20:14:43.809,4.355818,FRAME,5485,21617,-115,-299,-180,-458,38
2026-07-02T20:14:43.810,4.356432,FRAME,5486,21618,-122,-266,-146,-500,38
2026-07-02T20:14:43.810,4.357022,FRAME,5487,21619,-80,-219,-125,-460,37
2026-07-02T20:14:43.811,4.357621,FRAME,5488,21620,-59,-222,-138,-446,37
2026-07-02T20:14:43.812,4.358226,FRAME,5489,21621,-60,-189,-105,-394,37
2026-07-02T20:14:43.812,4.358807,FRAME,5490,21622,-32,-171,-77,-371,36
2026-07-02T20:14:43.813,4.359416,FRAME,5491,21623,-17,-142,-102,-437,37
2026-07-02T20:14:43.813,4.360040,FRAME,5492,21624,-58,-189,-104,-380,37
2026-07-02T20:14:43.814,4.360679,FRAME,5493,21625,-37,-129,-105,-394,37
2026-07-02T20:14:43.815,4.361259,FRAME,5494,21626,-49,-163,-45,-408,36
2026-07-02T20:14:43.815,4.361857,FRAME,5495,21627,-39,-180,-54,-390,36
2026-07-02T20:14:43.816,4.362433,FRAME,5496,21628,-16,-132,-41,-426,36
2026-07-02T20:14:43.816,4.363003,FRAME,5497,21629,-4,-126,-34,-397,35
2026-07-02T20:14:43.817,4.363645,FRAME,5498,21630,22,-115,-39,-392,35
2026-07-02T20:14:43.818,4.364268,FRAME,5499,21631,44,-80,-23,-372,34
2026-07-02T20:14:43.818,4.364904,FRAME,5500,21632,32,-68,-14,-429,34
2026-07-02T20:14:43.819,4.365452,FRAME,5501,21633,59,-66,-45,-425,34
2026-07-02T20:14:43.819,4.365992,FRAME,5502,21634,89,-84,-18,-468,34
2026-07-02T20:14:43.820,4.366553,FRAME,5503,21635,93,-96,-36,-435,34
2026-07-02T20:14:43.820,4.367111,FRAME,5504,21636,59,-109,-1,-417,34
2026-07-02T20:14:43.821,4.367657,FRAME,5505,21637,80,-88,-10,-418,34
2026-07-02T20:14:43.822,4.368230,FRAME,5506,21638,63,-133,-1,-420,34
2026-07-02T20:14:43.822,4.368789,FRAME,5507,21639,63,-126,-76,-386,35
2026-07-02T20:14:43.823,4.369339,FRAME,5508,21640,49,-105,-40,-415,35
2026-07-02T20:14:43.823,4.369865,FRAME,5509,21641,44,-104,1,-421,33
2026-07-02T20:14:43.824,4.370442,FRAME,5510,21642,15,-124,-42,-404,35
2026-07-02T20:14:43.824,4.371076,FRAME,5511,21643,28,-157,-57,-433,35
2026-07-02T20:14:43.825,4.371720,FRAME,5512,21644,-54,-130,-88,-427,36
2026-07-02T20:14:43.826,4.372300,FRAME,5513,21645,-64,-169,-117,-415,37
2026-07-02T20:14:43.826,4.372895,FRAME,5514,21646,-85,-201,-128,-467,37
2026-07-02T20:14:43.827,4.373480,FRAME,5515,21647,-78,-243,-120,-439,37
2026-07-02T20:14:43.827,4.374116,FRAME,5516,21648,-119,-181,-122,-437,38
2026-07-02T20:14:43.828,4.374738,FRAME,5517,21649,-102,-212,-162,-403,38
2026-07-02T20:14:43.829,4.375362,FRAME,5518,21650,-118,-199,-119,-468,38
2026-07-02T20:14:43.829,4.376008,FRAME,5519,21651,-121,-186,-142,-477,38
2026-07-02T20:14:43.830,4.376663,FRAME,5520,21652,-146,-226,-125,-461,38
2026-07-02T20:14:43.831,4.377288,FRAME,5521,21653,-162,-195,-159,-494,38
2026-07-02T20:14:43.831,4.377896,FRAME,5522,21654,-191,-234,-177,-474,38
2026-07-02T20:14:43.832,4.378541,FRAME,5523,21655,-186,-229,-159,-422,38
2026-07-02T20:14:43.832,4.379164,FRAME,5524,21656,-185,-275,-162,-437,38
2026-07-02T20:14:43.833,4.379803,FRAME,5525,21657,-176,-273,-171,-426,38
2026-07-02T20:14:43.834,4.380416,FRAME,5526,21658,-218,-280,-182,-443,38
2026-07-02T20:14:43.834,4.381089,FRAME,5527,21659,-270,-294,-192,-476,38
2026-07-02T20:14:43.835,4.381857,FRAME,5528,21660,-239,-271,-212,-456,38
2026-07-02T20:14:43.836,4.382615,FRAME,5529,21661,-289,-266,-225,-479,38
2026-07-02T20:14:43.837,4.383230,FRAME,5530,21662,-307,-323,-258,-463,38
2026-07-02T20:14:43.837,4.383870,FRAME,5531,21663,-303,-363,-244,-477,38
2026-07-02T20:14:43.838,4.384507,FRAME,5532,21664,-322,-327,-270,-488,38
2026-07-02T20:14:43.838,4.385116,FRAME,5533,21665,-312,-310,-244,-468,38
2026-07-02T20:14:43.839,4.385765,FRAME,5534,21666,-301,-315,-211,-534,38
2026-07-02T20:14:43.840,4.386381,FRAME,5535,21667,-273,-368,-273,-466,38
2026-07-02T20:14:43.840,4.386973,FRAME,5536,21668,-287,-353,-274,-502,38
2026-07-02T20:14:43.841,4.387574,FRAME,5537,21669,-257,-322,-242,-500,38
2026-07-02T20:14:43.842,4.388236,FRAME,5538,21670,-321,-280,-175,-491,38
2026-07-02T20:14:43.842,4.388845,FRAME,5539,21671,-237,-279,-173,-489,38
2026-07-02T20:14:43.843,4.389444,FRAME,5540,21672,-247,-251,-171,-466,38
2026-07-02T20:14:43.843,4.390061,FRAME,5541,21673,-239,-237,-181,-467,38
2026-07-02T20:14:43.844,4.390694,FRAME,5542,21674,-166,-294,-156,-451,38
2026-07-02T20:14:43.845,4.391316,FRAME,5543,21675,-224,-257,-189,-460,38
2026-07-02T20:14:43.845,4.391945,FRAME,5544,21676,-266,-274,-175,-507,38
2026-07-02T20:14:43.846,4.392592,FRAME,5545,21677,-315,-287,-175,-470,38
2026-07-02T20:14:43.847,4.393231,FRAME,5546,21678,-307,-295,-252,-475,38
2026-07-02T20:14:43.847,4.393830,FRAME,5547,21679,-376,-362,-221,-501,38
2026-07-02T20:14:43.848,4.394428,FRAME,5548,21680,-378,-301,-264,-485,38
2026-07-02T20:14:43.848,4.395041,FRAME,5549,21681,-380,-331,-224,-468,38
2026-07-02T20:14:43.849,4.395718,FRAME,5550,21682,-342,-336,-257,-540,38
2026-07-02T20:14:43.850,4.396417,FRAME,5551,21683,-368,-326,-222,-507,38
2026-07-02T20:14:43.850,4.397035,FRAME,5552,21684,-330,-318,-265,-497,38
2026-07-02T20:14:43.851,4.397734,FRAME,5553,21685,-307,-321,-222,-453,38
2026-07-02T20:14:43.852,4.398786,FRAME,5554,21686,-282,-371,-284,-485,38
2026-07-02T20:14:43.853,4.399433,FRAME,5555,21687,-303,-321,-272,-485,38
2026-07-02T20:14:43.853,4.400133,FRAME,5556,21688,-321,-330,-217,-461,38
2026-07-02T20:14:43.854,4.401064,FRAME,5557,21689,-305,-298,-189,-480,38
2026-07-02T20:14:43.855,4.402016,FRAME,5558,21690,-292,-288,-149,-455,38
2026-07-02T20:14:43.856,4.402970,FRAME,5559,21691,-275,-271,-161,-466,38
2026-07-02T20:14:43.857,4.403914,FRAME,5560,21692,-334,-223,-132,-447,38
2026-07-02T20:14:43.858,4.404850,FRAME,5561,21693,-274,-212,-152,-424,38
2026-07-02T20:14:43.859,4.405674,FRAME,5562,21694,-222,-209,-144,-409,38
2026-07-02T20:14:43.860,4.406513,FRAME,5563,21695,-229,-207,-165,-423,38
2026-07-02T20:14:43.861,4.407439,FRAME,5564,21696,-216,-169,-147,-454,38
2026-07-02T20:14:43.862,4.408390,FRAME,5565,21697,-248,-191,-159,-472,38
2026-07-02T20:14:43.863,4.409338,FRAME,5566,21698,-242,-173,-150,-452,38
2026-07-02T20:14:43.864,4.410275,FRAME,5567,21699,-239,-193,-161,-448,38
2026-07-02T20:14:43.864,4.411024,FRAME,5568,21700,-220,-161,-163,-459,38
2026-07-02T20:14:43.865,4.411852,FRAME,5569,21701,-206,-186,-84,-452,37
2026-07-02T20:14:43.866,4.412757,FRAME,5570,21702,-154,-181,-140,-469,38
2026-07-02T20:14:43.867,4.413666,FRAME,5571,21703,-179,-200,-144,-448,38
2026-07-02T20:14:43.868,4.414568,FRAME,5572,21704,-171,-138,-143,-423,38
2026-07-02T20:14:43.869,4.415272,FRAME,5573,21705,-161,-127,-141,-432,38
2026-07-02T20:14:43.870,4.416413,FRAME,5574,21706,-213,-188,-155,-431,38
2026-07-02T20:14:43.871,4.417356,FRAME,5575,21707,-226,-168,-176,-446,38
2026-07-02T20:14:43.872,4.418325,FRAME,5576,21708,-278,-167,-185,-415,38
2026-07-02T20:14:43.873,4.419252,FRAME,5577,21709,-250,-199,-176,-439,38
2026-07-02T20:14:43.874,4.420222,FRAME,5578,21710,-234,-193,-152,-451,38
2026-07-02T20:14:43.875,4.421251,FRAME,5579,21711,-257,-133,-165,-406,38
2026-07-02T20:14:43.875,4.422185,FRAME,5580,21712,-257,-138,-174,-411,38
2026-07-02T20:14:43.908,4.455184,FRAME,5581,21713,-218,-142,-185,-447,38
2026-07-02T20:14:43.909,4.455939,FRAME,5582,21714,-240,-162,-205,-436,38
2026-07-02T20:14:43.910,4.456638,FRAME,5583,21715,-219,-135,-166,-442,38
2026-07-02T20:14:43.911,4.457341,FRAME,5584,21716,-211,-143,-193,-447,38
2026-07-02T20:14:43.911,4.458007,FRAME,5585,21717,-207,-127,-138,-474,38
2026-07-02T20:14:43.912,4.458632,FRAME,5586,21718,-219,-155,-181,-450,38
2026-07-02T20:14:43.913,4.459252,FRAME,5587,21719,-239,-179,-152,-463,38
2026-07-02T20:14:43.913,4.459861,FRAME,5588,21720,-208,-192,-162,-497,38
2026-07-02T20:14:43.914,4.460538,FRAME,5589,21721,-219,-191,-172,-486,38
2026-07-02T20:14:43.914,4.461154,FRAME,5590,21722,-236,-199,-189,-453,38
2026-07-02T20:14:43.915,4.461776,FRAME,5591,21723,-284,-204,-171,-457,38
2026-07-02T20:14:43.916,4.462374,FRAME,5592,21724,-310,-227,-204,-458,38
2026-07-02T20:14:43.916,4.462981,FRAME,5593,21725,-321,-217,-213,-444,38
2026-07-02T20:14:43.917,4.463660,FRAME,5594,21726,-390,-252,-237,-487,38
2026-07-02T20:14:43.918,4.464352,FRAME,5595,21727,-444,-314,-235,-475,38
2026-07-02T20:14:43.918,4.464953,FRAME,5596,21728,-429,-340,-251,-490,38
2026-07-02T20:14:43.919,4.465555,FRAME,5597,21729,-459,-313,-249,-470,38
2026-07-02T20:14:43.920,4.466228,FRAME,5598,21730,-451,-306,-229,-525,38
2026-07-02T20:14:43.920,4.466873,FRAME,5599,21731,-500,-332,-175,-544,38
2026-07-02T20:14:43.921,4.467477,FRAME,5600,21732,-461,-365,-275,-550,38
2026-07-02T20:14:43.921,4.468081,FRAME,5601,21733,-478,-346,-251,-501,38
2026-07-02T20:14:43.922,4.468702,FRAME,5602,21734,-439,-384,-280,-575,38
2026-07-02T20:14:43.923,4.469310,FRAME,5603,21735,-481,-394,-272,-555,38
2026-07-02T20:14:43.923,4.469912,FRAME,5604,21736,-481,-370,-279,-574,38
2026-07-02T20:14:43.924,4.470549,FRAME,5605,21737,-563,-351,-309,-541,38
2026-07-02T20:14:43.925,4.471223,FRAME,5606,21738,-515,-385,-301,-579,38
2026-07-02T20:14:43.925,4.471848,FRAME,5607,21739,-564,-386,-328,-546,38
2026-07-02T20:14:43.926,4.472452,FRAME,5608,21740,-561,-413,-318,-517,38
2026-07-02T20:14:43.926,4.473067,FRAME,5609,21741,-570,-408,-286,-540,38
2026-07-02T20:14:43.927,4.473682,FRAME,5610,21742,-565,-444,-313,-585,38
2026-07-02T20:14:43.928,4.474301,FRAME,5611,21743,-563,-407,-335,-563,38
2026-07-02T20:14:43.928,4.474916,FRAME,5612,21744,-602,-419,-293,-543,38
2026-07-02T20:14:43.929,4.475530,FRAME,5613,21745,-626,-459,-328,-559,38
2026-07-02T20:14:43.930,4.476207,FRAME,5614,21746,-602,-450,-351,-531,38
2026-07-02T20:14:43.930,4.476834,FRAME,5615,21747,-596,-474,-360,-587,38
2026-07-02T20:14:43.931,4.477438,FRAME,5616,21748,-620,-446,-392,-539,38
2026-07-02T20:14:43.931,4.478054,FRAME,5617,21749,-601,-497,-339,-572,38
2026-07-02T20:14:43.932,4.478687,FRAME,5618,21750,-585,-496,-396,-580,38
2026-07-02T20:14:43.933,4.479298,FRAME,5619,21751,-570,-484,-359,-603,38
2026-07-02T20:14:43.933,4.479945,FRAME,5620,21752,-590,-474,-371,-546,38
2026-07-02T20:14:43.934,4.480664,FRAME,5621,21753,-622,-472,-347,-557,38
2026-07-02T20:14:43.935,4.481783,FRAME,5622,21754,-595,-498,-351,-569,38
2026-07-02T20:14:43.936,4.482413,FRAME,5623,21755,-620,-495,-364,-575,38
2026-07-02T20:14:43.937,4.483246,FRAME,5624,21756,-626,-492,-331,-561,38
2026-07-02T20:14:43.937,4.484171,FRAME,5625,21757,-608,-461,-360,-560,38
2026-07-02T20:14:43.938,4.485119,FRAME,5626,21758,-579,-475,-376,-563,38
2026-07-02T20:14:43.939,4.486060,FRAME,5627,21759,-586,-436,-409,-532,38
2026-07-02T20:14:43.940,4.487007,FRAME,5628,21760,-636,-505,-373,-549,38
2026-07-02T20:14:43.941,4.487968,FRAME,5629,21761,-629,-511,-387,-595,38
2026-07-02T20:14:43.942,4.488804,FRAME,5630,21762,-657,-540,-379,-563,38
2026-07-02T20:14:43.943,4.489742,FRAME,5631,21763,-639,-507,-410,-584,38
2026-07-02T20:14:43.944,4.490639,FRAME,5632,21764,-667,-535,-369,-599,38
2026-07-02T20:14:43.945,4.491580,FRAME,5633,21765,-595,-488,-378,-548,38
2026-07-02T20:14:43.946,4.492528,FRAME,5634,21766,-575,-502,-369,-560,38
2026-07-02T20:14:43.947,4.493375,FRAME,5635,21767,-534,-439,-354,-525,38
2026-07-02T20:14:43.948,4.494246,FRAME,5636,21768,-512,-384,-284,-580,38
2026-07-02T20:14:43.948,4.495168,FRAME,5637,21769,-444,-405,-297,-552,38
2026-07-02T20:14:43.949,4.495992,FRAME,5638,21770,-429,-386,-273,-527,38
2026-07-02T20:14:43.950,4.496960,FRAME,5639,21771,-367,-348,-258,-497,38
2026-07-02T20:14:43.951,4.497565,FRAME,5640,21772,-361,-361,-220,-506,38
2026-07-02T20:14:43.952,4.498580,FRAME,5641,21773,-367,-324,-213,-477,38
2026-07-02T20:14:43.953,4.499225,FRAME,5642,21774,-351,-330,-244,-442,38
2026-07-02T20:14:43.953,4.500193,FRAME,5643,21775,-406,-323,-228,-495,38
2026-07-02T20:14:43.954,4.501116,FRAME,5644,21776,-372,-335,-275,-474,38
2026-07-02T20:14:43.955,4.502044,FRAME,5645,21777,-428,-351,-219,-494,38
2026-07-02T20:14:43.956,4.502975,FRAME,5646,21778,-417,-375,-296,-452,38
2026-07-02T20:14:43.957,4.503912,FRAME,5647,21779,-412,-386,-265,-461,38
2026-07-02T20:14:43.958,4.504829,FRAME,5648,21780,-445,-368,-279,-509,38
2026-07-02T20:14:43.960,4.506931,FRAME,5649,21781,-385,-362,-270,-465,38
2026-07-02T20:14:43.961,4.508005,FRAME,5650,21782,-401,-292,-246,-511,38
2026-07-02T20:14:43.962,4.509172,FRAME,5651,21783,-392,-317,-277,-482,38
2026-07-02T20:14:43.964,4.510276,FRAME,5652,21784,-378,-293,-236,-504,38
2026-07-02T20:14:43.965,4.511264,FRAME,5653,21785,-364,-304,-235,-509,38
2026-07-02T20:14:43.966,4.512501,FRAME,5654,21786,-331,-259,-182,-494,38
2026-07-02T20:14:43.967,4.513610,FRAME,5655,21787,-276,-217,-217,-465,38
2026-07-02T20:14:43.968,4.514831,FRAME,5656,21788,-295,-250,-194,-491,38
2026-07-02T20:14:43.969,4.515616,FRAME,5657,21789,-280,-222,-202,-445,38
2026-07-02T20:14:43.970,4.516426,FRAME,5658,21790,-219,-199,-166,-447,38
2026-07-02T20:14:43.971,4.517349,FRAME,5659,21791,-182,-168,-166,-440,38
2026-07-02T20:14:43.972,4.518203,FRAME,5660,21792,-170,-169,-116,-393,38
2026-07-02T20:14:43.972,4.519069,FRAME,5661,21793,-193,-151,-113,-412,38
2026-07-02T20:14:43.973,4.519802,FRAME,5662,21794,-131,-107,-100,-412,38
2026-07-02T20:14:43.974,4.520683,FRAME,5663,21795,-112,-118,-110,-438,38
2026-07-02T20:14:43.975,4.521430,FRAME,5664,21796,-109,-117,-137,-427,38
2026-07-02T20:14:43.976,4.522311,FRAME,5665,21797,-100,-86,-102,-414,37
2026-07-02T20:14:43.976,4.522939,FRAME,5666,21798,-108,-115,-116,-425,38
2026-07-02T20:14:43.977,4.523530,FRAME,5667,21799,-50,-111,-89,-430,36
2026-07-02T20:14:43.977,4.524129,FRAME,5668,21800,-11,-109,-78,-434,36
2026-07-02T20:14:43.978,4.524708,FRAME,5669,21801,-4,-96,-95,-399,34
2026-07-02T20:14:43.979,4.525270,FRAME,5670,21802,-8,-35,-72,-400,34
2026-07-02T20:14:43.979,4.525915,FRAME,5671,21803,8,-89,-58,-365,33
2026-07-02T20:14:43.980,4.526769,FRAME,5672,21804,38,-65,-43,-396,34
2026-07-02T20:14:43.981,4.527458,FRAME,5673,21805,28,-41,-94,-383,34
2026-07-02T20:14:43.981,4.528103,FRAME,5674,21806,-20,-82,-62,-362,35
2026-07-02T20:14:43.982,4.528757,FRAME,5675,21807,-17,-53,-63,-377,35
2026-07-02T20:14:43.983,4.529412,FRAME,5676,21808,-14,-78,-11,-378,35
2026-07-02T20:14:43.983,4.530069,FRAME,5677,21809,-25,-94,-76,-375,35
2026-07-02T20:14:43.984,4.530841,FRAME,5678,21810,-72,-85,-42,-365,35
2026-07-02T20:14:43.985,4.531511,FRAME,5679,21811,-52,-50,-71,-382,35
2026-07-02T20:14:43.986,4.532331,FRAME,5680,21812,-46,-43,-66,-362,35
2026-07-02T20:14:43.986,4.533146,FRAME,5681,21813,13,-51,-69,-394,34
2026-07-02T20:14:43.987,4.533828,FRAME,5682,21814,-46,-110,-32,-397,36
2026-07-02T20:14:43.988,4.534481,FRAME,5683,21815,-33,-27,-57,-416,35
2026-07-02T20:14:43.988,4.535129,FRAME,5684,21816,-26,-74,-91,-391,35
2026-07-02T20:14:43.989,4.535792,FRAME,5685,21817,-11,-99,-65,-372,35
2026-07-02T20:14:43.990,4.536462,FRAME,5686,21818,-25,-67,-65,-396,35
2026-07-02T20:14:43.991,4.537297,FRAME,5687,21819,-23,-118,-90,-429,36
2026-07-02T20:14:43.991,4.537989,FRAME,5688,21820,-94,-104,-100,-420,37
2026-07-02T20:14:44.019,4.565386,FRAME,5689,21821,-74,-73,-94,-408,35
2026-07-02T20:14:44.020,4.566403,FRAME,5690,21822,-57,-117,-54,-389,36
2026-07-02T20:14:44.021,4.567350,FRAME,5691,21823,-98,-142,-76,-396,36
2026-07-02T20:14:44.022,4.568327,FRAME,5692,21824,-132,-131,-120,-396,38
2026-07-02T20:14:44.023,4.569229,FRAME,5693,21825,-145,-153,-71,-394,37
2026-07-02T20:14:44.023,4.570163,FRAME,5694,21826,-184,-198,-110,-411,38
2026-07-02T20:14:44.024,4.571012,FRAME,5695,21827,-210,-194,-119,-429,38
2026-07-02T20:14:44.025,4.571729,FRAME,5696,21828,-231,-206,-158,-426,38
2026-07-02T20:14:44.026,4.572732,FRAME,5697,21829,-226,-198,-116,-458,38
2026-07-02T20:14:44.027,4.573641,FRAME,5698,21830,-259,-231,-148,-454,38
2026-07-02T20:14:44.028,4.574567,FRAME,5699,21831,-257,-243,-147,-431,38
2026-07-02T20:14:44.029,4.575247,FRAME,5700,21832,-254,-253,-144,-479,38
2026-07-02T20:14:44.029,4.576198,FRAME,5701,21833,-267,-259,-157,-476,38
2026-07-02T20:14:44.030,4.577086,FRAME,5702,21834,-237,-293,-135,-480,38
2026-07-02T20:14:44.031,4.577993,FRAME,5703,21835,-233,-280,-168,-491,38
2026-07-02T20:14:44.032,4.578826,FRAME,5704,21836,-256,-269,-164,-472,38
2026-07-02T20:14:44.033,4.579452,FRAME,5705,21837,-262,-297,-189,-487,38
2026-07-02T20:14:44.034,4.580541,FRAME,5706,21838,-359,-321,-180,-472,38
2026-07-02T20:14:44.035,4.581683,FRAME,5707,21839,-318,-305,-177,-496,38
2026-07-02T20:14:44.036,4.582742,FRAME,5708,21840,-300,-304,-176,-476,38
2026-07-02T20:14:44.037,4.584055,FRAME,5709,21841,-341,-329,-194,-493,38
2026-07-02T20:14:44.039,4.585460,FRAME,5710,21842,-362,-336,-168,-478,38
2026-07-02T20:14:44.041,4.587473,FRAME,5711,21843,-366,-379,-190,-443,38
2026-07-02T20:14:44.042,4.588454,FRAME,5712,21844,-358,-385,-212,-488,38
2026-07-02T20:14:44.043,4.589544,FRAME,5713,21845,-410,-358,-201,-499,38
2026-07-02T20:14:44.044,4.590449,FRAME,5714,21846,-363,-363,-236,-468,38
2026-07-02T20:14:44.045,4.591212,FRAME,5715,21847,-405,-349,-240,-457,38
2026-07-02T20:14:44.045,4.591945,FRAME,5716,21848,-347,-365,-226,-498,38
2026-07-02T20:14:44.046,4.592636,FRAME,5717,21849,-310,-336,-213,-465,38
2026-07-02T20:14:44.047,4.593409,FRAME,5718,21850,-310,-312,-166,-461,38
2026-07-02T20:14:44.047,4.594131,FRAME,5719,21851,-223,-314,-125,-442,38
2026-07-02T20:14:44.048,4.594888,FRAME,5720,21852,-215,-306,-158,-454,38
2026-07-02T20:14:44.049,4.595587,FRAME,5721,21853,-223,-305,-112,-461,38
2026-07-02T20:14:44.050,4.596414,FRAME,5722,21854,-201,-274,-107,-447,38
2026-07-02T20:14:44.051,4.597316,FRAME,5723,21855,-204,-259,-105,-454,38
2026-07-02T20:14:44.051,4.598130,FRAME,5724,21856,-221,-245,-137,-447,38
2026-07-02T20:14:44.052,4.599137,FRAME,5725,21857,-252,-243,-143,-434,38
2026-07-02T20:14:44.053,4.600103,FRAME,5726,21858,-213,-277,-164,-427,38
2026-07-02T20:14:44.054,4.600752,FRAME,5727,21859,-253,-328,-180,-451,38
2026-07-02T20:14:44.055,4.601370,FRAME,5728,21860,-241,-324,-163,-440,38
2026-07-02T20:14:44.055,4.601999,FRAME,5729,21861,-250,-315,-172,-422,38
2026-07-02T20:14:44.056,4.602611,FRAME,5730,21862,-299,-355,-200,-414,38
2026-07-02T20:14:44.057,4.603242,FRAME,5731,21863,-296,-370,-213,-449,38
2026-07-02T20:14:44.057,4.603861,FRAME,5732,21864,-315,-338,-188,-453,38
2026-07-02T20:14:44.058,4.604477,FRAME,5733,21865,-285,-390,-147,-461,38
2026-07-02T20:14:44.058,4.605086,FRAME,5734,21866,-250,-341,-178,-435,38
2026-07-02T20:14:44.059,4.605706,FRAME,5735,21867,-212,-339,-156,-443,38
2026-07-02T20:14:44.060,4.606321,FRAME,5736,21868,-222,-345,-151,-482,38
2026-07-02T20:14:44.060,4.606930,FRAME,5737,21869,-232,-335,-160,-457,38
2026-07-02T20:14:44.061,4.607545,FRAME,5738,21870,-233,-263,-172,-442,38
2026-07-02T20:14:44.061,4.608170,FRAME,5739,21871,-223,-283,-198,-426,38
2026-07-02T20:14:44.062,4.608774,FRAME,5740,21872,-223,-280,-138,-429,38
2026-07-02T20:14:44.063,4.609375,FRAME,5741,21873,-227,-273,-159,-388,38
2026-07-02T20:14:44.063,4.609978,FRAME,5742,21874,-166,-258,-125,-356,38
2026-07-02T20:14:44.064,4.610575,FRAME,5743,21875,-184,-255,-55,-401,37
2026-07-02T20:14:44.064,4.611171,FRAME,5744,21876,-163,-250,-92,-392,37
2026-07-02T20:14:44.065,4.611758,FRAME,5745,21877,-118,-257,-84,-389,37
2026-07-02T20:14:44.066,4.612341,FRAME,5746,21878,-141,-188,-75,-394,37
2026-07-02T20:14:44.066,4.612911,FRAME,5747,21879,-84,-209,-78,-415,36
2026-07-02T20:14:44.067,4.613485,FRAME,5748,21880,-52,-189,-40,-380,36
2026-07-02T20:14:44.067,4.614059,FRAME,5749,21881,-34,-175,-69,-370,36
2026-07-02T20:14:44.068,4.614640,FRAME,5750,21882,-46,-163,-37,-333,36
2026-07-02T20:14:44.069,4.615298,FRAME,5751,21883,34,-154,-34,-429,35
2026-07-02T20:14:44.069,4.615936,FRAME,5752,21884,15,-114,-54,-411,35
2026-07-02T20:14:44.070,4.616546,FRAME,5753,21885,-2,-85,4,-382,32
2026-07-02T20:14:44.070,4.617092,FRAME,5754,21886,28,-64,-35,-383,34
2026-07-02T20:14:44.071,4.617638,FRAME,5755,21887,82,-91,-38,-397,34
2026-07-02T20:14:44.071,4.618156,FRAME,5756,21888,75,-46,7,-389,32
2026-07-02T20:14:44.072,4.618720,FRAME,5757,21889,50,-55,39,-317,33
2026-07-02T20:14:44.073,4.619255,FRAME,5758,21890,115,-42,5,-348,33
2026-07-02T20:14:44.073,4.619771,FRAME,5759,21891,60,-49,7,-344,32
2026-07-02T20:14:44.074,4.620318,FRAME,5760,21892,63,-81,51,-352,33
2026-07-02T20:14:44.074,4.620847,FRAME,5761,21893,71,-36,25,-322,33
2026-07-02T20:14:44.075,4.621375,FRAME,5762,21894,63,-29,16,-304,33
2026-07-02T20:14:44.075,4.621907,FRAME,5763,21895,64,-37,39,-378,33
2026-07-02T20:14:44.076,4.622450,FRAME,5764,21896,102,-26,19,-347,34
2026-07-02T20:14:44.076,4.622982,FRAME,5765,21897,65,-38,4,-368,32
2026-07-02T20:14:44.077,4.623516,FRAME,5766,21898,19,-49,-2,-375,33
2026-07-02T20:14:44.077,4.624063,FRAME,5767,21899,10,-90,-31,-394,34
2026-07-02T20:14:44.078,4.624619,FRAME,5768,21900,-2,-25,-22,-386,34
2026-07-02T20:14:44.078,4.625181,FRAME,5769,21901,28,-57,-44,-397,34
2026-07-02T20:14:44.079,4.625726,FRAME,5770,21902,4,-64,-52,-385,33
2026-07-02T20:14:44.080,4.626301,FRAME,5771,21903,-70,-118,-35,-387,36
2026-07-02T20:14:44.080,4.626887,FRAME,5772,21904,-115,-127,-71,-396,37
2026-07-02T20:14:44.081,4.627477,FRAME,5773,21905,-132,-127,-88,-412,37
2026-07-02T20:14:44.081,4.628080,FRAME,5774,21906,-190,-154,-100,-425,38
2026-07-02T20:14:44.082,4.628678,FRAME,5775,21907,-232,-159,-82,-384,37
2026-07-02T20:14:44.083,4.629282,FRAME,5776,21908,-225,-181,-142,-448,38
2026-07-02T20:14:44.083,4.629881,FRAME,5777,21909,-230,-210,-163,-410,38
2026-07-02T20:14:44.084,4.630485,FRAME,5778,21910,-251,-167,-168,-411,38
2026-07-02T20:14:44.084,4.631087,FRAME,5779,21911,-263,-217,-154,-413,38
2026-07-02T20:14:44.085,4.631709,FRAME,5780,21912,-310,-234,-222,-424,38
2026-07-02T20:14:44.086,4.632318,FRAME,5781,21913,-267,-249,-173,-552,38
2026-07-02T20:14:44.087,4.633219,FRAME,5782,21914,-307,-284,-210,-463,38
2026-07-02T20:14:44.087,4.633832,FRAME,5783,21915,-312,-307,-214,-454,38
2026-07-02T20:14:44.088,4.634434,FRAME,5784,21916,-305,-270,-253,-479,38
2026-07-02T20:14:44.088,4.635038,FRAME,5785,21917,-285,-314,-201,-432,38
2026-07-02T20:14:44.089,4.635665,FRAME,5786,21918,-334,-270,-225,-484,38
2026-07-02T20:14:44.090,4.636297,FRAME,5787,21919,-351,-310,-259,-474,38
2026-07-02T20:14:44.090,4.636906,FRAME,5788,21920,-344,-307,-234,-501,38
2026-07-02T20:14:44.091,4.637511,FRAME,5789,21921,-405,-305,-232,-486,38
2026-07-02T20:14:44.091,4.638111,FRAME,5790,21922,-402,-317,-260,-484,38
2026-07-02T20:14:44.092,4.638750,FRAME,5791,21923,-387,-319,-268,-443,38
2026-07-02T20:14:44.093,4.639362,FRAME,5792,21924,-415,-335,-268,-485,38
2026-07-02T20:14:44.093,4.639974,FRAME,5793,21925,-409,-370,-246,-449,38
2026-07-02T20:14:44.094,4.640582,FRAME,5794,21926,-408,-351,-246,-474,38
2026-07-02T20:14:44.094,4.641197,FRAME,5795,21927,-449,-350,-300,-475,38
2026-07-02T20:14:44.095,4.641807,FRAME,5796,21928,-488,-353,-263,-447,38
2026-07-02T20:14:44.096,4.642423,FRAME,5797,21929,-517,-326,-293,-483,38
2026-07-02T20:14:44.097,4.643312,FRAME,5798,21930,-477,-287,-266,-452,38
2026-07-02T20:14:44.126,4.672241,FRAME,5799,21931,-486,-329,-286,-489,38
2026-07-02T20:14:44.126,4.673048,FRAME,5800,21932,-420,-314,-261,-481,38
2026-07-02T20:14:44.127,4.673941,FRAME,5801,21933,-398,-283,-243,-485,38
2026-07-02T20:14:44.128,4.674812,FRAME,5802,21934,-385,-248,-253,-457,38
2026-07-02T20:14:44.129,4.675581,FRAME,5803,21935,-306,-259,-233,-469,38
2026-07-02T20:14:44.130,4.676222,FRAME,5804,21936,-339,-285,-251,-499,38
2026-07-02T20:14:44.130,4.676836,FRAME,5805,21937,-345,-257,-242,-445,38
2026-07-02T20:14:44.131,4.677448,FRAME,5806,21938,-353,-285,-237,-487,38
2026-07-02T20:14:44.131,4.678057,FRAME,5807,21939,-395,-301,-251,-464,38
2026-07-02T20:14:44.132,4.678678,FRAME,5808,21940,-396,-312,-239,-476,38
2026-07-02T20:14:44.133,4.679301,FRAME,5809,21941,-397,-312,-234,-443,38
2026-07-02T20:14:44.133,4.679908,FRAME,5810,21942,-397,-267,-249,-442,38
2026-07-02T20:14:44.134,4.680520,FRAME,5811,21943,-335,-304,-235,-488,38
2026-07-02T20:14:44.134,4.681180,FRAME,5812,21944,-309,-331,-273,-462,38
2026-07-02T20:14:44.135,4.681812,FRAME,5813,21945,-392,-319,-318,-449,38
2026-07-02T20:14:44.136,4.682591,FRAME,5814,21946,-350,-353,-250,-456,38
2026-07-02T20:14:44.137,4.683222,FRAME,5815,21947,-389,-293,-237,-441,38
2026-07-02T20:14:44.137,4.683830,FRAME,5816,21948,-295,-346,-254,-444,38
2026-07-02T20:14:44.138,4.684452,FRAME,5817,21949,-327,-318,-248,-480,38
2026-07-02T20:14:44.138,4.685057,FRAME,5818,21950,-317,-337,-220,-437,38
2026-07-02T20:14:44.139,4.685709,FRAME,5819,21951,-333,-308,-227,-482,38
2026-07-02T20:14:44.140,4.686323,FRAME,5820,21952,-286,-316,-194,-498,38
2026-07-02T20:14:44.140,4.686933,FRAME,5821,21953,-265,-316,-249,-480,38
2026-07-02T20:14:44.141,4.687541,FRAME,5822,21954,-239,-286,-173,-455,38
2026-07-02T20:14:44.141,4.688151,FRAME,5823,21955,-230,-300,-144,-454,38
2026-07-02T20:14:44.142,4.688764,FRAME,5824,21956,-229,-242,-203,-420,38
2026-07-02T20:14:44.143,4.689369,FRAME,5825,21957,-193,-242,-131,-417,38
2026-07-02T20:14:44.143,4.689962,FRAME,5826,21958,-210,-224,-160,-448,38
2026-07-02T20:14:44.144,4.690590,FRAME,5827,21959,-152,-251,-139,-428,38
2026-07-02T20:14:44.144,4.691197,FRAME,5828,21960,-214,-226,-169,-425,38
2026-07-02T20:14:44.145,4.691807,FRAME,5829,21961,-142,-233,-159,-436,38
2026-07-02T20:14:44.146,4.692406,FRAME,5830,21962,-156,-231,-156,-439,38
2026-07-02T20:14:44.146,4.693012,FRAME,5831,21963,-191,-258,-208,-425,38
2026-07-02T20:14:44.147,4.693618,FRAME,5832,21964,-157,-203,-130,-419,38
2026-07-02T20:14:44.148,4.694241,FRAME,5833,21965,-139,-247,-141,-453,38
2026-07-02T20:14:44.148,4.694848,FRAME,5834,21966,-145,-255,-151,-457,38
2026-07-02T20:14:44.149,4.695450,FRAME,5835,21967,-156,-221,-144,-458,38
2026-07-02T20:14:44.149,4.696042,FRAME,5836,21968,-155,-207,-136,-454,38
2026-07-02T20:14:44.150,4.696635,FRAME,5837,21969,-129,-256,-150,-424,38
2026-07-02T20:14:44.151,4.697227,FRAME,5838,21970,-169,-222,-99,-433,37
2026-07-02T20:14:44.151,4.697812,FRAME,5839,21971,-83,-205,-102,-432,37
2026-07-02T20:14:44.152,4.698409,FRAME,5840,21972,-128,-207,-155,-429,38
2026-07-02T20:14:44.152,4.699074,FRAME,5841,21973,-102,-206,-111,-414,38
2026-07-02T20:14:44.153,4.699752,FRAME,5842,21974,-98,-188,-89,-372,36
2026-07-02T20:14:44.154,4.700353,FRAME,5843,21975,-69,-186,-104,-389,37
2026-07-02T20:14:44.154,4.700914,FRAME,5844,21976,-91,-205,-61,-389,36
2026-07-02T20:14:44.155,4.701480,FRAME,5845,21977,-95,-190,-98,-417,36
2026-07-02T20:14:44.155,4.702111,FRAME,5846,21978,-121,-216,-114,-461,38
2026-07-02T20:14:44.156,4.702726,FRAME,5847,21979,-121,-205,-128,-444,38
2026-07-02T20:14:44.157,4.703321,FRAME,5848,21980,-142,-192,-128,-452,38
2026-07-02T20:14:44.157,4.703911,FRAME,5849,21981,-181,-223,-140,-440,38
2026-07-02T20:14:44.158,4.704519,FRAME,5850,21982,-164,-240,-131,-443,38
2026-07-02T20:14:44.158,4.705143,FRAME,5851,21983,-185,-265,-128,-457,38
2026-07-02T20:14:44.159,4.705740,FRAME,5852,21984,-213,-240,-188,-460,38
2026-07-02T20:14:44.160,4.706358,FRAME,5853,21985,-212,-290,-173,-457,38
2026-07-02T20:14:44.160,4.706947,FRAME,5854,21986,-216,-284,-177,-477,38
2026-07-02T20:14:44.161,4.707555,FRAME,5855,21987,-256,-339,-199,-493,38
2026-07-02T20:14:44.161,4.708166,FRAME,5856,21988,-287,-300,-255,-473,38
2026-07-02T20:14:44.162,4.708773,FRAME,5857,21989,-281,-297,-157,-471,38
2026-07-02T20:14:44.163,4.709368,FRAME,5858,21990,-304,-317,-175,-497,38
2026-07-02T20:14:44.163,4.709957,FRAME,5859,21991,-327,-303,-216,-483,38
2026-07-02T20:14:44.164,4.710554,FRAME,5860,21992,-366,-302,-181,-431,38
2026-07-02T20:14:44.164,4.711172,FRAME,5861,21993,-332,-306,-238,-481,38
2026-07-02T20:14:44.165,4.711792,FRAME,5862,21994,-373,-312,-243,-431,38
2026-07-02T20:14:44.166,4.712391,FRAME,5863,21995,-373,-328,-235,-462,38
2026-07-02T20:14:44.166,4.713048,FRAME,5864,21996,-396,-289,-268,-494,38
2026-07-02T20:14:44.167,4.713680,FRAME,5865,21997,-394,-341,-267,-521,38
2026-07-02T20:14:44.168,4.714275,FRAME,5866,21998,-430,-354,-266,-486,38
2026-07-02T20:14:44.168,4.714874,FRAME,5867,21999,-437,-386,-296,-529,38
2026-07-02T20:14:44.169,4.715466,FRAME,5868,22000,-450,-383,-286,-554,38
2026-07-02T20:14:44.169,4.716130,FRAME,5869,22001,-459,-380,-266,-517,38
2026-07-02T20:14:44.170,4.716847,FRAME,5870,22002,-441,-361,-300,-514,38
2026-07-02T20:14:44.171,4.717436,FRAME,5871,22003,-473,-416,-286,-508,38
2026-07-02T20:14:44.171,4.718025,FRAME,5872,22004,-448,-390,-338,-536,38
2026-07-02T20:14:44.172,4.718619,FRAME,5873,22005,-515,-387,-346,-516,38
2026-07-02T20:14:44.173,4.719226,FRAME,5874,22006,-464,-394,-330,-497,38
2026-07-02T20:14:44.173,4.719826,FRAME,5875,22007,-517,-376,-291,-523,38
2026-07-02T20:14:44.174,4.720420,FRAME,5876,22008,-491,-402,-306,-506,38
2026-07-02T20:14:44.174,4.721030,FRAME,5877,22009,-484,-382,-287,-515,38
2026-07-02T20:14:44.175,4.721638,FRAME,5878,22010,-431,-405,-307,-474,38
2026-07-02T20:14:44.176,4.722241,FRAME,5879,22011,-419,-375,-290,-468,38
2026-07-02T20:14:44.176,4.722851,FRAME,5880,22012,-371,-313,-307,-481,38
2026-07-02T20:14:44.177,4.723901,FRAME,5881,22013,-352,-328,-305,-469,38
2026-07-02T20:14:44.178,4.724521,FRAME,5882,22014,-346,-306,-291,-449,38
2026-07-02T20:14:44.179,4.725379,FRAME,5883,22015,-308,-293,-261,-446,38
2026-07-02T20:14:44.180,4.726301,FRAME,5884,22016,-297,-295,-268,-477,38
2026-07-02T20:14:44.181,4.727231,FRAME,5885,22017,-296,-314,-290,-508,38
2026-07-02T20:14:44.181,4.728148,FRAME,5886,22018,-301,-271,-270,-501,38
2026-07-02T20:14:44.182,4.729054,FRAME,5887,22019,-287,-300,-300,-515,38
2026-07-02T20:14:44.183,4.729978,FRAME,5888,22020,-313,-302,-329,-507,38
2026-07-02T20:14:44.184,4.730746,FRAME,5889,22021,-341,-356,-301,-499,38
2026-07-02T20:14:44.185,4.731595,FRAME,5890,22022,-334,-346,-293,-456,38
2026-07-02T20:14:44.186,4.732507,FRAME,5891,22023,-343,-335,-276,-482,38
2026-07-02T20:14:44.187,4.733405,FRAME,5892,22024,-321,-299,-259,-501,38
2026-07-02T20:14:44.188,4.734302,FRAME,5893,22025,-326,-275,-262,-444,38
2026-07-02T20:14:44.189,4.735298,FRAME,5894,22026,-285,-286,-239,-465,38
2026-07-02T20:14:44.189,4.736098,FRAME,5895,22027,-249,-252,-228,-435,38
2026-07-02T20:14:44.190,4.736842,FRAME,5896,22028,-300,-325,-240,-435,38
2026-07-02T20:14:44.191,4.737736,FRAME,5897,22029,-301,-282,-252,-440,38
2026-07-02T20:14:44.192,4.738602,FRAME,5898,22030,-273,-249,-256,-470,38
2026-07-02T20:14:44.193,4.739490,FRAME,5899,22031,-265,-243,-222,-450,38
2026-07-02T20:14:44.194,4.740241,FRAME,5900,22032,-275,-253,-244,-508,38
2026-07-02T20:14:44.194,4.740880,FRAME,5901,22033,-264,-250,-239,-472,38
2026-07-02T20:14:44.195,4.741498,FRAME,5902,22034,-161,-236,-194,-464,38
2026-07-02T20:14:44.196,4.742342,FRAME,5903,22035,-208,-205,-178,-429,38
2026-07-02T20:14:44.196,4.743118,FRAME,5904,22036,-155,-207,-161,-475,38
2026-07-02T20:14:44.197,4.744017,FRAME,5905,22037,-122,-186,-156,-432,38
2026-07-02T20:14:44.236,4.783130,FRAME,5906,22038,-137,-137,-178,-383,38
2026-07-02T20:14:44.237,4.783856,FRAME,5907,22039,-93,-128,-115,-432,37
2026-07-02T20:14:44.238,4.784504,FRAME,5908,22040,-84,-169,-81,-410,36
2026-07-02T20:14:44.238,4.785183,FRAME,5909,22041,-94,-143,-130,-432,37
2026-07-02T20:14:44.239,4.785826,FRAME,5910,22042,-86,-116,-117,-424,37
2026-07-02T20:14:44.240,4.786433,FRAME,5911,22043,-59,-163,-106,-397,37
2026-07-02T20:14:44.240,4.787015,FRAME,5912,22044,-95,-154,-88,-422,36
2026-07-02T20:14:44.241,4.787590,FRAME,5913,22045,-24,-137,-91,-394,36
2026-07-02T20:14:44.242,4.788327,FRAME,5914,22046,-60,-138,-96,-433,36
2026-07-02T20:14:44.242,4.788976,FRAME,5915,22047,-49,-132,-143,-400,37
2026-07-02T20:14:44.243,4.789581,FRAME,5916,22048,-63,-152,-109,-478,37
2026-07-02T20:14:44.243,4.790192,FRAME,5917,22049,-39,-157,-76,-432,36
2026-07-02T20:14:44.244,4.790895,FRAME,5918,22050,-21,-151,-86,-455,36
2026-07-02T20:14:44.245,4.791483,FRAME,5919,22051,-4,-114,-83,-446,35
2026-07-02T20:14:44.245,4.792033,FRAME,5920,22052,5,-92,-53,-415,33
2026-07-02T20:14:44.246,4.792737,FRAME,5921,22053,20,-97,-54,-431,34
2026-07-02T20:14:44.247,4.793335,FRAME,5922,22054,0,-101,-61,-390,34
2026-07-02T20:14:44.247,4.793899,FRAME,5923,22055,27,-66,-52,-412,34
2026-07-02T20:14:44.248,4.794491,FRAME,5924,22056,59,-82,-27,-377,34
2026-07-02T20:14:44.248,4.795034,FRAME,5925,22057,5,-94,-38,-382,33
2026-07-02T20:14:44.249,4.795635,FRAME,5926,22058,24,-120,-31,-406,35
2026-07-02T20:14:44.250,4.796278,FRAME,5927,22059,36,-61,-53,-380,34
2026-07-02T20:14:44.250,4.796832,FRAME,5928,22060,29,-77,-39,-398,34
2026-07-02T20:14:44.251,4.797376,FRAME,5929,22061,12,-85,-69,-406,34
2026-07-02T20:14:44.251,4.797976,FRAME,5930,22062,-36,-104,-79,-433,36
2026-07-02T20:14:44.252,4.798630,FRAME,5931,22063,-31,-139,-85,-412,36
2026-07-02T20:14:44.253,4.799285,FRAME,5932,22064,-22,-160,-74,-450,36
2026-07-02T20:14:44.253,4.799911,FRAME,5933,22065,-101,-221,-156,-453,38
2026-07-02T20:14:44.254,4.800511,FRAME,5934,22066,-111,-207,-143,-427,38
2026-07-02T20:14:44.254,4.801195,FRAME,5935,22067,-116,-207,-136,-449,38
2026-07-02T20:14:44.255,4.801819,FRAME,5936,22068,-134,-232,-154,-487,38
2026-07-02T20:14:44.256,4.802462,FRAME,5937,22069,-181,-267,-162,-442,38
2026-07-02T20:14:44.257,4.803222,FRAME,5938,22070,-174,-301,-193,-494,38
2026-07-02T20:14:44.257,4.803848,FRAME,5939,22071,-194,-331,-212,-457,38
2026-07-02T20:14:44.258,4.804491,FRAME,5940,22072,-237,-278,-195,-467,38
2026-07-02T20:14:44.258,4.805113,FRAME,5941,22073,-221,-270,-207,-443,38
2026-07-02T20:14:44.259,4.806023,FRAME,5942,22074,-202,-267,-209,-465,38
2026-07-02T20:14:44.260,4.806759,FRAME,5943,22075,-240,-281,-217,-436,38
2026-07-02T20:14:44.261,4.807550,FRAME,5944,22076,-263,-294,-193,-474,38
2026-07-02T20:14:44.262,4.808496,FRAME,5945,22077,-264,-279,-224,-494,38
2026-07-02T20:14:44.263,4.809430,FRAME,5946,22078,-300,-335,-245,-482,38
2026-07-02T20:14:44.264,4.810365,FRAME,5947,22079,-301,-346,-247,-480,38
2026-07-02T20:14:44.265,4.811370,FRAME,5948,22080,-343,-373,-270,-498,38
2026-07-02T20:14:44.266,4.812318,FRAME,5949,22081,-331,-389,-261,-527,38
2026-07-02T20:14:44.266,4.813178,FRAME,5950,22082,-357,-350,-277,-487,38
2026-07-02T20:14:44.267,4.814075,FRAME,5951,22083,-317,-366,-280,-488,38
2026-07-02T20:14:44.268,4.814994,FRAME,5952,22084,-345,-335,-289,-505,38
2026-07-02T20:14:44.269,4.815906,FRAME,5953,22085,-346,-386,-286,-522,38
2026-07-02T20:14:44.270,4.816819,FRAME,5954,22086,-321,-379,-283,-533,38
2026-07-02T20:14:44.271,4.817735,FRAME,5955,22087,-392,-395,-316,-524,38
2026-07-02T20:14:44.272,4.818553,FRAME,5956,22088,-388,-386,-285,-530,38
2026-07-02T20:14:44.273,4.819379,FRAME,5957,22089,-400,-334,-269,-525,38
2026-07-02T20:14:44.274,4.820271,FRAME,5958,22090,-319,-312,-295,-507,38
2026-07-02T20:14:44.275,4.821211,FRAME,5959,22091,-289,-276,-239,-471,38
2026-07-02T20:14:44.275,4.821876,FRAME,5960,22092,-280,-281,-235,-465,38
2026-07-02T20:14:44.276,4.822742,FRAME,5961,22093,-245,-270,-211,-463,38
2026-07-02T20:14:44.277,4.823837,FRAME,5962,22094,-239,-248,-159,-477,38
2026-07-02T20:14:44.278,4.825003,FRAME,5963,22095,-266,-267,-247,-473,38
2026-07-02T20:14:44.279,4.825927,FRAME,5964,22096,-234,-234,-187,-455,38
2026-07-02T20:14:44.280,4.826849,FRAME,5965,22097,-229,-293,-186,-491,38
2026-07-02T20:14:44.281,4.827825,FRAME,5966,22098,-198,-298,-210,-508,38
2026-07-02T20:14:44.282,4.828936,FRAME,5967,22099,-232,-295,-249,-471,38
2026-07-02T20:14:44.283,4.829919,FRAME,5968,22100,-243,-282,-242,-525,38
2026-07-02T20:14:44.284,4.830820,FRAME,5969,22101,-241,-261,-265,-516,38
2026-07-02T20:14:44.285,4.831619,FRAME,5970,22102,-234,-286,-217,-511,38
2026-07-02T20:14:44.286,4.832522,FRAME,5971,22103,-261,-280,-189,-494,38
2026-07-02T20:14:44.287,4.833384,FRAME,5972,22104,-252,-273,-205,-477,38
2026-07-02T20:14:44.287,4.834141,FRAME,5973,22105,-251,-292,-196,-454,38
2026-07-02T20:14:44.288,4.834884,FRAME,5974,22106,-270,-229,-189,-406,38
2026-07-02T20:14:44.289,4.835643,FRAME,5975,22107,-228,-261,-212,-475,38
2026-07-02T20:14:44.290,4.836378,FRAME,5976,22108,-273,-274,-184,-473,38
2026-07-02T20:14:44.290,4.837008,FRAME,5977,22109,-194,-240,-237,-461,38
2026-07-02T20:14:44.291,4.837765,FRAME,5978,22110,-208,-206,-166,-447,38
2026-07-02T20:14:44.292,4.838470,FRAME,5979,22111,-186,-203,-226,-487,38
2026-07-02T20:14:44.292,4.839125,FRAME,5980,22112,-216,-219,-175,-453,38
2026-07-02T20:14:44.293,4.839763,FRAME,5981,22113,-147,-217,-192,-449,38
2026-07-02T20:14:44.294,4.840586,FRAME,5982,22114,-87,-229,-181,-471,37
2026-07-02T20:14:44.295,4.841325,FRAME,5983,22115,-131,-205,-188,-437,38
2026-07-02T20:14:44.295,4.842068,FRAME,5984,22116,-125,-168,-182,-484,38
2026-07-02T20:14:44.296,4.842722,FRAME,5985,22117,-102,-168,-138,-449,38
2026-07-02T20:14:44.297,4.843337,FRAME,5986,22118,-72,-177,-148,-473,37
2026-07-02T20:14:44.297,4.843945,FRAME,5987,22119,-52,-96,-140,-440,36
2026-07-02T20:14:44.298,4.844557,FRAME,5988,22120,-40,-81,-147,-441,36
2026-07-02T20:14:44.298,4.845184,FRAME,5989,22121,-80,-120,-109,-466,37
2026-07-02T20:14:44.299,4.845809,FRAME,5990,22122,-29,-103,-126,-427,37
2026-07-02T20:14:44.300,4.846411,FRAME,5991,22123,-48,-82,-124,-416,36
2026-07-02T20:14:44.300,4.846994,FRAME,5992,22124,-31,-84,-67,-414,35
2026-07-02T20:14:44.301,4.847581,FRAME,5993,22125,-27,-54,-93,-403,35
2026-07-02T20:14:44.302,4.848204,FRAME,5994,22126,-44,-62,-115,-369,36
2026-07-02T20:14:44.302,4.848761,FRAME,5995,22127,6,-53,-65,-407,33
2026-07-02T20:14:44.303,4.849321,FRAME,5996,22128,4,-58,-47,-393,33
2026-07-02T20:14:44.303,4.849910,FRAME,5997,22129,-44,-73,-60,-401,35
2026-07-02T20:14:44.304,4.850526,FRAME,5998,22130,-16,-101,-60,-388,36
2026-07-02T20:14:44.304,4.851118,FRAME,5999,22131,-15,-72,-81,-393,35
2026-07-02T20:14:44.305,4.851693,FRAME,6000,22132,49,-78,-19,-408,34
2026-07-02T20:14:44.306,4.852331,FRAME,6001,22133,26,-57,-62,-432,34
2026-07-02T20:14:44.306,4.853058,FRAME,6002,22134,-16,-41,-55,-425,35
2026-07-02T20:14:44.307,4.853727,FRAME,6003,22135,34,-49,-65,-407,34
2026-07-02T20:14:44.308,4.854287,FRAME,6004,22136,55,-39,-82,-444,34
2026-07-02T20:14:44.308,4.854846,FRAME,6005,22137,66,-24,-63,-427,34
2026-07-02T20:14:44.309,4.855399,FRAME,6006,22138,65,10,-50,-379,33
2026-07-02T20:14:44.309,4.855944,FRAME,6007,22139,41,-3,-39,-388,33
2026-07-02T20:14:44.310,4.856505,FRAME,6008,22140,52,-18,-46,-351,34
2026-07-02T20:14:44.310,4.857061,FRAME,6009,22141,51,19,-25,-424,33
2026-07-02T20:14:44.311,4.857613,FRAME,6010,22142,43,-9,-26,-383,33
2026-07-02T20:14:44.311,4.858179,FRAME,6011,22143,44,11,-50,-410,33
2026-07-02T20:14:44.312,4.858763,FRAME,6012,22144,25,-47,-100,-385,35
2026-07-02T20:14:44.313,4.859337,FRAME,6013,22145,-6,-47,-40,-433,34
2026-07-02T20:14:44.313,4.859913,FRAME,6014,22146,-59,-93,-89,-407,35
2026-07-02T20:14:44.314,4.860496,FRAME,6015,22147,-76,-70,-87,-399,35
2026-07-02T20:14:44.314,4.861097,FRAME,6016,22148,-70,-100,-118,-460,37
2026-07-02T20:14:44.347,4.893636,FRAME,6017,22149,-73,-147,-128,-458,37
2026-07-02T20:14:44.348,4.894677,FRAME,6018,22150,-75,-101,-153,-441,37
2026-07-02T20:14:44.349,4.895437,FRAME,6019,22151,-103,-129,-112,-434,38
2026-07-02T20:14:44.350,4.896211,FRAME,6020,22152,-39,-74,-106,-422,36
2026-07-02T20:14:44.350,4.897130,FRAME,6021,22153,-87,-125,-118,-439,37
2026-07-02T20:14:44.351,4.898067,FRAME,6022,22154,-108,-108,-104,-432,38
2026-07-02T20:14:44.352,4.898974,FRAME,6023,22155,-81,-104,-138,-429,37
2026-07-02T20:14:44.353,4.899920,FRAME,6024,22156,-148,-118,-111,-431,38
2026-07-02T20:14:44.354,4.900589,FRAME,6025,22157,-94,-118,-130,-427,37
2026-07-02T20:14:44.355,4.901450,FRAME,6026,22158,-106,-124,-143,-434,38
2026-07-02T20:14:44.356,4.902589,FRAME,6027,22159,-147,-157,-134,-470,38
2026-07-02T20:14:44.357,4.903531,FRAME,6028,22160,-198,-155,-175,-465,38
2026-07-02T20:14:44.358,4.904284,FRAME,6029,22161,-205,-201,-156,-434,38
2026-07-02T20:14:44.358,4.905163,FRAME,6030,22162,-184,-188,-182,-477,38
2026-07-02T20:14:44.360,4.906271,FRAME,6031,22163,-210,-234,-219,-480,38
2026-07-02T20:14:44.361,4.907201,FRAME,6032,22164,-274,-243,-245,-504,38
2026-07-02T20:14:44.361,4.908122,FRAME,6033,22165,-283,-248,-243,-530,38
2026-07-02T20:14:44.362,4.909056,FRAME,6034,22166,-311,-294,-244,-494,38
2026-07-02T20:14:44.363,4.910002,FRAME,6035,22167,-326,-310,-253,-546,38
2026-07-02T20:14:44.364,4.910940,FRAME,6036,22168,-331,-292,-263,-532,38
2026-07-02T20:14:44.365,4.911908,FRAME,6037,22169,-313,-335,-254,-477,38
2026-07-02T20:14:44.366,4.912750,FRAME,6038,22170,-275,-329,-268,-466,38
2026-07-02T20:14:44.367,4.913483,FRAME,6039,22171,-326,-402,-286,-505,38
2026-07-02T20:14:44.368,4.914269,FRAME,6040,22172,-351,-335,-240,-478,38
2026-07-02T20:14:44.368,4.915082,FRAME,6041,22173,-324,-348,-250,-471,38
2026-07-02T20:14:44.369,4.916021,FRAME,6042,22174,-304,-295,-205,-463,38
2026-07-02T20:14:44.370,4.916965,FRAME,6043,22175,-271,-286,-198,-457,38
2026-07-02T20:14:44.371,4.917866,FRAME,6044,22176,-245,-283,-175,-481,38
2026-07-02T20:14:44.372,4.918733,FRAME,6045,22177,-253,-274,-165,-478,38
2026-07-02T20:14:44.373,4.919495,FRAME,6046,22178,-292,-269,-203,-469,38
2026-07-02T20:14:44.374,4.920259,FRAME,6047,22179,-305,-257,-188,-481,38
2026-07-02T20:14:44.374,4.920900,FRAME,6048,22180,-307,-302,-196,-467,38
2026-07-02T20:14:44.375,4.921515,FRAME,6049,22181,-289,-266,-211,-489,38
2026-07-02T20:14:44.375,4.922134,FRAME,6050,22182,-345,-320,-201,-523,38
2026-07-02T20:14:44.376,4.922756,FRAME,6051,22183,-324,-273,-229,-532,38
2026-07-02T20:14:44.377,4.923383,FRAME,6052,22184,-359,-303,-254,-529,38
2026-07-02T20:14:44.377,4.924016,FRAME,6053,22185,-372,-338,-243,-540,38
2026-07-02T20:14:44.378,4.924837,FRAME,6054,22186,-342,-332,-246,-490,38
2026-07-02T20:14:44.379,4.925514,FRAME,6055,22187,-335,-346,-198,-534,38
2026-07-02T20:14:44.380,4.926339,FRAME,6056,22188,-399,-375,-236,-485,38
2026-07-02T20:14:44.380,4.927072,FRAME,6057,22189,-358,-320,-260,-454,38
2026-07-02T20:14:44.381,4.927708,FRAME,6058,22190,-324,-375,-189,-481,38
2026-07-02T20:14:44.382,4.928325,FRAME,6059,22191,-346,-347,-253,-497,38
2026-07-02T20:14:44.382,4.928938,FRAME,6060,22192,-386,-372,-244,-464,38
2026-07-02T20:14:44.383,4.929583,FRAME,6061,22193,-383,-361,-260,-491,38
2026-07-02T20:14:44.384,4.930201,FRAME,6062,22194,-391,-417,-311,-449,38
2026-07-02T20:14:44.384,4.930825,FRAME,6063,22195,-376,-367,-243,-476,38
2026-07-02T20:14:44.385,4.931457,FRAME,6064,22196,-376,-347,-265,-480,38
2026-07-02T20:14:44.385,4.932078,FRAME,6065,22197,-356,-345,-219,-454,38
2026-07-02T20:14:44.386,4.932703,FRAME,6066,22198,-333,-363,-205,-468,38
2026-07-02T20:14:44.387,4.933721,FRAME,6067,22199,-361,-322,-243,-475,38
2026-07-02T20:14:44.388,4.934418,FRAME,6068,22200,-288,-277,-220,-463,38
2026-07-02T20:14:44.388,4.935028,FRAME,6069,22201,-300,-287,-215,-504,38
2026-07-02T20:14:44.389,4.935683,FRAME,6070,22202,-220,-249,-208,-502,38
2026-07-02T20:14:44.390,4.936338,FRAME,6071,22203,-159,-202,-192,-449,38
2026-07-02T20:14:44.390,4.937087,FRAME,6072,22204,-225,-202,-209,-450,38
2026-07-02T20:14:44.391,4.937704,FRAME,6073,22205,-171,-175,-165,-446,38
2026-07-02T20:14:44.392,4.938307,FRAME,6074,22206,-128,-183,-155,-448,38
2026-07-02T20:14:44.392,4.938909,FRAME,6075,22207,-151,-153,-167,-416,38
2026-07-02T20:14:44.393,4.939507,FRAME,6076,22208,-70,-138,-147,-399,37
2026-07-02T20:14:44.393,4.940106,FRAME,6077,22209,-81,-118,-131,-422,37
2026-07-02T20:14:44.394,4.940705,FRAME,6078,22210,-60,-85,-91,-388,35
2026-07-02T20:14:44.395,4.941314,FRAME,6079,22211,-71,-114,-137,-388,37
2026-07-02T20:14:44.395,4.941900,FRAME,6080,22212,-73,-110,-85,-406,36
2026-07-02T20:14:44.396,4.942497,FRAME,6081,22213,-27,-101,-80,-393,36
2026-07-02T20:14:44.396,4.943075,FRAME,6082,22214,10,-85,-92,-423,34
2026-07-02T20:14:44.397,4.943699,FRAME,6083,22215,32,-138,-108,-409,36
2026-07-02T20:14:44.398,4.944242,FRAME,6084,22216,-9,-71,-59,-432,34
2026-07-02T20:14:44.398,4.944816,FRAME,6085,22217,-40,-105,-97,-425,36
2026-07-02T20:14:44.399,4.945379,FRAME,6086,22218,16,-121,-98,-411,35
2026-07-02T20:14:44.399,4.945921,FRAME,6087,22219,19,-61,-74,-422,34
2026-07-02T20:14:44.400,4.946476,FRAME,6088,22220,20,-22,-67,-410,34
2026-07-02T20:14:44.400,4.947111,FRAME,6089,22221,36,-75,-74,-400,34
2026-07-02T20:14:44.401,4.947672,FRAME,6090,22222,45,-36,-36,-397,34
2026-07-02T20:14:44.402,4.948225,FRAME,6091,22223,28,-50,-44,-389,34
2026-07-02T20:14:44.402,4.948759,FRAME,6092,22224,38,-51,5,-412,32
2026-07-02T20:14:44.403,4.949319,FRAME,6093,22225,57,-54,-37,-399,34
2026-07-02T20:14:44.403,4.949872,FRAME,6094,22226,7,-55,-61,-399,33
2026-07-02T20:14:44.404,4.950427,FRAME,6095,22227,14,-88,-85,-386,34
2026-07-02T20:14:44.404,4.951010,FRAME,6096,22228,-2,-91,-97,-410,34
2026-07-02T20:14:44.405,4.951621,FRAME,6097,22229,-39,-139,-111,-427,37
2026-07-02T20:14:44.406,4.952238,FRAME,6098,22230,-77,-192,-152,-412,37
2026-07-02T20:14:44.406,4.952873,FRAME,6099,22231,-107,-151,-171,-443,38
2026-07-02T20:14:44.407,4.953597,FRAME,6100,22232,-164,-173,-151,-466,38
2026-07-02T20:14:44.408,4.954269,FRAME,6101,22233,-174,-204,-169,-455,38
2026-07-02T20:14:44.408,4.954889,FRAME,6102,22234,-169,-237,-167,-472,38
2026-07-02T20:14:44.409,4.955504,FRAME,6103,22235,-208,-236,-171,-501,38
2026-07-02T20:14:44.409,4.956147,FRAME,6104,22236,-222,-243,-212,-502,38
2026-07-02T20:14:44.410,4.956775,FRAME,6105,22237,-254,-262,-205,-481,38
2026-07-02T20:14:44.411,4.957399,FRAME,6106,22238,-299,-265,-235,-496,38
2026-07-02T20:14:44.411,4.958047,FRAME,6107,22239,-317,-283,-257,-483,38
2026-07-02T20:14:44.412,4.958689,FRAME,6108,22240,-335,-301,-221,-453,38
2026-07-02T20:14:44.413,4.959313,FRAME,6109,22241,-357,-299,-192,-458,38
2026-07-02T20:14:44.413,4.959926,FRAME,6110,22242,-365,-270,-221,-494,38
2026-07-02T20:14:44.414,4.960581,FRAME,6111,22243,-361,-314,-215,-483,38
2026-07-02T20:14:44.415,4.961224,FRAME,6112,22244,-376,-324,-256,-496,38
2026-07-02T20:14:44.415,4.961904,FRAME,6113,22245,-367,-324,-268,-491,38
2026-07-02T20:14:44.416,4.962534,FRAME,6114,22246,-356,-313,-302,-516,38
2026-07-02T20:14:44.416,4.963155,FRAME,6115,22247,-412,-361,-321,-508,38
2026-07-02T20:14:44.417,4.963771,FRAME,6116,22248,-434,-342,-319,-518,38
2026-07-02T20:14:44.418,4.964383,FRAME,6117,22249,-378,-396,-268,-509,38
2026-07-02T20:14:44.418,4.964999,FRAME,6118,22250,-402,-361,-280,-551,38
2026-07-02T20:14:44.419,4.965617,FRAME,6119,22251,-386,-386,-285,-526,38
2026-07-02T20:14:44.420,4.966559,FRAME,6120,22252,-420,-408,-315,-528,38
2026-07-02T20:14:44.421,4.967227,FRAME,6121,22253,-430,-391,-329,-519,38
2026-07-02T20:14:44.421,4.968036,FRAME,6122,22254,-453,-394,-334,-533,38
2026-07-02T20:14:44.422,4.968964,FRAME,6123,22255,-365,-393,-309,-501,38
2026-07-02T20:14:44.423,4.970017,FRAME,6124,22256,-404,-375,-304,-512,38
2026-07-02T20:14:44.424,4.970961,FRAME,6125,22257,-359,-333,-300,-501,38
2026-07-02T20:14:44.452,4.999095,FRAME,6126,22258,-351,-297,-242,-483,38
2026-07-02T20:14:44.453,4.999857,FRAME,6127,22259,-309,-271,-217,-468,38
2026-07-02T20:14:44.454,5.000744,FRAME,6128,22260,-266,-224,-190,-463,38
2026-07-02T20:14:44.455,5.001632,FRAME,6129,22261,-269,-231,-223,-486,38
2026-07-02T20:14:44.456,5.002264,FRAME,6130,22262,-297,-290,-242,-484,38
2026-07-02T20:14:44.456,5.002878,FRAME,6131,22263,-335,-335,-261,-493,38
2026-07-02T20:14:44.457,5.003490,FRAME,6132,22264,-380,-303,-237,-503,38
2026-07-02T20:14:44.457,5.004123,FRAME,6133,22265,-366,-328,-264,-507,38
2026-07-02T20:14:44.458,5.004752,FRAME,6134,22266,-390,-353,-278,-545,38
2026-07-02T20:14:44.459,5.005361,FRAME,6135,22267,-432,-362,-260,-509,38
2026-07-02T20:14:44.459,5.005972,FRAME,6136,22268,-436,-348,-239,-536,38
2026-07-02T20:14:44.460,5.006579,FRAME,6137,22269,-399,-336,-250,-529,38
2026-07-02T20:14:44.460,5.007192,FRAME,6138,22270,-435,-366,-257,-563,38
2026-07-02T20:14:44.461,5.007798,FRAME,6139,22271,-402,-336,-265,-542,38
2026-07-02T20:14:44.462,5.008395,FRAME,6140,22272,-357,-361,-254,-512,38
2026-07-02T20:14:44.462,5.009021,FRAME,6141,22273,-369,-335,-207,-456,38
2026-07-02T20:14:44.463,5.009620,FRAME,6142,22274,-399,-291,-206,-488,38
2026-07-02T20:14:44.464,5.010233,FRAME,6143,22275,-355,-331,-190,-481,38
2026-07-02T20:14:44.464,5.010842,FRAME,6144,22276,-351,-295,-191,-488,38
2026-07-02T20:14:44.465,5.011441,FRAME,6145,22277,-375,-344,-201,-480,38
2026-07-02T20:14:44.465,5.012034,FRAME,6146,22278,-349,-276,-244,-476,38
2026-07-02T20:14:44.466,5.012683,FRAME,6147,22279,-367,-278,-165,-445,38
2026-07-02T20:14:44.467,5.013278,FRAME,6148,22280,-332,-257,-183,-481,38
2026-07-02T20:14:44.467,5.013872,FRAME,6149,22281,-298,-304,-188,-454,38
2026-07-02T20:14:44.468,5.014464,FRAME,6150,22282,-280,-255,-188,-456,38
2026-07-02T20:14:44.468,5.015132,FRAME,6151,22283,-253,-273,-187,-482,38
2026-07-02T20:14:44.469,5.015872,FRAME,6152,22284,-203,-239,-128,-475,38
2026-07-02T20:14:44.470,5.016472,FRAME,6153,22285,-218,-205,-150,-454,38
2026-07-02T20:14:44.470,5.017069,FRAME,6154,22286,-164,-200,-130,-447,38
2026-07-02T20:14:44.471,5.017682,FRAME,6155,22287,-179,-193,-147,-467,38
2026-07-02T20:14:44.472,5.018264,FRAME,6156,22288,-125,-181,-99,-495,37
2026-07-02T20:14:44.472,5.018857,FRAME,6157,22289,-164,-173,-156,-455,38
2026-07-02T20:14:44.473,5.019450,FRAME,6158,22290,-155,-189,-104,-414,38
2026-07-02T20:14:44.473,5.020057,FRAME,6159,22291,-107,-149,-61,-432,37
2026-07-02T20:14:44.474,5.020707,FRAME,6160,22292,-160,-139,-105,-415,38
2026-07-02T20:14:44.475,5.021290,FRAME,6161,22293,-109,-181,-59,-433,37
2026-07-02T20:14:44.475,5.022086,FRAME,6162,22294,-83,-164,-110,-413,37
2026-07-02T20:14:44.476,5.022932,FRAME,6163,22295,-131,-159,-143,-444,38
2026-07-02T20:14:44.477,5.023542,FRAME,6164,22296,-145,-145,-146,-460,38
2026-07-02T20:14:44.477,5.024163,FRAME,6165,22297,-126,-149,-125,-447,38
2026-07-02T20:14:44.478,5.024761,FRAME,6166,22298,-123,-157,-129,-442,38
2026-07-02T20:14:44.479,5.025340,FRAME,6167,22299,-40,-168,-105,-452,37
2026-07-02T20:14:44.479,5.025921,FRAME,6168,22300,-66,-103,-98,-449,36
2026-07-02T20:14:44.480,5.026495,FRAME,6169,22301,-65,-91,-98,-430,35
2026-07-02T20:14:44.480,5.027102,FRAME,6170,22302,-33,-153,-103,-453,37
2026-07-02T20:14:44.481,5.027698,FRAME,6171,22303,-42,-120,-85,-450,36
2026-07-02T20:14:44.482,5.028277,FRAME,6172,22304,-54,-147,-118,-464,37
2026-07-02T20:14:44.482,5.028871,FRAME,6173,22305,-100,-121,-129,-428,38
2026-07-02T20:14:44.483,5.029452,FRAME,6174,22306,-71,-146,-125,-422,37
2026-07-02T20:14:44.483,5.030083,FRAME,6175,22307,-127,-140,-137,-418,38
2026-07-02T20:14:44.484,5.030796,FRAME,6176,22308,-124,-157,-148,-415,38
2026-07-02T20:14:44.485,5.031435,FRAME,6177,22309,-149,-215,-147,-483,38
2026-07-02T20:14:44.485,5.032028,FRAME,6178,22310,-223,-205,-179,-437,38
2026-07-02T20:14:44.486,5.032618,FRAME,6179,22311,-276,-249,-205,-457,38
2026-07-02T20:14:44.487,5.033230,FRAME,6180,22312,-286,-245,-238,-463,38
2026-07-02T20:14:44.487,5.033827,FRAME,6181,22313,-283,-273,-176,-504,38
2026-07-02T20:14:44.488,5.034537,FRAME,6182,22314,-282,-290,-233,-464,38
2026-07-02T20:14:44.488,5.035171,FRAME,6183,22315,-303,-284,-215,-450,38
2026-07-02T20:14:44.489,5.035796,FRAME,6184,22316,-300,-282,-233,-519,38
2026-07-02T20:14:44.490,5.036407,FRAME,6185,22317,-288,-295,-257,-539,38
2026-07-02T20:14:44.490,5.037002,FRAME,6186,22318,-305,-304,-275,-508,38
2026-07-02T20:14:44.491,5.037609,FRAME,6187,22319,-295,-299,-266,-517,38
2026-07-02T20:14:44.492,5.038231,FRAME,6188,22320,-340,-328,-252,-487,38
2026-07-02T20:14:44.492,5.038825,FRAME,6189,22321,-340,-370,-220,-535,38
2026-07-02T20:14:44.493,5.039426,FRAME,6190,22322,-342,-375,-265,-499,38
2026-07-02T20:14:44.493,5.040068,FRAME,6191,22323,-386,-346,-259,-482,38
2026-07-02T20:14:44.494,5.040685,FRAME,6192,22324,-338,-378,-258,-506,38
2026-07-02T20:14:44.495,5.041294,FRAME,6193,22325,-369,-318,-249,-482,38
2026-07-02T20:14:44.495,5.041896,FRAME,6194,22326,-363,-376,-280,-513,38
2026-07-02T20:14:44.496,5.042564,FRAME,6195,22327,-410,-390,-271,-491,38
2026-07-02T20:14:44.497,5.043474,FRAME,6196,22328,-437,-375,-301,-481,38
2026-07-02T20:14:44.498,5.044268,FRAME,6197,22329,-429,-392,-301,-521,38
2026-07-02T20:14:44.498,5.044877,FRAME,6198,22330,-441,-370,-295,-502,38
2026-07-02T20:14:44.499,5.045475,FRAME,6199,22331,-430,-374,-287,-523,38
2026-07-02T20:14:44.499,5.046077,FRAME,6200,22332,-420,-395,-321,-508,38
2026-07-02T20:14:44.500,5.046736,FRAME,6201,22333,-343,-314,-304,-569,38
2026-07-02T20:14:44.501,5.047348,FRAME,6202,22334,-340,-369,-263,-558,38
2026-07-02T20:14:44.501,5.047941,FRAME,6203,22335,-315,-333,-241,-538,38
2026-07-02T20:14:44.502,5.048556,FRAME,6204,22336,-287,-319,-237,-504,38
2026-07-02T20:14:44.502,5.049184,FRAME,6205,22337,-284,-263,-204,-494,38
2026-07-02T20:14:44.503,5.049780,FRAME,6206,22338,-275,-247,-188,-496,38
2026-07-02T20:14:44.504,5.050379,FRAME,6207,22339,-241,-270,-217,-471,38
2026-07-02T20:14:44.504,5.050989,FRAME,6208,22340,-263,-243,-206,-451,38
2026-07-02T20:14:44.505,5.051614,FRAME,6209,22341,-273,-279,-186,-459,38
2026-07-02T20:14:44.506,5.052248,FRAME,6210,22342,-304,-253,-163,-437,38
2026-07-02T20:14:44.506,5.052845,FRAME,6211,22343,-291,-273,-205,-446,38
2026-07-02T20:14:44.507,5.053435,FRAME,6212,22344,-310,-292,-204,-477,38
2026-07-02T20:14:44.507,5.054075,FRAME,6213,22345,-339,-289,-239,-475,38
2026-07-02T20:14:44.508,5.054723,FRAME,6214,22346,-364,-291,-219,-529,38
2026-07-02T20:14:44.509,5.055318,FRAME,6215,22347,-371,-329,-215,-541,38
2026-07-02T20:14:44.509,5.055914,FRAME,6216,22348,-338,-296,-233,-505,38
2026-07-02T20:14:44.510,5.056613,FRAME,6217,22349,-322,-268,-237,-543,38
2026-07-02T20:14:44.511,5.057233,FRAME,6218,22350,-294,-272,-223,-525,38
2026-07-02T20:14:44.511,5.057823,FRAME,6219,22351,-284,-262,-230,-540,38
2026-07-02T20:14:44.512,5.058439,FRAME,6220,22352,-299,-246,-241,-443,38
2026-07-02T20:14:44.512,5.059042,FRAME,6221,22353,-266,-233,-213,-508,38
2026-07-02T20:14:44.513,5.059690,FRAME,6222,22354,-237,-226,-193,-469,38
2026-07-02T20:14:44.514,5.060499,FRAME,6223,22355,-231,-223,-196,-459,38
2026-07-02T20:14:44.515,5.061370,FRAME,6224,22356,-180,-212,-165,-430,38
2026-07-02T20:14:44.515,5.062171,FRAME,6225,22357,-190,-182,-185,-454,38
2026-07-02T20:14:44.516,5.063084,FRAME,6226,22358,-176,-194,-140,-435,38
2026-07-02T20:14:44.517,5.064030,FRAME,6227,22359,-160,-179,-109,-467,38
2026-07-02T20:14:44.518,5.064966,FRAME,6228,22360,-162,-175,-158,-470,38
2026-07-02T20:14:44.519,5.065905,FRAME,6229,22361,-213,-179,-149,-447,38
2026-07-02T20:14:44.520,5.066844,FRAME,6230,22362,-178,-170,-126,-408,38
2026-07-02T20:14:44.521,5.067752,FRAME,6231,22363,-173,-189,-181,-452,38
2026-07-02T20:14:44.522,5.068704,FRAME,6232,22364,-129,-169,-166,-465,38
2026-07-02T20:14:44.562,5.108707,FRAME,6233,22365,-132,-155,-124,-444,38
2026-07-02T20:14:44.563,5.110064,FRAME,6234,22366,-72,-160,-135,-423,37
2026-07-02T20:14:44.565,5.111321,FRAME,6235,22367,-54,-176,-110,-466,37
2026-07-02T20:14:44.566,5.112577,FRAME,6236,22368,-76,-143,-112,-452,37
2026-07-02T20:14:44.567,5.113844,FRAME,6237,22369,-95,-126,-86,-455,36
2026-07-02T20:14:44.568,5.115148,FRAME,6238,22370,-80,-157,-76,-423,36
2026-07-02T20:14:44.569,5.116043,FRAME,6239,22371,-64,-101,-76,-481,36
2026-07-02T20:14:44.570,5.116919,FRAME,6240,22372,-75,-130,-132,-407,37
2026-07-02T20:14:44.571,5.117761,FRAME,6241,22373,-88,-149,-55,-420,36
2026-07-02T20:14:44.572,5.118594,FRAME,6242,22374,-34,-135,-80,-420,36
2026-07-02T20:14:44.573,5.119466,FRAME,6243,22375,-10,-118,-58,-407,36
2026-07-02T20:14:44.574,5.120297,FRAME,6244,22376,-5,-145,-18,-422,35
2026-07-02T20:14:44.574,5.121144,FRAME,6245,22377,-52,-98,-76,-411,35
2026-07-02T20:14:44.575,5.121976,FRAME,6246,22378,-77,-83,-100,-423,36
2026-07-02T20:14:44.576,5.122882,FRAME,6247,22379,-56,-152,-98,-401,36
2026-07-02T20:14:44.577,5.123763,FRAME,6248,22380,-80,-139,-52,-399,36
2026-07-02T20:14:44.578,5.124680,FRAME,6249,22381,-106,-148,-91,-455,37
2026-07-02T20:14:44.579,5.125601,FRAME,6250,22382,-138,-217,-123,-473,38
2026-07-02T20:14:44.580,5.126469,FRAME,6251,22383,-164,-199,-153,-489,38
2026-07-02T20:14:44.581,5.127396,FRAME,6252,22384,-171,-238,-162,-492,38
2026-07-02T20:14:44.582,5.128292,FRAME,6253,22385,-231,-278,-195,-505,38
2026-07-02T20:14:44.583,5.129204,FRAME,6254,22386,-273,-302,-210,-532,38
2026-07-02T20:14:44.583,5.130092,FRAME,6255,22387,-335,-332,-198,-495,38
2026-07-02T20:14:44.584,5.130998,FRAME,6256,22388,-322,-317,-228,-492,38
2026-07-02T20:14:44.585,5.131904,FRAME,6257,22389,-353,-345,-215,-456,38
2026-07-02T20:14:44.586,5.132829,FRAME,6258,22390,-385,-364,-219,-483,38
2026-07-02T20:14:44.587,5.133732,FRAME,6259,22391,-379,-331,-232,-480,38
2026-07-02T20:14:44.588,5.134661,FRAME,6260,22392,-345,-362,-260,-467,38
2026-07-02T20:14:44.589,5.135582,FRAME,6261,22393,-390,-342,-264,-501,38
2026-07-02T20:14:44.590,5.136530,FRAME,6262,22394,-419,-405,-290,-498,38
2026-07-02T20:14:44.591,5.137544,FRAME,6263,22395,-432,-375,-292,-518,38
2026-07-02T20:14:44.592,5.138442,FRAME,6264,22396,-444,-440,-262,-520,38
2026-07-02T20:14:44.593,5.139391,FRAME,6265,22397,-480,-448,-267,-510,38
2026-07-02T20:14:44.594,5.140282,FRAME,6266,22398,-508,-455,-285,-523,38
2026-07-02T20:14:44.595,5.141233,FRAME,6267,22399,-455,-458,-316,-554,38
2026-07-02T20:14:44.595,5.142174,FRAME,6268,22400,-485,-459,-353,-554,38
2026-07-02T20:14:44.596,5.143057,FRAME,6269,22401,-489,-448,-305,-549,38
2026-07-02T20:14:44.597,5.143946,FRAME,6270,22402,-516,-491,-337,-568,38
2026-07-02T20:14:44.598,5.144834,FRAME,6271,22403,-526,-538,-366,-559,38
2026-07-02T20:14:44.599,5.145721,FRAME,6272,22404,-570,-487,-346,-547,38
2026-07-02T20:14:44.600,5.146613,FRAME,6273,22405,-597,-512,-365,-522,38
2026-07-02T20:14:44.601,5.147520,FRAME,6274,22406,-611,-504,-348,-495,38
2026-07-02T20:14:44.602,5.148459,FRAME,6275,22407,-584,-499,-362,-505,38
2026-07-02T20:14:44.603,5.149359,FRAME,6276,22408,-574,-482,-348,-530,38
2026-07-02T20:14:44.603,5.150088,FRAME,6277,22409,-542,-465,-286,-538,38
2026-07-02T20:14:44.604,5.150734,FRAME,6278,22410,-616,-475,-348,-531,38
2026-07-02T20:14:44.605,5.151341,FRAME,6279,22411,-569,-487,-336,-503,38
2026-07-02T20:14:44.605,5.151938,FRAME,6280,22412,-587,-488,-353,-514,38
2026-07-02T20:14:44.606,5.152584,FRAME,6281,22413,-560,-459,-362,-516,38
2026-07-02T20:14:44.607,5.153214,FRAME,6282,22414,-583,-552,-349,-532,38
2026-07-02T20:14:44.607,5.153812,FRAME,6283,22415,-591,-527,-325,-533,38
2026-07-02T20:14:44.608,5.154816,FRAME,6284,22416,-612,-531,-389,-583,38
2026-07-02T20:14:44.609,5.155498,FRAME,6285,22417,-603,-539,-421,-584,38
2026-07-02T20:14:44.610,5.156446,FRAME,6286,22418,-629,-522,-380,-571,38
2026-07-02T20:14:44.611,5.157382,FRAME,6287,22419,-587,-535,-388,-566,38
2026-07-02T20:14:44.612,5.158403,FRAME,6288,22420,-600,-548,-451,-592,38
2026-07-02T20:14:44.613,5.159385,FRAME,6289,22421,-642,-559,-384,-551,38
2026-07-02T20:14:44.614,5.160369,FRAME,6290,22422,-629,-556,-392,-548,38
2026-07-02T20:14:44.615,5.161334,FRAME,6291,22423,-592,-494,-401,-538,38
2026-07-02T20:14:44.615,5.162185,FRAME,6292,22424,-620,-540,-396,-529,38
2026-07-02T20:14:44.616,5.163102,FRAME,6293,22425,-595,-490,-376,-521,38
2026-07-02T20:14:44.617,5.164003,FRAME,6294,22426,-593,-534,-385,-525,38
2026-07-02T20:14:44.618,5.164949,FRAME,6295,22427,-598,-467,-375,-511,38
2026-07-02T20:14:44.619,5.165876,FRAME,6296,22428,-572,-477,-339,-515,38
2026-07-02T20:14:44.620,5.166729,FRAME,6297,22429,-542,-417,-347,-494,38
2026-07-02T20:14:44.621,5.167535,FRAME,6298,22430,-478,-394,-318,-523,38
2026-07-02T20:14:44.622,5.168444,FRAME,6299,22431,-455,-379,-301,-530,38
2026-07-02T20:14:44.623,5.169362,FRAME,6300,22432,-440,-393,-283,-516,38
2026-07-02T20:14:44.623,5.170119,FRAME,6301,22433,-414,-373,-256,-555,38
2026-07-02T20:14:44.624,5.170758,FRAME,6302,22434,-385,-387,-315,-504,38
2026-07-02T20:14:44.625,5.171779,FRAME,6303,22435,-327,-387,-283,-533,38
2026-07-02T20:14:44.626,5.172693,FRAME,6304,22436,-378,-385,-284,-533,38
2026-07-02T20:14:44.627,5.173584,FRAME,6305,22437,-384,-397,-287,-495,38
2026-07-02T20:14:44.628,5.174523,FRAME,6306,22438,-437,-386,-330,-511,38
2026-07-02T20:14:44.629,5.175447,FRAME,6307,22439,-439,-394,-274,-528,38
2026-07-02T20:14:44.630,5.176374,FRAME,6308,22440,-455,-383,-301,-480,38
2026-07-02T20:14:44.631,5.177286,FRAME,6309,22441,-416,-390,-293,-494,38
2026-07-02T20:14:44.631,5.178198,FRAME,6310,22442,-430,-362,-282,-486,38
2026-07-02T20:14:44.632,5.179111,FRAME,6311,22443,-473,-334,-266,-467,38
2026-07-02T20:14:44.633,5.179726,FRAME,6312,22444,-424,-369,-253,-441,38
2026-07-02T20:14:44.634,5.180559,FRAME,6313,22445,-456,-343,-283,-442,38
2026-07-02T20:14:44.635,5.181324,FRAME,6314,22446,-375,-354,-235,-437,38
2026-07-02T20:14:44.635,5.181957,FRAME,6315,22447,-387,-362,-237,-466,38
2026-07-02T20:14:44.636,5.182603,FRAME,6316,22448,-373,-384,-219,-441,38
2026-07-02T20:14:44.637,5.183234,FRAME,6317,22449,-346,-320,-198,-442,38
2026-07-02T20:14:44.637,5.183858,FRAME,6318,22450,-342,-347,-235,-464,38
2026-07-02T20:14:44.638,5.184585,FRAME,6319,22451,-336,-307,-200,-457,38
2026-07-02T20:14:44.639,5.185538,FRAME,6320,22452,-267,-282,-185,-424,38
2026-07-02T20:14:44.640,5.186540,FRAME,6321,22453,-235,-264,-178,-475,38
2026-07-02T20:14:44.641,5.187579,FRAME,6322,22454,-210,-251,-146,-439,38
2026-07-02T20:14:44.642,5.188537,FRAME,6323,22455,-163,-206,-150,-371,38
2026-07-02T20:14:44.643,5.189233,FRAME,6324,22456,-151,-190,-126,-412,38
2026-07-02T20:14:44.643,5.189921,FRAME,6325,22457,-143,-159,-85,-419,37
2026-07-02T20:14:44.644,5.190672,FRAME,6326,22458,-73,-138,-101,-384,37
2026-07-02T20:14:44.645,5.191504,FRAME,6327,22459,-93,-102,-74,-382,36
2026-07-02T20:14:44.646,5.192289,FRAME,6328,22460,-53,-86,-81,-409,35
2026-07-02T20:14:44.646,5.192967,FRAME,6329,22461,-43,-112,-45,-383,36
2026-07-02T20:14:44.647,5.193549,FRAME,6330,22462,-47,-99,-66,-377,35
2026-07-02T20:14:44.647,5.194134,FRAME,6331,22463,10,-89,-35,-359,34
2026-07-02T20:14:44.648,5.194705,FRAME,6332,22464,-6,-91,-94,-367,34
2026-07-02T20:14:44.649,5.195264,FRAME,6333,22465,-7,-93,-45,-383,34
2026-07-02T20:14:44.649,5.195844,FRAME,6334,22466,54,-120,-46,-388,35
2026-07-02T20:14:44.650,5.196416,FRAME,6335,22467,79,-82,-35,-429,34
2026-07-02T20:14:44.650,5.196957,FRAME,6336,22468,60,-56,-9,-426,33
2026-07-02T20:14:44.651,5.197513,FRAME,6337,22469,83,-52,-11,-366,34
2026-07-02T20:14:44.651,5.198111,FRAME,6338,22470,119,-53,-31,-399,35
2026-07-02T20:14:44.652,5.198690,FRAME,6339,22471,141,-25,-11,-385,35
2026-07-02T20:14:44.653,5.199233,FRAME,6340,22472,124,8,-16,-355,33
2026-07-02T20:14:44.653,5.199778,FRAME,6341,22473,121,16,-12,-338,34
2026-07-02T20:14:44.672,5.218986,FRAME,6342,22474,120,26,37,-338,33
2026-07-02T20:14:44.673,5.219624,FRAME,6343,22475,117,17,19,-341,33
2026-07-02T20:14:44.674,5.220212,FRAME,6344,22476,116,12,6,-319,32
2026-07-02T20:14:44.674,5.220788,FRAME,6345,22477,102,19,8,-338,32
2026-07-02T20:14:44.675,5.221422,FRAME,6346,22478,100,-100,-10,-346,36
2026-07-02T20:14:44.675,5.221999,FRAME,6347,22479,106,-52,-60,-382,35
2026-07-02T20:14:44.676,5.222548,FRAME,6348,22480,26,-94,-16,-383,34
2026-07-02T20:14:44.676,5.223086,FRAME,6349,22481,56,-82,-54,-412,34
2026-07-02T20:14:44.677,5.223692,FRAME,6350,22482,25,-131,-22,-438,35
2026-07-02T20:14:44.678,5.224293,FRAME,6351,22483,-38,-124,-110,-398,37
2026-07-02T20:14:44.678,5.224904,FRAME,6352,22484,-67,-157,-106,-425,37
2026-07-02T20:14:44.679,5.225517,FRAME,6353,22485,-88,-186,-104,-480,37
2026-07-02T20:14:44.679,5.226145,FRAME,6354,22486,-113,-204,-138,-470,38
2026-07-02T20:14:44.680,5.226759,FRAME,6355,22487,-139,-221,-147,-459,38
2026-07-02T20:14:44.681,5.227359,FRAME,6356,22488,-196,-233,-169,-496,38
2026-07-02T20:14:44.681,5.227966,FRAME,6357,22489,-212,-240,-182,-444,38
2026-07-02T20:14:44.682,5.228603,FRAME,6358,22490,-227,-245,-136,-466,38
2026-07-02T20:14:44.683,5.229373,FRAME,6359,22491,-201,-264,-173,-432,38
2026-07-02T20:14:44.683,5.230126,FRAME,6360,22492,-225,-259,-173,-466,38
2026-07-02T20:14:44.684,5.230740,FRAME,6361,22493,-239,-297,-169,-477,38
2026-07-02T20:14:44.685,5.231454,FRAME,6362,22494,-253,-324,-223,-468,38
2026-07-02T20:14:44.685,5.232067,FRAME,6363,22495,-285,-290,-202,-504,38
2026-07-02T20:14:44.686,5.232675,FRAME,6364,22496,-288,-322,-211,-516,38
2026-07-02T20:14:44.687,5.233267,FRAME,6365,22497,-329,-363,-223,-498,38
2026-07-02T20:14:44.687,5.233925,FRAME,6366,22498,-342,-352,-267,-493,38
2026-07-02T20:14:44.688,5.234545,FRAME,6367,22499,-345,-395,-260,-510,38
2026-07-02T20:14:44.688,5.235156,FRAME,6368,22500,-372,-370,-295,-534,38
2026-07-02T20:14:44.689,5.235765,FRAME,6369,22501,-387,-412,-290,-541,38
2026-07-02T20:14:44.690,5.236367,FRAME,6370,22502,-391,-449,-290,-557,38
2026-07-02T20:14:44.690,5.236963,FRAME,6371,22503,-412,-417,-267,-527,38
2026-07-02T20:14:44.691,5.238007,FRAME,6372,22504,-401,-446,-281,-533,38
2026-07-02T20:14:44.692,5.238609,FRAME,6373,22505,-455,-408,-314,-532,38
2026-07-02T20:14:44.693,5.239478,FRAME,6374,22506,-440,-383,-307,-544,38
2026-07-02T20:14:44.694,5.240416,FRAME,6375,22507,-433,-400,-277,-498,38
2026-07-02T20:14:44.695,5.241399,FRAME,6376,22508,-480,-427,-293,-537,38
2026-07-02T20:14:44.696,5.242777,FRAME,6377,22509,-468,-434,-310,-497,38
2026-07-02T20:14:44.697,5.244165,FRAME,6378,22510,-468,-362,-304,-504,38
2026-07-02T20:14:44.698,5.245014,FRAME,6379,22511,-448,-403,-300,-540,38
2026-07-02T20:14:44.699,5.245915,FRAME,6380,22512,-466,-431,-305,-514,38
2026-07-02T20:14:44.700,5.246839,FRAME,6381,22513,-495,-438,-312,-513,38
2026-07-02T20:14:44.701,5.247741,FRAME,6382,22514,-507,-449,-340,-531,38
2026-07-02T20:14:44.702,5.248624,FRAME,6383,22515,-480,-440,-304,-553,38
2026-07-02T20:14:44.703,5.249371,FRAME,6384,22516,-525,-439,-318,-523,38
2026-07-02T20:14:44.704,5.250373,FRAME,6385,22517,-494,-436,-346,-546,38
2026-07-02T20:14:44.705,5.251261,FRAME,6386,22518,-516,-403,-304,-566,38
2026-07-02T20:14:44.705,5.252138,FRAME,6387,22519,-531,-461,-333,-563,38
2026-07-02T20:14:44.706,5.252830,FRAME,6388,22520,-516,-424,-349,-574,38
2026-07-02T20:14:44.707,5.253499,FRAME,6389,22521,-465,-425,-324,-518,38
2026-07-02T20:14:44.708,5.254641,FRAME,6390,22522,-410,-388,-312,-520,38
2026-07-02T20:14:44.709,5.255606,FRAME,6391,22523,-400,-398,-278,-478,38
2026-07-02T20:14:44.710,5.256528,FRAME,6392,22524,-373,-329,-217,-461,38
2026-07-02T20:14:44.711,5.257710,FRAME,6393,22525,-344,-321,-242,-432,38
2026-07-02T20:14:44.712,5.258634,FRAME,6394,22526,-300,-326,-182,-455,38
2026-07-02T20:14:44.713,5.259630,FRAME,6395,22527,-274,-283,-173,-442,38
2026-07-02T20:14:44.714,5.260564,FRAME,6396,22528,-254,-320,-222,-473,38
2026-07-02T20:14:44.715,5.261243,FRAME,6397,22529,-302,-341,-217,-456,38
2026-07-02T20:14:44.715,5.262017,FRAME,6398,22530,-301,-327,-206,-476,38
2026-07-02T20:14:44.716,5.262625,FRAME,6399,22531,-297,-320,-220,-475,38
2026-07-02T20:14:44.717,5.263239,FRAME,6400,22532,-335,-348,-202,-469,38
2026-07-02T20:14:44.717,5.263897,FRAME,6401,22533,-289,-315,-233,-482,38
2026-07-02T20:14:44.718,5.264514,FRAME,6402,22534,-347,-383,-224,-501,38
2026-07-02T20:14:44.718,5.265184,FRAME,6403,22535,-328,-344,-183,-537,38
2026-07-02T20:14:44.719,5.265849,FRAME,6404,22536,-316,-289,-210,-479,38
2026-07-02T20:14:44.720,5.266527,FRAME,6405,22537,-329,-315,-232,-483,38
2026-07-02T20:14:44.721,5.267260,FRAME,6406,22538,-328,-256,-173,-469,38
2026-07-02T20:14:44.721,5.267924,FRAME,6407,22539,-297,-241,-223,-446,38
2026-07-02T20:14:44.722,5.268732,FRAME,6408,22540,-249,-216,-175,-475,38
2026-07-02T20:14:44.723,5.269481,FRAME,6409,22541,-297,-256,-176,-469,38
2026-07-02T20:14:44.724,5.270337,FRAME,6410,22542,-265,-182,-172,-450,38
2026-07-02T20:14:44.724,5.271114,FRAME,6411,22543,-248,-213,-180,-476,38
2026-07-02T20:14:44.725,5.271795,FRAME,6412,22544,-217,-219,-170,-460,38
2026-07-02T20:14:44.726,5.272447,FRAME,6413,22545,-238,-209,-152,-445,38
2026-07-02T20:14:44.726,5.273110,FRAME,6414,22546,-220,-217,-208,-482,38
2026-07-02T20:14:44.727,5.273887,FRAME,6415,22547,-184,-199,-131,-446,38
2026-07-02T20:14:44.728,5.274557,FRAME,6416,22548,-183,-184,-133,-504,38
2026-07-02T20:14:44.729,5.275245,FRAME,6417,22549,-138,-119,-129,-468,38
2026-07-02T20:14:44.729,5.275902,FRAME,6418,22550,-90,-154,-120,-455,37
2026-07-02T20:14:44.730,5.276576,FRAME,6419,22551,-97,-127,-109,-429,37
2026-07-02T20:14:44.731,5.277258,FRAME,6420,22552,-74,-116,-71,-420,36
2026-07-02T20:14:44.731,5.277916,FRAME,6421,22553,-28,-73,-65,-412,35
2026-07-02T20:14:44.732,5.278553,FRAME,6422,22554,16,-59,-47,-377,34
2026-07-02T20:14:44.733,5.279711,FRAME,6423,22555,-4,-61,-60,-382,34
2026-07-02T20:14:44.734,5.280885,FRAME,6424,22556,61,-35,-8,-385,33
2026-07-02T20:14:44.735,5.282135,FRAME,6425,22557,40,-11,-17,-378,34
2026-07-02T20:14:44.737,5.283333,FRAME,6426,22558,83,-13,-5,-360,33
2026-07-02T20:14:44.738,5.284436,FRAME,6427,22559,118,-1,61,-372,33
2026-07-02T20:14:44.739,5.285538,FRAME,6428,22560,148,58,45,-364,33
2026-07-02T20:14:44.740,5.286670,FRAME,6429,22561,137,31,14,-324,33
2026-07-02T20:14:44.741,5.287768,FRAME,6430,22562,141,38,40,-386,33
2026-07-02T20:14:44.742,5.288859,FRAME,6431,22563,156,21,38,-371,33
2026-07-02T20:14:44.743,5.289966,FRAME,6432,22564,104,-7,-19,-359,34
2026-07-02T20:14:44.744,5.290750,FRAME,6433,22565,104,-1,5,-355,32
2026-07-02T20:14:44.745,5.291563,FRAME,6434,22566,111,40,40,-380,33
2026-07-02T20:14:44.746,5.292382,FRAME,6435,22567,177,17,58,-379,33
2026-07-02T20:14:44.746,5.293155,FRAME,6436,22568,137,47,34,-396,33
2026-07-02T20:14:44.747,5.293929,FRAME,6437,22569,134,37,24,-405,33
2026-07-02T20:14:44.748,5.294710,FRAME,6438,22570,147,33,10,-371,33
2026-07-02T20:14:44.749,5.295489,FRAME,6439,22571,173,-14,31,-373,34
2026-07-02T20:14:44.750,5.296262,FRAME,6440,22572,127,-3,26,-365,33
2026-07-02T20:14:44.750,5.297029,FRAME,6441,22573,117,-9,39,-386,33
2026-07-02T20:14:44.751,5.297811,FRAME,6442,22574,129,48,21,-379,33
2026-07-02T20:14:44.752,5.298567,FRAME,6443,22575,105,34,8,-361,32
2026-07-02T20:14:44.753,5.299370,FRAME,6444,22576,82,-20,-49,-362,34
2026-07-02T20:14:44.753,5.300170,FRAME,6445,22577,90,-32,-33,-404,34
2026-07-02T20:14:44.754,5.300951,FRAME,6446,22578,27,-50,-23,-421,34
2026-07-02T20:14:44.755,5.301796,FRAME,6447,22579,-6,-110,-79,-403,35
2026-07-02T20:14:44.756,5.302605,FRAME,6448,22580,-20,-45,-93,-417,35
2026-07-02T20:14:44.757,5.303478,FRAME,6449,22581,-26,-127,-100,-418,37
2026-07-02T20:14:44.758,5.304328,FRAME,6450,22582,-43,-112,-97,-441,36
2026-07-02T20:14:44.758,5.305175,FRAME,6451,22583,-52,-129,-80,-435,36
2026-07-02T20:14:44.759,5.306025,FRAME,6452,22584,-69,-132,-65,-488,36
2026-07-02T20:14:44.781,5.327626,FRAME,6453,22585,-85,-185,-74,-463,36
2026-07-02T20:14:44.782,5.328719,FRAME,6454,22586,-94,-119,-101,-459,37
2026-07-02T20:14:44.783,5.329633,FRAME,6455,22587,-150,-172,-101,-435,38
2026-07-02T20:14:44.784,5.330551,FRAME,6456,22588,-159,-175,-147,-455,38
2026-07-02T20:14:44.785,5.331456,FRAME,6457,22589,-182,-183,-120,-452,38
2026-07-02T20:14:44.786,5.332353,FRAME,6458,22590,-193,-158,-130,-446,38
2026-07-02T20:14:44.787,5.333275,FRAME,6459,22591,-174,-183,-150,-447,38
2026-07-02T20:14:44.787,5.334122,FRAME,6460,22592,-219,-153,-142,-446,38
2026-07-02T20:14:44.788,5.334933,FRAME,6461,22593,-209,-224,-128,-474,38
2026-07-02T20:14:44.789,5.335873,FRAME,6462,22594,-284,-199,-135,-464,38
2026-07-02T20:14:44.790,5.336773,FRAME,6463,22595,-257,-250,-176,-432,38
2026-07-02T20:14:44.791,5.337374,FRAME,6464,22596,-294,-265,-178,-478,38
2026-07-02T20:14:44.792,5.338304,FRAME,6465,22597,-297,-266,-189,-477,38
2026-07-02T20:14:44.792,5.338943,FRAME,6466,22598,-288,-247,-187,-495,38
2026-07-02T20:14:44.793,5.339900,FRAME,6467,22599,-295,-259,-200,-501,38
2026-07-02T20:14:44.794,5.340863,FRAME,6468,22600,-294,-295,-211,-505,38
2026-07-02T20:14:44.795,5.341876,FRAME,6469,22601,-305,-288,-223,-520,38
2026-07-02T20:14:44.796,5.342825,FRAME,6470,22602,-320,-315,-222,-510,38
2026-07-02T20:14:44.797,5.343819,FRAME,6471,22603,-291,-322,-205,-514,38
2026-07-02T20:14:44.798,5.344739,FRAME,6472,22604,-318,-254,-169,-494,38
2026-07-02T20:14:44.799,5.345670,FRAME,6473,22605,-327,-262,-206,-463,38
2026-07-02T20:14:44.800,5.346459,FRAME,6474,22606,-309,-217,-170,-443,38
2026-07-02T20:14:44.800,5.347064,FRAME,6475,22607,-298,-204,-179,-482,38
2026-07-02T20:14:44.801,5.347725,FRAME,6476,22608,-234,-199,-123,-457,38
2026-07-02T20:14:44.802,5.348315,FRAME,6477,22609,-211,-173,-65,-468,37
2026-07-02T20:14:44.802,5.348959,FRAME,6478,22610,-243,-192,-118,-475,38
2026-07-02T20:14:44.803,5.349668,FRAME,6479,22611,-194,-208,-126,-440,38
2026-07-02T20:14:44.804,5.350394,FRAME,6480,22612,-248,-238,-157,-474,38
2026-07-02T20:14:44.805,5.351508,FRAME,6481,22613,-256,-222,-165,-481,38
2026-07-02T20:14:44.806,5.352593,FRAME,6482,22614,-258,-262,-187,-491,38
2026-07-02T20:14:44.807,5.353739,FRAME,6483,22615,-297,-290,-181,-512,38
2026-07-02T20:14:44.808,5.354884,FRAME,6484,22616,-288,-298,-202,-509,38
2026-07-02T20:14:44.809,5.355998,FRAME,6485,22617,-276,-318,-207,-488,38
2026-07-02T20:14:44.810,5.357140,FRAME,6486,22618,-269,-309,-200,-525,38
2026-07-02T20:14:44.812,5.358261,FRAME,6487,22619,-291,-303,-198,-474,38
2026-07-02T20:14:44.813,5.359384,FRAME,6488,22620,-263,-281,-172,-488,38
2026-07-02T20:14:44.814,5.360522,FRAME,6489,22621,-312,-307,-213,-494,38
2026-07-02T20:14:44.815,5.361646,FRAME,6490,22622,-276,-329,-181,-466,38
2026-07-02T20:14:44.816,5.362791,FRAME,6491,22623,-292,-314,-181,-452,38
2026-07-02T20:14:44.817,5.363939,FRAME,6492,22624,-297,-275,-146,-429,38
2026-07-02T20:14:44.818,5.365086,FRAME,6493,22625,-270,-268,-136,-424,38
2026-07-02T20:14:44.820,5.366216,FRAME,6494,22626,-259,-231,-138,-442,38
2026-07-02T20:14:44.821,5.367356,FRAME,6495,22627,-271,-302,-133,-445,38
2026-07-02T20:14:44.822,5.368490,FRAME,6496,22628,-236,-269,-131,-451,38
2026-07-02T20:14:44.823,5.369531,FRAME,6497,22629,-269,-241,-155,-466,38
2026-07-02T20:14:44.823,5.370144,FRAME,6498,22630,-258,-295,-154,-446,38
2026-07-02T20:14:44.824,5.370739,FRAME,6499,22631,-231,-273,-156,-461,38
2026-07-02T20:14:44.825,5.371336,FRAME,6500,22632,-229,-278,-140,-438,38
2026-07-02T20:14:44.825,5.371927,FRAME,6501,22633,-237,-302,-138,-454,38
2026-07-02T20:14:44.826,5.372542,FRAME,6502,22634,-233,-310,-143,-484,38
2026-07-02T20:14:44.826,5.373164,FRAME,6503,22635,-227,-279,-146,-472,38
2026-07-02T20:14:44.827,5.373776,FRAME,6504,22636,-274,-300,-132,-447,38
2026-07-02T20:14:44.828,5.374395,FRAME,6505,22637,-204,-294,-156,-413,38
2026-07-02T20:14:44.828,5.375075,FRAME,6506,22638,-207,-220,-94,-423,37
2026-07-02T20:14:44.829,5.375823,FRAME,6507,22639,-226,-217,-86,-468,37
2026-07-02T20:14:44.830,5.376547,FRAME,6508,22640,-206,-273,-101,-410,38
2026-07-02T20:14:44.830,5.377160,FRAME,6509,22641,-218,-198,-111,-435,38
2026-07-02T20:14:44.831,5.377740,FRAME,6510,22642,-204,-238,-90,-431,37
2026-07-02T20:14:44.832,5.378345,FRAME,6511,22643,-187,-224,-110,-430,38
2026-07-02T20:14:44.832,5.378934,FRAME,6512,22644,-157,-198,-119,-382,38
2026-07-02T20:14:44.833,5.379515,FRAME,6513,22645,-165,-205,-74,-432,37
2026-07-02T20:14:44.833,5.380108,FRAME,6514,22646,-139,-184,-78,-386,37
2026-07-02T20:14:44.834,5.380714,FRAME,6515,22647,-147,-183,-111,-435,38
2026-07-02T20:14:44.835,5.381297,FRAME,6516,22648,-105,-184,-96,-458,37
2026-07-02T20:14:44.835,5.381879,FRAME,6517,22649,-91,-179,-104,-453,37
2026-07-02T20:14:44.836,5.382440,FRAME,6518,22650,-55,-150,-78,-452,36
2026-07-02T20:14:44.836,5.383031,FRAME,6519,22651,-77,-185,-120,-434,37
2026-07-02T20:14:44.837,5.383633,FRAME,6520,22652,-86,-171,-134,-419,37
2026-07-02T20:14:44.838,5.384232,FRAME,6521,22653,-116,-161,-91,-436,37
2026-07-02T20:14:44.838,5.384812,FRAME,6522,22654,-107,-141,-97,-445,37
2026-07-02T20:14:44.839,5.385421,FRAME,6523,22655,-103,-184,-91,-401,37
2026-07-02T20:14:44.839,5.386021,FRAME,6524,22656,-101,-111,-180,-437,38
2026-07-02T20:14:44.840,5.386614,FRAME,6525,22657,-114,-166,-103,-439,38
2026-07-02T20:14:44.841,5.387225,FRAME,6526,22658,-142,-171,-120,-421,38
2026-07-02T20:14:44.841,5.387820,FRAME,6527,22659,-135,-205,-136,-442,38
2026-07-02T20:14:44.842,5.388431,FRAME,6528,22660,-194,-200,-160,-455,38
2026-07-02T20:14:44.842,5.389028,FRAME,6529,22661,-234,-240,-182,-489,38
2026-07-02T20:14:44.843,5.389643,FRAME,6530,22662,-261,-271,-233,-480,38
2026-07-02T20:14:44.844,5.390254,FRAME,6531,22663,-274,-284,-222,-445,38
2026-07-02T20:14:44.844,5.390876,FRAME,6532,22664,-253,-308,-210,-497,38
2026-07-02T20:14:44.845,5.391499,FRAME,6533,22665,-287,-275,-236,-493,38
2026-07-02T20:14:44.845,5.392125,FRAME,6534,22666,-282,-232,-242,-546,38
2026-07-02T20:14:44.846,5.392730,FRAME,6535,22667,-293,-301,-234,-508,38
2026-07-02T20:14:44.847,5.393324,FRAME,6536,22668,-344,-279,-261,-503,38
2026-07-02T20:14:44.847,5.393913,FRAME,6537,22669,-304,-301,-247,-504,38
2026-07-02T20:14:44.848,5.394518,FRAME,6538,22670,-346,-291,-287,-517,38
2026-07-02T20:14:44.848,5.395186,FRAME,6539,22671,-359,-335,-262,-529,38
2026-07-02T20:14:44.849,5.395787,FRAME,6540,22672,-371,-317,-249,-484,38
2026-07-02T20:14:44.850,5.396380,FRAME,6541,22673,-332,-321,-317,-501,38
2026-07-02T20:14:44.850,5.396972,FRAME,6542,22674,-339,-335,-244,-471,38
2026-07-02T20:14:44.851,5.397573,FRAME,6543,22675,-382,-297,-321,-481,38
2026-07-02T20:14:44.851,5.398183,FRAME,6544,22676,-388,-319,-315,-452,38
2026-07-02T20:14:44.852,5.398788,FRAME,6545,22677,-387,-358,-296,-471,38
2026-07-02T20:14:44.853,5.399395,FRAME,6546,22678,-398,-365,-295,-526,38
2026-07-02T20:14:44.853,5.399997,FRAME,6547,22679,-406,-355,-307,-517,38
2026-07-02T20:14:44.854,5.400596,FRAME,6548,22680,-446,-373,-301,-523,38
2026-07-02T20:14:44.855,5.401203,FRAME,6549,22681,-397,-317,-296,-541,38
2026-07-02T20:14:44.855,5.401796,FRAME,6550,22682,-414,-367,-301,-565,38
2026-07-02T20:14:44.856,5.402787,FRAME,6551,22683,-398,-375,-319,-514,38
2026-07-02T20:14:44.857,5.403388,FRAME,6552,22684,-364,-387,-300,-513,38
2026-07-02T20:14:44.858,5.404218,FRAME,6553,22685,-397,-386,-334,-526,38
2026-07-02T20:14:44.859,5.405311,FRAME,6554,22686,-411,-406,-344,-554,38
2026-07-02T20:14:44.860,5.406306,FRAME,6555,22687,-416,-388,-325,-502,38
2026-07-02T20:14:44.861,5.407345,FRAME,6556,22688,-438,-378,-297,-476,38
2026-07-02T20:14:44.862,5.408299,FRAME,6557,22689,-391,-395,-279,-524,38
2026-07-02T20:14:44.862,5.409161,FRAME,6558,22690,-373,-370,-233,-476,38
2026-07-02T20:14:44.863,5.410056,FRAME,6559,22691,-344,-322,-211,-473,38
2026-07-02T20:14:44.890,5.437156,FRAME,6560,22692,-278,-283,-178,-457,38
2026-07-02T20:14:44.891,5.437915,FRAME,6561,22693,-287,-280,-148,-474,38
2026-07-02T20:14:44.892,5.438812,FRAME,6562,22694,-267,-224,-191,-427,38
2026-07-02T20:14:44.893,5.439572,FRAME,6563,22695,-232,-284,-154,-465,38
2026-07-02T20:14:44.894,5.440204,FRAME,6564,22696,-268,-311,-179,-478,38
2026-07-02T20:14:44.894,5.440830,FRAME,6565,22697,-266,-262,-216,-468,38
2026-07-02T20:14:44.895,5.441451,FRAME,6566,22698,-250,-311,-206,-466,38
2026-07-02T20:14:44.895,5.442066,FRAME,6567,22699,-263,-346,-202,-491,38
2026-07-02T20:14:44.896,5.442752,FRAME,6568,22700,-299,-324,-198,-522,38
2026-07-02T20:14:44.897,5.443369,FRAME,6569,22701,-331,-302,-194,-522,38
2026-07-02T20:14:44.897,5.443980,FRAME,6570,22702,-289,-336,-218,-521,38
2026-07-02T20:14:44.898,5.444592,FRAME,6571,22703,-313,-322,-237,-484,38
2026-07-02T20:14:44.899,5.445272,FRAME,6572,22704,-300,-308,-243,-467,38
2026-07-02T20:14:44.899,5.445890,FRAME,6573,22705,-265,-307,-218,-466,38
2026-07-02T20:14:44.900,5.446501,FRAME,6574,22706,-270,-297,-245,-461,38
2026-07-02T20:14:44.900,5.447122,FRAME,6575,22707,-248,-274,-187,-458,38
2026-07-02T20:14:44.901,5.447835,FRAME,6576,22708,-266,-296,-221,-447,38
2026-07-02T20:14:44.902,5.448450,FRAME,6577,22709,-250,-306,-188,-479,38
2026-07-02T20:14:44.903,5.449221,FRAME,6578,22710,-264,-288,-196,-439,38
2026-07-02T20:14:44.903,5.449879,FRAME,6579,22711,-237,-304,-210,-416,38
2026-07-02T20:14:44.904,5.450491,FRAME,6580,22712,-230,-293,-188,-450,38
2026-07-02T20:14:44.904,5.451147,FRAME,6581,22713,-230,-290,-187,-430,38
2026-07-02T20:14:44.905,5.451758,FRAME,6582,22714,-249,-230,-145,-462,38
2026-07-02T20:14:44.906,5.452368,FRAME,6583,22715,-178,-225,-188,-469,38
2026-07-02T20:14:44.906,5.452971,FRAME,6584,22716,-179,-220,-165,-463,38
2026-07-02T20:14:44.907,5.453563,FRAME,6585,22717,-177,-199,-133,-437,38
2026-07-02T20:14:44.907,5.454176,FRAME,6586,22718,-139,-137,-116,-484,38
2026-07-02T20:14:44.908,5.454763,FRAME,6587,22719,-113,-138,-83,-451,37
2026-07-02T20:14:44.909,5.455333,FRAME,6588,22720,-61,-135,-81,-428,36
2026-07-02T20:14:44.909,5.455920,FRAME,6589,22721,-69,-104,-62,-412,36
2026-07-02T20:14:44.910,5.456499,FRAME,6590,22722,-16,-81,-40,-400,35
2026-07-02T20:14:44.910,5.457061,FRAME,6591,22723,-3,-94,-29,-397,34
2026-07-02T20:14:44.911,5.457613,FRAME,6592,22724,25,-31,-29,-368,34
2026-07-02T20:14:44.911,5.458136,FRAME,6593,22725,5,-46,0,-395,31
2026-07-02T20:14:44.912,5.458688,FRAME,6594,22726,36,-4,-27,-371,33
2026-07-02T20:14:44.913,5.459238,FRAME,6595,22727,88,-17,-18,-336,34
2026-07-02T20:14:44.913,5.459750,FRAME,6596,22728,76,11,-5,-349,32
2026-07-02T20:14:44.914,5.460287,FRAME,6597,22729,54,-22,-17,-355,34
2026-07-02T20:14:44.914,5.460814,FRAME,6598,22730,46,-6,-64,-417,33
2026-07-02T20:14:44.915,5.461325,FRAME,6599,22731,94,39,16,-435,32
2026-07-02T20:14:44.915,5.461849,FRAME,6600,22732,114,13,14,-352,33
2026-07-02T20:14:44.916,5.462358,FRAME,6601,22733,90,24,33,-383,32
2026-07-02T20:14:44.916,5.462899,FRAME,6602,22734,124,-23,28,-394,34
2026-07-02T20:14:44.917,5.463485,FRAME,6603,22735,131,68,30,-361,33
2026-07-02T20:14:44.917,5.464015,FRAME,6604,22736,150,60,49,-393,33
2026-07-02T20:14:44.918,5.464541,FRAME,6605,22737,127,58,30,-366,33
2026-07-02T20:14:44.918,5.465112,FRAME,6606,22738,104,89,32,-387,33
2026-07-02T20:14:44.919,5.465758,FRAME,6607,22739,151,45,28,-354,33
2026-07-02T20:14:44.920,5.466315,FRAME,6608,22740,139,72,31,-352,33
2026-07-02T20:14:44.920,5.466824,FRAME,6609,22741,96,19,19,-336,32
2026-07-02T20:14:44.921,5.467347,FRAME,6610,22742,101,50,-1,-346,33
2026-07-02T20:14:44.921,5.467875,FRAME,6611,22743,59,29,-39,-383,33
2026-07-02T20:14:44.922,5.468396,FRAME,6612,22744,74,1,-21,-406,32
2026-07-02T20:14:44.922,5.468987,FRAME,6613,22745,24,18,-63,-387,33
2026-07-02T20:14:44.923,5.469537,FRAME,6614,22746,35,13,-35,-426,33
2026-07-02T20:14:44.923,5.470062,FRAME,6615,22747,-13,0,-49,-375,33
2026-07-02T20:14:44.924,5.470632,FRAME,6616,22748,-79,-71,-86,-441,35
2026-07-02T20:14:44.925,5.471230,FRAME,6617,22749,-20,-108,-93,-443,36
2026-07-02T20:14:44.925,5.471792,FRAME,6618,22750,-24,-82,-74,-438,35
2026-07-02T20:14:44.926,5.472381,FRAME,6619,22751,-90,-101,-101,-427,37
2026-07-02T20:14:44.926,5.472959,FRAME,6620,22752,-73,-98,-118,-439,36
2026-07-02T20:14:44.927,5.473513,FRAME,6621,22753,-88,-96,-80,-432,35
2026-07-02T20:14:44.927,5.474132,FRAME,6622,22754,-112,-100,-118,-426,38
2026-07-02T20:14:44.928,5.474753,FRAME,6623,22755,-110,-138,-127,-407,38
2026-07-02T20:14:44.929,5.475344,FRAME,6624,22756,-128,-57,-123,-429,37
2026-07-02T20:14:44.929,5.475943,FRAME,6625,22757,-149,-137,-139,-412,38
2026-07-02T20:14:44.930,5.476535,FRAME,6626,22758,-115,-128,-65,-436,37
2026-07-02T20:14:44.930,5.477171,FRAME,6627,22759,-100,-121,-127,-437,38
2026-07-02T20:14:44.931,5.477769,FRAME,6628,22760,-135,-132,-168,-429,38
2026-07-02T20:14:44.932,5.478369,FRAME,6629,22761,-129,-108,-134,-454,38
2026-07-02T20:14:44.932,5.478960,FRAME,6630,22762,-208,-142,-97,-447,37
2026-07-02T20:14:44.933,5.479610,FRAME,6631,22763,-162,-150,-164,-451,38
2026-07-02T20:14:44.934,5.480221,FRAME,6632,22764,-220,-151,-186,-433,38
2026-07-02T20:14:44.934,5.480813,FRAME,6633,22765,-175,-153,-132,-473,38
2026-07-02T20:14:44.935,5.481414,FRAME,6634,22766,-142,-193,-134,-452,38
2026-07-02T20:14:44.935,5.482133,FRAME,6635,22767,-189,-173,-149,-471,38
2026-07-02T20:14:44.936,5.482861,FRAME,6636,22768,-178,-177,-188,-500,38
2026-07-02T20:14:44.937,5.483444,FRAME,6637,22769,-196,-102,-99,-497,37
2026-07-02T20:14:44.937,5.484042,FRAME,6638,22770,-211,-125,-140,-486,38
2026-07-02T20:14:44.938,5.484693,FRAME,6639,22771,-167,-100,-123,-473,38
2026-07-02T20:14:44.939,5.485336,FRAME,6640,22772,-187,-111,-121,-423,38
2026-07-02T20:14:44.939,5.485928,FRAME,6641,22773,-188,-90,-126,-449,37
2026-07-02T20:14:44.940,5.486509,FRAME,6642,22774,-135,-89,-87,-423,36
2026-07-02T20:14:44.940,5.487116,FRAME,6643,22775,-114,-71,-98,-415,36
2026-07-02T20:14:44.941,5.487737,FRAME,6644,22776,-108,-61,-106,-424,37
2026-07-02T20:14:44.942,5.488292,FRAME,6645,22777,-66,-95,-78,-413,35
2026-07-02T20:14:44.942,5.488874,FRAME,6646,22778,-99,-142,-124,-480,37
2026-07-02T20:14:44.943,5.489485,FRAME,6647,22779,-151,-179,-151,-446,38
2026-07-02T20:14:44.943,5.490128,FRAME,6648,22780,-176,-133,-101,-439,38
2026-07-02T20:14:44.944,5.490801,FRAME,6649,22781,-160,-152,-147,-483,38
2026-07-02T20:14:44.945,5.491418,FRAME,6650,22782,-141,-153,-136,-469,38
2026-07-02T20:14:44.945,5.492039,FRAME,6651,22783,-213,-198,-144,-486,38
2026-07-02T20:14:44.946,5.492754,FRAME,6652,22784,-228,-236,-146,-490,38
2026-07-02T20:14:44.947,5.493366,FRAME,6653,22785,-203,-229,-136,-485,38
2026-07-02T20:14:44.947,5.493971,FRAME,6654,22786,-208,-246,-140,-501,38
2026-07-02T20:14:44.948,5.494571,FRAME,6655,22787,-206,-239,-157,-491,38
2026-07-02T20:14:44.948,5.495188,FRAME,6656,22788,-252,-213,-158,-473,38
2026-07-02T20:14:44.949,5.495810,FRAME,6657,22789,-245,-234,-122,-481,38
2026-07-02T20:14:44.950,5.496410,FRAME,6658,22790,-253,-234,-132,-449,38
2026-07-02T20:14:44.950,5.497054,FRAME,6659,22791,-182,-255,-162,-422,38
2026-07-02T20:14:44.951,5.497710,FRAME,6660,22792,-215,-213,-142,-445,38
2026-07-02T20:14:44.952,5.498300,FRAME,6661,22793,-258,-263,-87,-441,37
2026-07-02T20:14:44.952,5.498899,FRAME,6662,22794,-199,-192,-130,-431,38
2026-07-02T20:14:44.953,5.499500,FRAME,6663,22795,-247,-251,-122,-430,38
2026-07-02T20:14:44.953,5.500090,FRAME,6664,22796,-210,-207,-95,-458,37
2026-07-02T20:14:44.954,5.500707,FRAME,6665,22797,-188,-182,-141,-492,38
2026-07-02T20:14:44.955,5.501834,FRAME,6666,22798,-221,-185,-89,-483,37
2026-07-02T20:14:44.956,5.502510,FRAME,6667,22799,-175,-154,-103,-437,38
2026-07-02T20:14:44.957,5.503415,FRAME,6668,22800,-191,-210,-90,-459,37
2026-07-02T20:14:44.958,5.504340,FRAME,6669,22801,-166,-136,-104,-453,38
2026-07-02T20:14:44.959,5.505231,FRAME,6670,22802,-135,-158,-96,-494,37
2026-07-02T20:14:44.998,5.545091,FRAME,6671,22803,-160,-198,-90,-446,37
2026-07-02T20:14:44.999,5.545820,FRAME,6672,22804,-132,-192,-117,-426,38
2026-07-02T20:14:45.000,5.546497,FRAME,6673,22805,-91,-147,-106,-438,37
2026-07-02T20:14:45.000,5.547178,FRAME,6674,22806,-66,-142,-75,-409,36
2026-07-02T20:14:45.001,5.547827,FRAME,6675,22807,-112,-158,-115,-421,38
2026-07-02T20:14:45.002,5.548448,FRAME,6676,22808,-134,-149,-69,-433,37
2026-07-02T20:14:45.002,5.549047,FRAME,6677,22809,-114,-157,-66,-436,37
2026-07-02T20:14:45.003,5.549644,FRAME,6678,22810,-101,-156,-71,-427,37
2026-07-02T20:14:45.004,5.550273,FRAME,6679,22811,-124,-215,-71,-404,37
2026-07-02T20:14:45.004,5.550921,FRAME,6680,22812,-107,-227,-152,-421,38
2026-07-02T20:14:45.005,5.551526,FRAME,6681,22813,-88,-219,-115,-441,37
2026-07-02T20:14:45.005,5.552137,FRAME,6682,22814,-99,-190,-113,-428,37
2026-07-02T20:14:45.006,5.552738,FRAME,6683,22815,-68,-146,-121,-426,37
2026-07-02T20:14:45.007,5.553337,FRAME,6684,22816,-62,-181,-114,-425,37
2026-07-02T20:14:45.007,5.553930,FRAME,6685,22817,-32,-139,-110,-442,37
2026-07-02T20:14:45.008,5.554519,FRAME,6686,22818,-39,-136,-95,-476,36
2026-07-02T20:14:45.008,5.555121,FRAME,6687,22819,-78,-162,-119,-443,37
2026-07-02T20:14:45.009,5.555714,FRAME,6688,22820,-47,-179,-115,-404,37
2026-07-02T20:14:45.010,5.556297,FRAME,6689,22821,-60,-141,-82,-429,36
2026-07-02T20:14:45.010,5.556883,FRAME,6690,22822,-98,-161,-107,-402,37
2026-07-02T20:14:45.011,5.557475,FRAME,6691,22823,-75,-147,-69,-440,36
2026-07-02T20:14:45.011,5.558084,FRAME,6692,22824,-89,-122,-131,-390,37
2026-07-02T20:14:45.012,5.558712,FRAME,6693,22825,-157,-164,-149,-428,38
2026-07-02T20:14:45.013,5.559341,FRAME,6694,22826,-108,-192,-196,-427,38
2026-07-02T20:14:45.013,5.560015,FRAME,6695,22827,-195,-186,-172,-440,38
2026-07-02T20:14:45.014,5.560673,FRAME,6696,22828,-225,-281,-214,-447,38
2026-07-02T20:14:45.015,5.561275,FRAME,6697,22829,-294,-298,-254,-461,38
2026-07-02T20:14:45.015,5.561905,FRAME,6698,22830,-301,-275,-277,-448,38
2026-07-02T20:14:45.016,5.562620,FRAME,6699,22831,-298,-284,-230,-495,38
2026-07-02T20:14:45.017,5.563274,FRAME,6700,22832,-351,-336,-234,-463,38
2026-07-02T20:14:45.017,5.563889,FRAME,6701,22833,-329,-345,-298,-499,38
2026-07-02T20:14:45.018,5.564503,FRAME,6702,22834,-345,-352,-278,-518,38
2026-07-02T20:14:45.018,5.565129,FRAME,6703,22835,-394,-355,-298,-538,38
2026-07-02T20:14:45.019,5.565728,FRAME,6704,22836,-413,-397,-295,-511,38
2026-07-02T20:14:45.020,5.566331,FRAME,6705,22837,-422,-384,-276,-541,38
2026-07-02T20:14:45.020,5.566965,FRAME,6706,22838,-455,-437,-328,-479,38
2026-07-02T20:14:45.021,5.567567,FRAME,6707,22839,-454,-394,-331,-524,38
2026-07-02T20:14:45.021,5.568189,FRAME,6708,22840,-509,-399,-312,-471,38
2026-07-02T20:14:45.022,5.568790,FRAME,6709,22841,-523,-401,-345,-486,38
2026-07-02T20:14:45.023,5.569397,FRAME,6710,22842,-499,-407,-334,-543,38
2026-07-02T20:14:45.023,5.570043,FRAME,6711,22843,-519,-422,-344,-518,38
2026-07-02T20:14:45.024,5.571010,FRAME,6712,22844,-553,-456,-332,-536,38
2026-07-02T20:14:45.025,5.572026,FRAME,6713,22845,-564,-444,-393,-578,38
2026-07-02T20:14:45.026,5.573036,FRAME,6714,22846,-593,-468,-358,-518,38
2026-07-02T20:14:45.027,5.574040,FRAME,6715,22847,-589,-468,-381,-521,38
2026-07-02T20:14:45.028,5.574771,FRAME,6716,22848,-589,-477,-401,-518,38
2026-07-02T20:14:45.029,5.575412,FRAME,6717,22849,-618,-495,-379,-548,38
2026-07-02T20:14:45.029,5.576040,FRAME,6718,22850,-564,-505,-371,-562,38
2026-07-02T20:14:45.030,5.576639,FRAME,6719,22851,-599,-522,-358,-581,38
2026-07-02T20:14:45.031,5.577255,FRAME,6720,22852,-582,-541,-360,-591,38
2026-07-02T20:14:45.031,5.577855,FRAME,6721,22853,-615,-544,-388,-537,38
2026-07-02T20:14:45.032,5.578459,FRAME,6722,22854,-583,-486,-391,-504,38
2026-07-02T20:14:45.032,5.579060,FRAME,6723,22855,-609,-530,-396,-535,38
2026-07-02T20:14:45.033,5.579671,FRAME,6724,22856,-618,-511,-371,-595,38
2026-07-02T20:14:45.034,5.580305,FRAME,6725,22857,-631,-501,-399,-502,38
2026-07-02T20:14:45.034,5.580983,FRAME,6726,22858,-597,-483,-382,-525,38
2026-07-02T20:14:45.035,5.581593,FRAME,6727,22859,-569,-458,-365,-551,38
2026-07-02T20:14:45.036,5.582211,FRAME,6728,22860,-599,-501,-382,-556,38
2026-07-02T20:14:45.036,5.582812,FRAME,6729,22861,-615,-494,-423,-519,38
2026-07-02T20:14:45.037,5.583413,FRAME,6730,22862,-593,-491,-403,-553,38
2026-07-02T20:14:45.037,5.584014,FRAME,6731,22863,-580,-519,-442,-542,38
2026-07-02T20:14:45.038,5.584615,FRAME,6732,22864,-581,-513,-376,-527,38
2026-07-02T20:14:45.039,5.585352,FRAME,6733,22865,-606,-470,-408,-561,38
2026-07-02T20:14:45.039,5.585968,FRAME,6734,22866,-595,-497,-397,-539,38
2026-07-02T20:14:45.040,5.586626,FRAME,6735,22867,-556,-494,-397,-553,38
2026-07-02T20:14:45.041,5.587247,FRAME,6736,22868,-533,-457,-403,-530,38
2026-07-02T20:14:45.042,5.588267,FRAME,6737,22869,-490,-484,-379,-527,38
2026-07-02T20:14:45.043,5.589231,FRAME,6738,22870,-461,-435,-329,-517,38
2026-07-02T20:14:45.044,5.590202,FRAME,6739,22871,-420,-478,-329,-521,38
2026-07-02T20:14:45.044,5.591165,FRAME,6740,22872,-469,-421,-329,-477,38
2026-07-02T20:14:45.045,5.592124,FRAME,6741,22873,-396,-389,-324,-465,38
2026-07-02T20:14:45.046,5.593081,FRAME,6742,22874,-337,-356,-259,-493,38
2026-07-02T20:14:45.047,5.594013,FRAME,6743,22875,-371,-376,-283,-485,38
2026-07-02T20:14:45.048,5.594956,FRAME,6744,22876,-346,-355,-274,-536,38
2026-07-02T20:14:45.049,5.595922,FRAME,6745,22877,-366,-348,-306,-476,38
2026-07-02T20:14:45.050,5.596878,FRAME,6746,22878,-386,-380,-282,-493,38
2026-07-02T20:14:45.051,5.597496,FRAME,6747,22879,-471,-401,-304,-498,38
2026-07-02T20:14:45.052,5.598389,FRAME,6748,22880,-450,-442,-294,-497,38
2026-07-02T20:14:45.053,5.599441,FRAME,6749,22881,-446,-440,-290,-493,38
2026-07-02T20:14:45.054,5.600517,FRAME,6750,22882,-397,-376,-331,-565,38
2026-07-02T20:14:45.055,5.601732,FRAME,6751,22883,-403,-444,-327,-513,38
2026-07-02T20:14:45.056,5.603069,FRAME,6752,22884,-410,-376,-328,-520,38
2026-07-02T20:14:45.058,5.604479,FRAME,6753,22885,-357,-331,-288,-501,38
2026-07-02T20:14:45.059,5.605311,FRAME,6754,22886,-303,-407,-280,-524,38
2026-07-02T20:14:45.060,5.606280,FRAME,6755,22887,-337,-379,-286,-527,38
2026-07-02T20:14:45.060,5.607172,FRAME,6756,22888,-304,-345,-300,-518,38
2026-07-02T20:14:45.061,5.608078,FRAME,6757,22889,-319,-327,-258,-483,38
2026-07-02T20:14:45.062,5.609112,FRAME,6758,22890,-283,-351,-252,-495,38
2026-07-02T20:14:45.063,5.610072,FRAME,6759,22890,-260,-329,-215,-440,38
2026-07-02T20:14:45.064,5.611072,FRAME,6760,22891,-246,-307,-198,-460,38
2026-07-02T20:14:45.065,5.611740,FRAME,6761,22892,-267,-283,-161,-424,38
2026-07-02T20:14:45.066,5.612361,FRAME,6762,22893,-260,-251,-193,-461,38
2026-07-02T20:14:45.067,5.613297,FRAME,6763,22894,-229,-249,-133,-483,38
2026-07-02T20:14:45.068,5.614266,FRAME,6764,22895,-201,-258,-171,-462,38
2026-07-02T20:14:45.068,5.615165,FRAME,6765,22896,-158,-241,-87,-463,37
2026-07-02T20:14:45.069,5.616100,FRAME,6766,22897,-128,-185,-124,-448,38
2026-07-02T20:14:45.070,5.617013,FRAME,6767,22898,-91,-252,-116,-437,37
2026-07-02T20:14:45.071,5.617891,FRAME,6768,22899,-70,-219,-82,-461,36
2026-07-02T20:14:45.072,5.618793,FRAME,6769,22900,-89,-192,-62,-458,36
2026-07-02T20:14:45.073,5.619671,FRAME,6770,22901,-87,-192,-95,-483,36
2026-07-02T20:14:45.074,5.620549,FRAME,6771,22902,-49,-147,-85,-485,36
2026-07-02T20:14:45.075,5.621454,FRAME,6772,22903,-56,-172,-76,-422,36
2026-07-02T20:14:45.076,5.622399,FRAME,6773,22904,-4,-155,-31,-436,35
2026-07-02T20:14:45.077,5.623302,FRAME,6774,22905,-16,-128,-39,-401,36
2026-07-02T20:14:45.077,5.624094,FRAME,6775,22906,5,-95,-48,-403,33
2026-07-02T20:14:45.078,5.624716,FRAME,6776,22907,55,-82,-87,-386,34
2026-07-02T20:14:45.079,5.625438,FRAME,6777,22908,4,-111,-10,-390,34
2026-07-02T20:14:45.079,5.626101,FRAME,6778,22909,-7,-129,-30,-394,35
2026-07-02T20:14:45.109,5.656096,FRAME,6779,22911,38,-119,-22,-389,35
2026-07-02T20:14:45.110,5.656853,FRAME,6780,22912,59,-87,-57,-416,34
2026-07-02T20:14:45.111,5.657593,FRAME,6781,22913,23,-68,-45,-382,34
2026-07-02T20:14:45.112,5.658613,FRAME,6782,22914,43,-111,-13,-407,35
2026-07-02T20:14:45.113,5.659588,FRAME,6783,22915,63,-76,-26,-406,34
2026-07-02T20:14:45.114,5.660596,FRAME,6784,22916,71,-114,-23,-417,35
2026-07-02T20:14:45.115,5.661468,FRAME,6785,22917,92,-83,-35,-421,34
2026-07-02T20:14:45.115,5.662028,FRAME,6786,22918,59,-95,-47,-416,34
2026-07-02T20:14:45.116,5.662569,FRAME,6787,22919,51,-71,-31,-388,34
2026-07-02T20:14:45.117,5.663350,FRAME,6788,22920,61,-80,-27,-417,34
2026-07-02T20:14:45.117,5.663897,FRAME,6789,22921,49,-88,-17,-416,34
2026-07-02T20:14:45.118,5.664438,FRAME,6790,22922,29,-97,-50,-385,34
2026-07-02T20:14:45.118,5.664977,FRAME,6791,22923,28,-81,-42,-403,34
2026-07-02T20:14:45.119,5.665607,FRAME,6792,22924,50,-101,-64,-372,35
2026-07-02T20:14:45.120,5.666288,FRAME,6793,22925,20,-115,-94,-403,35
2026-07-02T20:14:45.120,5.666886,FRAME,6794,22926,-13,-75,-110,-403,36
2026-07-02T20:14:45.121,5.667605,FRAME,6795,22927,-42,-111,-116,-401,37
2026-07-02T20:14:45.122,5.668329,FRAME,6796,22928,-69,-157,-131,-408,37
2026-07-02T20:14:45.122,5.668933,FRAME,6797,22929,-67,-130,-155,-409,37
2026-07-02T20:14:45.123,5.669529,FRAME,6798,22930,-136,-193,-133,-422,38
2026-07-02T20:14:45.123,5.670141,FRAME,6799,22931,-157,-149,-146,-469,38
2026-07-02T20:14:45.124,5.670737,FRAME,6800,22932,-110,-185,-171,-458,38
2026-07-02T20:14:45.125,5.671478,FRAME,6801,22933,-171,-231,-170,-462,38
2026-07-02T20:14:45.125,5.672089,FRAME,6802,22934,-159,-209,-179,-473,38
2026-07-02T20:14:45.126,5.672700,FRAME,6803,22935,-151,-235,-191,-442,38
2026-07-02T20:14:45.127,5.673297,FRAME,6804,22936,-171,-221,-178,-441,38
2026-07-02T20:14:45.127,5.673906,FRAME,6805,22937,-186,-207,-178,-392,38
2026-07-02T20:14:45.128,5.674512,FRAME,6806,22938,-199,-270,-155,-423,38
2026-07-02T20:14:45.128,5.675132,FRAME,6807,22939,-150,-221,-130,-413,38
2026-07-02T20:14:45.129,5.675853,FRAME,6808,22940,-129,-161,-131,-442,38
2026-07-02T20:14:45.130,5.676593,FRAME,6809,22941,-127,-161,-127,-360,38
2026-07-02T20:14:45.130,5.677193,FRAME,6810,22942,-97,-131,-150,-423,37
2026-07-02T20:14:45.131,5.677806,FRAME,6811,22943,-120,-213,-176,-372,38
2026-07-02T20:14:45.132,5.678404,FRAME,6812,22944,-112,-178,-162,-400,38
2026-07-02T20:14:45.132,5.679007,FRAME,6813,22945,-123,-168,-162,-373,38
2026-07-02T20:14:45.133,5.679679,FRAME,6814,22946,-117,-195,-159,-398,38
2026-07-02T20:14:45.134,5.680277,FRAME,6815,22947,-168,-152,-191,-378,38
2026-07-02T20:14:45.134,5.680871,FRAME,6816,22948,-153,-178,-163,-414,38
2026-07-02T20:14:45.135,5.681469,FRAME,6817,22949,-108,-191,-151,-427,38
2026-07-02T20:14:45.135,5.682075,FRAME,6818,22950,-133,-186,-164,-427,38
2026-07-02T20:14:45.136,5.682902,FRAME,6819,22951,-151,-206,-156,-429,38
2026-07-02T20:14:45.137,5.683593,FRAME,6820,22952,-135,-180,-171,-439,38
2026-07-02T20:14:45.138,5.684209,FRAME,6821,22953,-128,-224,-139,-436,38
2026-07-02T20:14:45.138,5.684797,FRAME,6822,22954,-165,-151,-128,-430,38
2026-07-02T20:14:45.139,5.685441,FRAME,6823,22955,-169,-173,-153,-412,38
2026-07-02T20:14:45.140,5.686466,FRAME,6824,22956,-195,-173,-121,-400,38
2026-07-02T20:14:45.141,5.687412,FRAME,6825,22957,-176,-164,-99,-377,37
2026-07-02T20:14:45.142,5.688364,FRAME,6826,22958,-147,-131,-104,-410,38
2026-07-02T20:14:45.143,5.689310,FRAME,6827,22959,-113,-192,-131,-395,38
2026-07-02T20:14:45.144,5.690208,FRAME,6828,22960,-156,-161,-97,-382,37
2026-07-02T20:14:45.144,5.691153,FRAME,6829,22961,-154,-167,-102,-427,38
2026-07-02T20:14:45.145,5.692095,FRAME,6830,22962,-144,-141,-126,-406,38
2026-07-02T20:14:45.146,5.692940,FRAME,6831,22963,-142,-190,-106,-402,38
2026-07-02T20:14:45.147,5.693743,FRAME,6832,22964,-161,-181,-135,-411,38
2026-07-02T20:14:45.148,5.694643,FRAME,6833,22965,-151,-190,-179,-454,38
2026-07-02T20:14:45.149,5.695530,FRAME,6834,22966,-172,-200,-149,-435,38
2026-07-02T20:14:45.150,5.696431,FRAME,6835,22967,-202,-233,-135,-431,38
2026-07-02T20:14:45.151,5.697338,FRAME,6836,22968,-210,-245,-175,-445,38
2026-07-02T20:14:45.152,5.698298,FRAME,6837,22969,-196,-190,-154,-447,38
2026-07-02T20:14:45.153,5.699439,FRAME,6838,22970,-217,-234,-161,-439,38
2026-07-02T20:14:45.154,5.700277,FRAME,6839,22971,-239,-239,-182,-454,38
2026-07-02T20:14:45.154,5.701010,FRAME,6840,22972,-251,-203,-184,-437,38
2026-07-02T20:14:45.155,5.701669,FRAME,6841,22973,-219,-215,-185,-435,38
2026-07-02T20:14:45.156,5.702401,FRAME,6842,22974,-235,-197,-155,-440,38
2026-07-02T20:14:45.156,5.703048,FRAME,6843,22975,-227,-230,-178,-413,38
2026-07-02T20:14:45.157,5.704105,FRAME,6844,22976,-220,-229,-198,-421,38
2026-07-02T20:14:45.158,5.704949,FRAME,6845,22977,-236,-220,-216,-395,38
2026-07-02T20:14:45.159,5.705895,FRAME,6846,22978,-242,-210,-165,-426,38
2026-07-02T20:14:45.160,5.706822,FRAME,6847,22979,-257,-220,-199,-458,38
2026-07-02T20:14:45.161,5.707724,FRAME,6848,22980,-222,-213,-208,-448,38
2026-07-02T20:14:45.162,5.708664,FRAME,6849,22981,-184,-245,-227,-495,38
2026-07-02T20:14:45.163,5.709586,FRAME,6850,22982,-220,-287,-242,-459,38
2026-07-02T20:14:45.164,5.710505,FRAME,6851,22983,-190,-243,-219,-437,38
2026-07-02T20:14:45.165,5.711422,FRAME,6852,22984,-202,-243,-239,-439,38
2026-07-02T20:14:45.166,5.712255,FRAME,6853,22985,-206,-241,-188,-480,38
2026-07-02T20:14:45.166,5.713059,FRAME,6854,22986,-170,-217,-205,-458,38
2026-07-02T20:14:45.167,5.713883,FRAME,6855,22987,-204,-217,-185,-423,38
2026-07-02T20:14:45.168,5.714890,FRAME,6856,22988,-194,-245,-194,-405,38
2026-07-02T20:14:45.169,5.716075,FRAME,6857,22989,-223,-246,-185,-419,38
2026-07-02T20:14:45.170,5.717066,FRAME,6858,22990,-175,-218,-181,-478,38
2026-07-02T20:14:45.171,5.717660,FRAME,6859,22991,-200,-204,-199,-419,38
2026-07-02T20:14:45.172,5.718239,FRAME,6860,22992,-209,-212,-166,-422,38
2026-07-02T20:14:45.172,5.718838,FRAME,6861,22993,-173,-158,-164,-405,38
2026-07-02T20:14:45.173,5.719530,FRAME,6862,22994,-136,-167,-135,-374,38
2026-07-02T20:14:45.174,5.720262,FRAME,6863,22995,-148,-168,-149,-381,38
2026-07-02T20:14:45.174,5.721101,FRAME,6864,22996,-121,-132,-138,-407,38
2026-07-02T20:14:45.175,5.721779,FRAME,6865,22997,-103,-91,-98,-387,36
2026-07-02T20:14:45.176,5.722393,FRAME,6866,22998,-83,-91,-109,-398,36
2026-07-02T20:14:45.176,5.723031,FRAME,6867,22999,-49,-78,-94,-393,35
2026-07-02T20:14:45.177,5.723835,FRAME,6868,23000,-14,-102,-104,-385,37
2026-07-02T20:14:45.178,5.724781,FRAME,6869,23001,-11,-74,-70,-458,35
2026-07-02T20:14:45.179,5.725559,FRAME,6870,23002,1,-88,-99,-374,33
2026-07-02T20:14:45.180,5.726383,FRAME,6871,23002,49,-47,-67,-412,34
2026-07-02T20:14:45.180,5.727112,FRAME,6872,23003,65,-29,-22,-425,34
2026-07-02T20:14:45.181,5.727756,FRAME,6873,23004,57,-27,-35,-379,34
2026-07-02T20:14:45.182,5.728306,FRAME,6874,23005,68,-13,-41,-373,34
2026-07-02T20:14:45.182,5.728848,FRAME,6875,23006,79,-17,-51,-412,34
2026-07-02T20:14:45.183,5.729386,FRAME,6876,23007,47,24,-41,-399,33
2026-07-02T20:14:45.183,5.730036,FRAME,6877,23008,43,14,-32,-363,33
2026-07-02T20:14:45.184,5.730590,FRAME,6878,23009,62,12,-31,-357,33
2026-07-02T20:14:45.185,5.731222,FRAME,6879,23010,56,5,-18,-399,32
2026-07-02T20:14:45.185,5.731733,FRAME,6880,23011,127,8,4,-413,31
2026-07-02T20:14:45.186,5.732250,FRAME,6881,23012,131,-7,7,-375,32
2026-07-02T20:14:45.186,5.732784,FRAME,6882,23013,86,16,-18,-365,33
2026-07-02T20:14:45.187,5.733300,FRAME,6883,23014,146,22,2,-358,32
2026-07-02T20:14:45.187,5.733844,FRAME,6884,23015,130,23,-27,-414,34
2026-07-02T20:14:45.188,5.734362,FRAME,6885,23016,122,-1,1,-438,32
2026-07-02T20:14:45.188,5.734887,FRAME,6886,23017,98,15,17,-381,32
2026-07-02T20:14:45.189,5.735433,FRAME,6887,23018,101,35,17,-405,33
2026-07-02T20:14:45.189,5.735955,FRAME,6888,23019,126,8,-3,-391,32
2026-07-02T20:14:45.190,5.736485,FRAME,6889,23020,124,18,6,-387,32
2026-07-02T20:14:45.218,5.764865,FRAME,6890,23022,145,23,43,-334,33
2026-07-02T20:14:45.219,5.765501,FRAME,6891,23023,163,33,57,-362,33
2026-07-02T20:14:45.219,5.766102,FRAME,6892,23024,133,42,-3,-367,33
2026-07-02T20:14:45.220,5.766697,FRAME,6893,23025,150,91,86,-284,33
2026-07-02T20:14:45.221,5.767298,FRAME,6894,23026,169,25,23,-324,33
2026-07-02T20:14:45.221,5.767842,FRAME,6895,23027,143,15,27,-345,33
2026-07-02T20:14:45.222,5.768354,FRAME,6896,23028,100,42,0,-364,32
2026-07-02T20:14:45.222,5.768873,FRAME,6897,23029,142,36,49,-322,33
2026-07-02T20:14:45.223,5.769379,FRAME,6898,23030,153,36,0,-376,32
2026-07-02T20:14:45.223,5.769907,FRAME,6899,23031,86,28,-21,-379,33
2026-07-02T20:14:45.224,5.770492,FRAME,6900,23032,112,-12,-19,-380,35
2026-07-02T20:14:45.224,5.771142,FRAME,6901,23033,80,-34,-14,-429,34
2026-07-02T20:14:45.225,5.771720,FRAME,6902,23034,-36,-86,-24,-443,35
2026-07-02T20:14:45.226,5.772301,FRAME,6903,23035,-19,-71,-113,-393,36
2026-07-02T20:14:45.226,5.772861,FRAME,6904,23036,-63,-88,-94,-422,35
2026-07-02T20:14:45.227,5.773440,FRAME,6905,23037,-88,-83,-141,-434,36
2026-07-02T20:14:45.228,5.774472,FRAME,6906,23038,-98,-161,-115,-410,37
2026-07-02T20:14:45.229,5.775389,FRAME,6907,23039,-140,-154,-148,-432,38
2026-07-02T20:14:45.230,5.776338,FRAME,6908,23040,-148,-165,-124,-439,38
2026-07-02T20:14:45.231,5.777289,FRAME,6909,23041,-171,-155,-120,-437,38
2026-07-02T20:14:45.232,5.778230,FRAME,6910,23042,-197,-168,-166,-445,38
2026-07-02T20:14:45.232,5.779172,FRAME,6911,23043,-193,-208,-172,-427,38
2026-07-02T20:14:45.233,5.780114,FRAME,6912,23044,-240,-200,-194,-433,38
2026-07-02T20:14:45.234,5.780879,FRAME,6913,23045,-215,-175,-189,-443,38
2026-07-02T20:14:45.235,5.781497,FRAME,6914,23046,-239,-216,-218,-460,38
2026-07-02T20:14:45.236,5.782475,FRAME,6915,23047,-230,-239,-203,-474,38
2026-07-02T20:14:45.237,5.783934,FRAME,6916,23048,-265,-274,-210,-496,38
2026-07-02T20:14:45.238,5.785073,FRAME,6917,23049,-290,-275,-244,-457,38
2026-07-02T20:14:45.239,5.786124,FRAME,6918,23050,-259,-276,-234,-510,38
2026-07-02T20:14:45.240,5.786947,FRAME,6919,23051,-297,-265,-249,-532,38
2026-07-02T20:14:45.241,5.787810,FRAME,6920,23052,-265,-239,-213,-451,38
2026-07-02T20:14:45.242,5.788632,FRAME,6921,23053,-274,-264,-183,-465,38
2026-07-02T20:14:45.243,5.789529,FRAME,6922,23054,-289,-270,-181,-468,38
2026-07-02T20:14:45.243,5.790188,FRAME,6923,23055,-285,-237,-154,-438,38
2026-07-02T20:14:45.244,5.790801,FRAME,6924,23056,-256,-228,-160,-461,38
2026-07-02T20:14:45.245,5.791867,FRAME,6925,23057,-240,-221,-159,-436,38
2026-07-02T20:14:45.246,5.792775,FRAME,6926,23058,-248,-199,-116,-443,38
2026-07-02T20:14:45.247,5.793670,FRAME,6927,23059,-201,-243,-143,-414,38
2026-07-02T20:14:45.248,5.794565,FRAME,6928,23060,-228,-257,-159,-430,38
2026-07-02T20:14:45.249,5.795470,FRAME,6929,23061,-304,-265,-196,-448,38
2026-07-02T20:14:45.250,5.796521,FRAME,6930,23062,-346,-286,-211,-441,38
2026-07-02T20:14:45.251,5.797578,FRAME,6931,23063,-322,-352,-217,-451,38
2026-07-02T20:14:45.252,5.798636,FRAME,6932,23064,-325,-361,-241,-510,38
2026-07-02T20:14:45.253,5.799721,FRAME,6933,23065,-335,-373,-234,-520,38
2026-07-02T20:14:45.254,5.800785,FRAME,6934,23066,-376,-345,-238,-479,38
2026-07-02T20:14:45.255,5.801850,FRAME,6935,23067,-359,-342,-246,-508,38
2026-07-02T20:14:45.256,5.802972,FRAME,6936,23068,-404,-369,-237,-529,38
2026-07-02T20:14:45.257,5.804129,FRAME,6937,23069,-381,-367,-276,-552,38
2026-07-02T20:14:45.259,5.805219,FRAME,6938,23070,-401,-375,-217,-479,38
2026-07-02T20:14:45.260,5.806315,FRAME,6939,23071,-383,-378,-178,-485,38
2026-07-02T20:14:45.261,5.807431,FRAME,6940,23072,-386,-365,-222,-440,38
2026-07-02T20:14:45.262,5.808533,FRAME,6941,23073,-368,-350,-231,-481,38
2026-07-02T20:14:45.263,5.809659,FRAME,6942,23074,-410,-329,-250,-514,38
2026-07-02T20:14:45.264,5.810776,FRAME,6943,23075,-401,-378,-243,-484,38
2026-07-02T20:14:45.265,5.811894,FRAME,6944,23076,-355,-372,-245,-474,38
2026-07-02T20:14:45.266,5.813002,FRAME,6945,23077,-378,-351,-245,-459,38
2026-07-02T20:14:45.267,5.814113,FRAME,6946,23078,-421,-339,-203,-500,38
2026-07-02T20:14:45.269,5.815216,FRAME,6947,23079,-390,-351,-254,-461,38
2026-07-02T20:14:45.269,5.815907,FRAME,6948,23080,-393,-346,-241,-474,38
2026-07-02T20:14:45.270,5.816524,FRAME,6949,23081,-403,-346,-242,-480,38
2026-07-02T20:14:45.270,5.817146,FRAME,6950,23082,-357,-331,-233,-482,38
2026-07-02T20:14:45.271,5.817751,FRAME,6951,23083,-327,-314,-188,-483,38
2026-07-02T20:14:45.272,5.818358,FRAME,6952,23084,-309,-296,-223,-494,38
2026-07-02T20:14:45.272,5.818965,FRAME,6953,23085,-246,-290,-189,-475,38
2026-07-02T20:14:45.273,5.819577,FRAME,6954,23086,-235,-278,-219,-491,38
2026-07-02T20:14:45.273,5.820193,FRAME,6955,23087,-227,-283,-185,-477,38
2026-07-02T20:14:45.274,5.820811,FRAME,6956,23088,-212,-230,-151,-445,38
2026-07-02T20:14:45.275,5.821420,FRAME,6957,23089,-245,-285,-176,-431,38
2026-07-02T20:14:45.275,5.822020,FRAME,6958,23090,-228,-272,-113,-432,38
2026-07-02T20:14:45.276,5.822619,FRAME,6959,23091,-208,-238,-117,-421,38
2026-07-02T20:14:45.277,5.823238,FRAME,6960,23092,-190,-235,-154,-411,38
2026-07-02T20:14:45.277,5.823859,FRAME,6961,23093,-172,-226,-116,-409,38
2026-07-02T20:14:45.278,5.824476,FRAME,6962,23094,-160,-248,-117,-438,38
2026-07-02T20:14:45.278,5.825104,FRAME,6963,23095,-154,-199,-139,-413,38
2026-07-02T20:14:45.279,5.825704,FRAME,6964,23096,-175,-193,-144,-426,38
2026-07-02T20:14:45.280,5.826310,FRAME,6965,23097,-156,-207,-117,-394,38
2026-07-02T20:14:45.280,5.826901,FRAME,6966,23098,-165,-185,-182,-432,38
2026-07-02T20:14:45.281,5.827495,FRAME,6967,23099,-108,-190,-148,-465,38
2026-07-02T20:14:45.281,5.828098,FRAME,6968,23100,-145,-248,-138,-436,38
2026-07-02T20:14:45.282,5.828690,FRAME,6969,23101,-156,-203,-104,-466,38
2026-07-02T20:14:45.283,5.829286,FRAME,6970,23102,-119,-196,-103,-483,38
2026-07-02T20:14:45.283,5.829890,FRAME,6971,23103,-125,-204,-108,-435,38
2026-07-02T20:14:45.284,5.830484,FRAME,6972,23104,-106,-193,-147,-423,38
2026-07-02T20:14:45.284,5.831069,FRAME,6973,23105,-78,-139,-143,-458,37
2026-07-02T20:14:45.285,5.831677,FRAME,6974,23106,-100,-159,-139,-422,38
2026-07-02T20:14:45.286,5.832276,FRAME,6975,23107,-109,-164,-110,-405,38
2026-07-02T20:14:45.286,5.832844,FRAME,6976,23108,-94,-118,-93,-393,36
2026-07-02T20:14:45.287,5.833525,FRAME,6977,23109,-106,-164,-122,-420,38
2026-07-02T20:14:45.288,5.834217,FRAME,6978,23110,-99,-127,-117,-412,37
2026-07-02T20:14:45.288,5.834792,FRAME,6979,23111,-136,-155,-91,-415,37
2026-07-02T20:14:45.289,5.835383,FRAME,6980,23112,-169,-152,-101,-389,38
2026-07-02T20:14:45.289,5.835974,FRAME,6981,23113,-145,-161,-155,-441,38
2026-07-02T20:14:45.290,5.836586,FRAME,6982,23114,-187,-177,-157,-505,38
2026-07-02T20:14:45.290,5.837188,FRAME,6983,23115,-249,-218,-207,-473,38
2026-07-02T20:14:45.291,5.837791,FRAME,6984,23116,-237,-246,-215,-494,38
2026-07-02T20:14:45.292,5.838387,FRAME,6985,23116,-257,-261,-253,-540,38
2026-07-02T20:14:45.292,5.838980,FRAME,6986,23117,-313,-279,-267,-536,38
2026-07-02T20:14:45.293,5.839577,FRAME,6987,23118,-336,-295,-276,-528,38
2026-07-02T20:14:45.293,5.840183,FRAME,6988,23119,-371,-332,-264,-513,38
2026-07-02T20:14:45.294,5.840788,FRAME,6989,23120,-416,-331,-300,-519,38
2026-07-02T20:14:45.295,5.841476,FRAME,6990,23121,-388,-342,-262,-491,38
2026-07-02T20:14:45.295,5.842106,FRAME,6991,23122,-458,-338,-311,-496,38
2026-07-02T20:14:45.296,5.842716,FRAME,6992,23123,-420,-352,-296,-494,38
2026-07-02T20:14:45.297,5.843304,FRAME,6993,23124,-445,-369,-316,-493,38
2026-07-02T20:14:45.297,5.843898,FRAME,6994,23125,-443,-341,-281,-505,38
2026-07-02T20:14:45.298,5.844489,FRAME,6995,23126,-418,-380,-312,-466,38
2026-07-02T20:14:45.298,5.845103,FRAME,6996,23127,-453,-386,-314,-526,38
2026-07-02T20:14:45.299,5.845695,FRAME,6997,23128,-437,-349,-318,-508,38
2026-07-02T20:14:45.300,5.846291,FRAME,6998,23129,-452,-414,-331,-549,38
2026-07-02T20:14:45.326,5.872417,FRAME,6999,23131,-465,-426,-383,-570,38
2026-07-02T20:14:45.327,5.873272,FRAME,7000,23132,-474,-434,-373,-556,38
2026-07-02T20:14:45.328,5.874357,FRAME,7001,23133,-483,-466,-336,-553,38
2026-07-02T20:14:45.329,5.875277,FRAME,7002,23134,-476,-432,-348,-551,38
2026-07-02T20:14:45.329,5.876170,FRAME,7003,23135,-488,-428,-351,-555,38
2026-07-02T20:14:45.330,5.877072,FRAME,7004,23136,-458,-506,-433,-529,38
2026-07-02T20:14:45.331,5.877964,FRAME,7005,23137,-502,-440,-316,-579,38
2026-07-02T20:14:45.332,5.878868,FRAME,7006,23138,-521,-472,-322,-580,38
2026-07-02T20:14:45.333,5.879772,FRAME,7007,23139,-541,-451,-380,-525,38
2026-07-02T20:14:45.334,5.880750,FRAME,7008,23140,-577,-424,-292,-503,38
2026-07-02T20:14:45.335,5.881844,FRAME,7009,23141,-501,-451,-245,-509,38
2026-07-02T20:14:45.336,5.882913,FRAME,7010,23142,-508,-406,-277,-484,38
2026-07-02T20:14:45.337,5.883995,FRAME,7011,23143,-506,-411,-268,-475,38
2026-07-02T20:14:45.338,5.885168,FRAME,7012,23144,-443,-385,-247,-462,38
2026-07-02T20:14:45.340,5.886218,FRAME,7013,23145,-462,-351,-256,-486,38
2026-07-02T20:14:45.341,5.887297,FRAME,7014,23146,-434,-370,-249,-426,38
2026-07-02T20:14:45.342,5.888356,FRAME,7015,23147,-426,-353,-232,-483,38
2026-07-02T20:14:45.343,5.889425,FRAME,7016,23148,-427,-394,-232,-519,38
2026-07-02T20:14:45.344,5.890524,FRAME,7017,23149,-436,-431,-275,-489,38
2026-07-02T20:14:45.345,5.891626,FRAME,7018,23150,-515,-453,-290,-513,38
2026-07-02T20:14:45.346,5.892738,FRAME,7019,23151,-486,-446,-323,-509,38
2026-07-02T20:14:45.347,5.893827,FRAME,7020,23152,-473,-452,-318,-571,38
2026-07-02T20:14:45.348,5.894931,FRAME,7021,23153,-509,-419,-315,-563,38
2026-07-02T20:14:45.349,5.896031,FRAME,7022,23154,-528,-465,-311,-532,38
2026-07-02T20:14:45.350,5.897131,FRAME,7023,23155,-531,-494,-324,-525,38
2026-07-02T20:14:45.352,5.898221,FRAME,7024,23156,-508,-437,-330,-516,38
2026-07-02T20:14:45.353,5.899376,FRAME,7025,23157,-525,-423,-299,-464,38
2026-07-02T20:14:45.353,5.900047,FRAME,7026,23158,-417,-389,-328,-484,38
2026-07-02T20:14:45.354,5.900684,FRAME,7027,23159,-416,-437,-288,-521,38
2026-07-02T20:14:45.355,5.901292,FRAME,7028,23160,-438,-358,-300,-473,38
2026-07-02T20:14:45.355,5.901891,FRAME,7029,23161,-424,-364,-291,-491,38
2026-07-02T20:14:45.356,5.902477,FRAME,7030,23162,-424,-368,-273,-484,38
2026-07-02T20:14:45.356,5.903078,FRAME,7031,23163,-418,-364,-269,-468,38
2026-07-02T20:14:45.357,5.903702,FRAME,7032,23164,-392,-346,-270,-528,38
2026-07-02T20:14:45.358,5.904439,FRAME,7033,23165,-431,-345,-256,-497,38
2026-07-02T20:14:45.358,5.905087,FRAME,7034,23166,-390,-359,-272,-522,38
2026-07-02T20:14:45.359,5.905685,FRAME,7035,23167,-371,-359,-289,-504,38
2026-07-02T20:14:45.360,5.906307,FRAME,7036,23168,-347,-346,-255,-449,38
2026-07-02T20:14:45.360,5.906908,FRAME,7037,23169,-293,-283,-198,-473,38
2026-07-02T20:14:45.361,5.907507,FRAME,7038,23170,-280,-241,-168,-455,38
2026-07-02T20:14:45.361,5.908122,FRAME,7039,23171,-295,-266,-202,-443,38
2026-07-02T20:14:45.362,5.908727,FRAME,7040,23172,-284,-226,-189,-451,38
2026-07-02T20:14:45.363,5.909329,FRAME,7041,23173,-250,-258,-178,-454,38
2026-07-02T20:14:45.363,5.909931,FRAME,7042,23174,-237,-238,-209,-427,38
2026-07-02T20:14:45.364,5.910525,FRAME,7043,23175,-190,-200,-149,-418,38
2026-07-02T20:14:45.364,5.911133,FRAME,7044,23176,-202,-244,-150,-433,38
2026-07-02T20:14:45.365,5.911769,FRAME,7045,23177,-204,-185,-184,-363,38
2026-07-02T20:14:45.366,5.912365,FRAME,7046,23178,-169,-227,-187,-437,38
2026-07-02T20:14:45.366,5.912956,FRAME,7047,23179,-185,-198,-141,-392,38
2026-07-02T20:14:45.367,5.913555,FRAME,7048,23180,-153,-180,-158,-419,38
2026-07-02T20:14:45.367,5.914164,FRAME,7049,23181,-134,-128,-124,-445,38
2026-07-02T20:14:45.368,5.914763,FRAME,7050,23182,-128,-188,-189,-417,38
2026-07-02T20:14:45.369,5.915358,FRAME,7051,23183,-124,-201,-163,-405,38
2026-07-02T20:14:45.369,5.915952,FRAME,7052,23184,-110,-189,-169,-421,38
2026-07-02T20:14:45.370,5.916557,FRAME,7053,23185,-117,-204,-135,-414,38
2026-07-02T20:14:45.370,5.917142,FRAME,7054,23186,-84,-206,-154,-417,37
2026-07-02T20:14:45.371,5.917722,FRAME,7055,23187,-78,-179,-170,-417,37
2026-07-02T20:14:45.372,5.918304,FRAME,7056,23188,-61,-173,-133,-365,37
2026-07-02T20:14:45.372,5.918896,FRAME,7057,23189,-52,-128,-125,-370,37
2026-07-02T20:14:45.373,5.919476,FRAME,7058,23190,-39,-135,-131,-418,37
2026-07-02T20:14:45.373,5.920093,FRAME,7059,23191,-41,-108,-124,-419,37
2026-07-02T20:14:45.374,5.920706,FRAME,7060,23192,-72,-113,-132,-384,37
2026-07-02T20:14:45.375,5.921271,FRAME,7061,23193,-8,-144,-138,-388,36
2026-07-02T20:14:45.375,5.921947,FRAME,7062,23194,-22,-129,-145,-390,37
2026-07-02T20:14:45.376,5.922678,FRAME,7063,23195,-48,-142,-132,-395,37
2026-07-02T20:14:45.377,5.923266,FRAME,7064,23196,-90,-124,-164,-426,37
2026-07-02T20:14:45.377,5.923847,FRAME,7065,23197,-98,-145,-173,-403,37
2026-07-02T20:14:45.378,5.924448,FRAME,7066,23198,-142,-223,-185,-440,38
2026-07-02T20:14:45.378,5.925057,FRAME,7067,23199,-145,-187,-220,-468,38
2026-07-02T20:14:45.379,5.925657,FRAME,7068,23200,-165,-234,-218,-471,38
2026-07-02T20:14:45.380,5.926257,FRAME,7069,23201,-202,-247,-208,-472,38
2026-07-02T20:14:45.380,5.926858,FRAME,7070,23202,-216,-253,-217,-511,38
2026-07-02T20:14:45.381,5.927464,FRAME,7071,23203,-260,-269,-231,-487,38
2026-07-02T20:14:45.381,5.928094,FRAME,7072,23204,-264,-285,-255,-450,38
2026-07-02T20:14:45.382,5.928692,FRAME,7073,23205,-322,-290,-232,-479,38
2026-07-02T20:14:45.383,5.929282,FRAME,7074,23206,-260,-304,-242,-432,38
2026-07-02T20:14:45.383,5.929876,FRAME,7075,23207,-309,-272,-218,-458,38
2026-07-02T20:14:45.384,5.930472,FRAME,7076,23208,-294,-283,-234,-487,38
2026-07-02T20:14:45.384,5.931103,FRAME,7077,23209,-265,-264,-233,-439,38
2026-07-02T20:14:45.385,5.931695,FRAME,7078,23210,-277,-252,-245,-511,38
2026-07-02T20:14:45.386,5.932301,FRAME,7079,23211,-265,-264,-247,-474,38
2026-07-02T20:14:45.386,5.932900,FRAME,7080,23212,-288,-287,-261,-443,38
2026-07-02T20:14:45.387,5.933500,FRAME,7081,23213,-341,-313,-265,-468,38
2026-07-02T20:14:45.387,5.934098,FRAME,7082,23214,-399,-315,-296,-531,38
2026-07-02T20:14:45.388,5.934695,FRAME,7083,23215,-378,-321,-274,-530,38
2026-07-02T20:14:45.389,5.935291,FRAME,7084,23216,-340,-356,-284,-542,38
2026-07-02T20:14:45.390,5.936290,FRAME,7085,23217,-371,-376,-332,-475,38
2026-07-02T20:14:45.390,5.937135,FRAME,7086,23218,-350,-358,-317,-537,38
2026-07-02T20:14:45.391,5.938087,FRAME,7087,23219,-353,-378,-337,-539,38
2026-07-02T20:14:45.392,5.939039,FRAME,7088,23220,-383,-389,-343,-535,38
2026-07-02T20:14:45.393,5.939974,FRAME,7089,23221,-400,-389,-320,-540,38
2026-07-02T20:14:45.394,5.940914,FRAME,7090,23222,-418,-367,-294,-505,38
2026-07-02T20:14:45.395,5.941874,FRAME,7091,23223,-395,-365,-274,-488,38
2026-07-02T20:14:45.396,5.942478,FRAME,7092,23224,-356,-334,-264,-478,38
2026-07-02T20:14:45.396,5.943132,FRAME,7093,23225,-316,-297,-238,-467,38
2026-07-02T20:14:45.397,5.943824,FRAME,7094,23226,-321,-322,-223,-477,38
2026-07-02T20:14:45.398,5.944767,FRAME,7095,23227,-318,-328,-208,-422,38
2026-07-02T20:14:45.399,5.945692,FRAME,7096,23228,-263,-283,-225,-467,38
2026-07-02T20:14:45.400,5.946569,FRAME,7097,23229,-273,-294,-212,-458,38
2026-07-02T20:14:45.401,5.947491,FRAME,7098,23230,-298,-295,-264,-495,38
2026-07-02T20:14:45.402,5.948330,FRAME,7099,23231,-322,-339,-244,-476,38
2026-07-02T20:14:45.402,5.949055,FRAME,7100,23232,-331,-380,-261,-539,38
2026-07-02T20:14:45.403,5.949945,FRAME,7101,23233,-352,-348,-305,-542,38
2026-07-02T20:14:45.404,5.950824,FRAME,7102,23234,-346,-349,-335,-500,38
2026-07-02T20:14:45.405,5.951732,FRAME,7103,23235,-345,-366,-307,-517,38
2026-07-02T20:14:45.406,5.952432,FRAME,7104,23236,-346,-384,-333,-523,38
2026-07-02T20:14:45.406,5.953097,FRAME,7105,23237,-371,-361,-317,-510,38
2026-07-02T20:14:45.433,5.979518,FRAME,7106,23238,-351,-411,-317,-513,38
2026-07-02T20:14:45.434,5.980744,FRAME,7107,23239,-428,-345,-281,-497,38
2026-07-02T20:14:45.435,5.981884,FRAME,7108,23240,-428,-312,-282,-477,38
2026-07-02T20:14:45.436,5.982986,FRAME,7109,23241,-343,-321,-315,-501,38
2026-07-02T20:14:45.437,5.984081,FRAME,7110,23242,-366,-355,-257,-497,38
2026-07-02T20:14:45.438,5.985179,FRAME,7111,23243,-328,-325,-247,-471,38
2026-07-02T20:14:45.440,5.986262,FRAME,7112,23244,-355,-324,-281,-490,38
2026-07-02T20:14:45.441,5.987351,FRAME,7113,23245,-327,-328,-295,-468,38
2026-07-02T20:14:45.442,5.988400,FRAME,7114,23246,-315,-314,-274,-463,38
2026-07-02T20:14:45.442,5.989026,FRAME,7115,23247,-267,-294,-245,-469,38
2026-07-02T20:14:45.443,5.989634,FRAME,7116,23248,-312,-295,-263,-509,38
2026-07-02T20:14:45.444,5.990251,FRAME,7117,23249,-255,-313,-239,-502,38
2026-07-02T20:14:45.444,5.990857,FRAME,7118,23250,-250,-291,-224,-480,38
2026-07-02T20:14:45.445,5.991461,FRAME,7119,23251,-257,-289,-232,-503,38
2026-07-02T20:14:45.445,5.992180,FRAME,7120,23252,-282,-288,-199,-482,38
2026-07-02T20:14:45.446,5.992885,FRAME,7121,23253,-257,-275,-199,-464,38
2026-07-02T20:14:45.447,5.993474,FRAME,7122,23254,-297,-309,-210,-488,38
2026-07-02T20:14:45.447,5.994077,FRAME,7123,23255,-281,-284,-217,-461,38
2026-07-02T20:14:45.448,5.994673,FRAME,7124,23256,-266,-291,-215,-475,38
2026-07-02T20:14:45.449,5.995269,FRAME,7125,23257,-264,-285,-207,-488,38
2026-07-02T20:14:45.449,5.995862,FRAME,7126,23258,-274,-271,-196,-446,38
2026-07-02T20:14:45.450,5.996464,FRAME,7127,23259,-252,-246,-177,-448,38
2026-07-02T20:14:45.450,5.997062,FRAME,7128,23260,-209,-278,-179,-466,38
2026-07-02T20:14:45.451,5.997637,FRAME,7129,23261,-244,-257,-222,-488,38
2026-07-02T20:14:45.452,5.998251,FRAME,7130,23262,-212,-283,-171,-473,38
2026-07-02T20:14:45.452,5.998832,FRAME,7131,23263,-188,-290,-166,-455,38
2026-07-02T20:14:45.453,5.999411,FRAME,7132,23264,-219,-285,-216,-488,38
2026-07-02T20:14:45.453,5.999993,FRAME,7133,23265,-178,-263,-192,-496,38
2026-07-02T20:14:45.454,6.000580,FRAME,7134,23266,-162,-269,-216,-445,38
2026-07-02T20:14:45.455,6.001205,FRAME,7135,23267,-148,-189,-202,-533,38
2026-07-02T20:14:45.455,6.001821,FRAME,7136,23268,-171,-237,-191,-488,38
2026-07-02T20:14:45.456,6.002429,FRAME,7137,23269,-149,-255,-163,-463,38
2026-07-02T20:14:45.456,6.003023,FRAME,7138,23270,-119,-221,-162,-472,38
2026-07-02T20:14:45.457,6.003613,FRAME,7139,23271,-122,-224,-139,-478,38
2026-07-02T20:14:45.458,6.004236,FRAME,7140,23272,-166,-222,-148,-468,38
2026-07-02T20:14:45.458,6.004973,FRAME,7141,23273,-159,-162,-166,-410,38
2026-07-02T20:14:45.459,6.005663,FRAME,7142,23274,-161,-225,-175,-437,38
2026-07-02T20:14:45.460,6.006274,FRAME,7143,23275,-132,-217,-169,-410,38
2026-07-02T20:14:45.460,6.006871,FRAME,7144,23276,-195,-213,-182,-453,38
2026-07-02T20:14:45.461,6.007482,FRAME,7145,23277,-227,-230,-202,-427,38
2026-07-02T20:14:45.461,6.008101,FRAME,7146,23278,-273,-243,-216,-499,38
2026-07-02T20:14:45.462,6.008708,FRAME,7147,23279,-280,-262,-220,-461,38
2026-07-02T20:14:45.463,6.009316,FRAME,7148,23280,-341,-309,-206,-463,38
2026-07-02T20:14:45.463,6.009912,FRAME,7149,23281,-280,-270,-272,-527,38
2026-07-02T20:14:45.464,6.010505,FRAME,7150,23282,-289,-318,-251,-487,38
2026-07-02T20:14:45.464,6.011107,FRAME,7151,23283,-294,-322,-268,-508,38
2026-07-02T20:14:45.465,6.011710,FRAME,7152,23284,-293,-304,-256,-511,38
2026-07-02T20:14:45.466,6.012313,FRAME,7153,23285,-310,-321,-279,-492,38
2026-07-02T20:14:45.466,6.012915,FRAME,7154,23286,-341,-331,-279,-535,38
2026-07-02T20:14:45.467,6.013507,FRAME,7155,23287,-343,-301,-320,-573,38
2026-07-02T20:14:45.467,6.014108,FRAME,7156,23288,-360,-361,-290,-545,38
2026-07-02T20:14:45.468,6.014699,FRAME,7157,23289,-365,-316,-263,-511,38
2026-07-02T20:14:45.469,6.015295,FRAME,7158,23290,-402,-352,-301,-441,38
2026-07-02T20:14:45.469,6.015888,FRAME,7159,23291,-407,-328,-289,-459,38
2026-07-02T20:14:45.470,6.016495,FRAME,7160,23292,-430,-330,-292,-487,38
2026-07-02T20:14:45.470,6.017155,FRAME,7161,23293,-451,-343,-291,-500,38
2026-07-02T20:14:45.471,6.017752,FRAME,7162,23294,-465,-369,-320,-529,38
2026-07-02T20:14:45.472,6.018354,FRAME,7163,23295,-474,-376,-303,-525,38
2026-07-02T20:14:45.472,6.018945,FRAME,7164,23296,-470,-351,-297,-524,38
2026-07-02T20:14:45.473,6.019535,FRAME,7165,23297,-529,-419,-322,-490,38
2026-07-02T20:14:45.474,6.020619,FRAME,7166,23298,-480,-390,-333,-515,38
2026-07-02T20:14:45.475,6.021687,FRAME,7167,23299,-467,-420,-339,-580,38
2026-07-02T20:14:45.476,6.022570,FRAME,7168,23300,-461,-363,-324,-566,38
2026-07-02T20:14:45.477,6.023634,FRAME,7169,23301,-458,-400,-321,-552,38
2026-07-02T20:14:45.478,6.024893,FRAME,7170,23302,-500,-429,-282,-529,38
2026-07-02T20:14:45.480,6.026287,FRAME,7171,23303,-502,-349,-287,-542,38
2026-07-02T20:14:45.480,6.026919,FRAME,7172,23304,-450,-390,-279,-507,38
2026-07-02T20:14:45.481,6.027510,FRAME,7173,23305,-423,-379,-253,-511,38
2026-07-02T20:14:45.482,6.028347,FRAME,7174,23306,-413,-347,-242,-510,38
2026-07-02T20:14:45.483,6.029248,FRAME,7175,23307,-404,-358,-245,-497,38
2026-07-02T20:14:45.483,6.030153,FRAME,7176,23308,-353,-309,-220,-518,38
2026-07-02T20:14:45.484,6.031057,FRAME,7177,23309,-393,-389,-220,-475,38
2026-07-02T20:14:45.485,6.031961,FRAME,7178,23310,-392,-356,-248,-469,38
2026-07-02T20:14:45.486,6.032763,FRAME,7179,23311,-419,-348,-243,-456,38
2026-07-02T20:14:45.487,6.033610,FRAME,7180,23312,-446,-337,-257,-506,38
2026-07-02T20:14:45.488,6.034521,FRAME,7181,23313,-474,-362,-273,-477,38
2026-07-02T20:14:45.489,6.035417,FRAME,7182,23314,-492,-421,-249,-509,38
2026-07-02T20:14:45.489,6.036076,FRAME,7183,23315,-460,-429,-318,-494,38
2026-07-02T20:14:45.490,6.036759,FRAME,7184,23316,-475,-419,-336,-524,38
2026-07-02T20:14:45.491,6.037779,FRAME,7185,23317,-465,-392,-314,-523,38
2026-07-02T20:14:45.492,6.038627,FRAME,7186,23318,-475,-409,-312,-524,38
2026-07-02T20:14:45.493,6.039525,FRAME,7187,23319,-436,-390,-278,-538,38
2026-07-02T20:14:45.494,6.040427,FRAME,7188,23320,-485,-376,-270,-483,38
2026-07-02T20:14:45.495,6.041360,FRAME,7189,23321,-430,-336,-284,-492,38
2026-07-02T20:14:45.496,6.042288,FRAME,7190,23322,-468,-307,-267,-518,38
2026-07-02T20:14:45.497,6.043220,FRAME,7191,23323,-442,-289,-247,-497,38
2026-07-02T20:14:45.497,6.044155,FRAME,7192,23324,-408,-268,-230,-513,38
2026-07-02T20:14:45.498,6.044975,FRAME,7193,23325,-378,-274,-169,-465,38
2026-07-02T20:14:45.499,6.045989,FRAME,7194,23326,-345,-263,-209,-468,38
2026-07-02T20:14:45.500,6.046982,FRAME,7195,23327,-348,-235,-226,-440,38
2026-07-02T20:14:45.501,6.047970,FRAME,7196,23328,-308,-221,-189,-454,38
2026-07-02T20:14:45.502,6.049017,FRAME,7197,23329,-316,-240,-193,-454,38
2026-07-02T20:14:45.503,6.050117,FRAME,7198,23330,-257,-199,-217,-460,38
2026-07-02T20:14:45.504,6.050925,FRAME,7199,23331,-199,-172,-137,-455,38
2026-07-02T20:14:45.505,6.051526,FRAME,7200,23332,-166,-172,-145,-448,38
2026-07-02T20:14:45.505,6.052134,FRAME,7201,23333,-132,-146,-137,-479,38
2026-07-02T20:14:45.506,6.052713,FRAME,7202,23334,-134,-140,-95,-492,37
2026-07-02T20:14:45.507,6.053428,FRAME,7203,23335,-75,-131,-100,-449,37
2026-07-02T20:14:45.508,6.054262,FRAME,7204,23336,-56,-157,-69,-431,36
2026-07-02T20:14:45.508,6.054846,FRAME,7205,23337,-57,-150,-66,-436,36
2026-07-02T20:14:45.509,6.055561,FRAME,7206,23338,-40,-110,-83,-444,36
2026-07-02T20:14:45.510,6.056325,FRAME,7207,23339,-31,-140,-105,-409,37
2026-07-02T20:14:45.510,6.056911,FRAME,7208,23340,-49,-104,-75,-430,36
2026-07-02T20:14:45.511,6.057480,FRAME,7209,23341,-19,-99,-64,-396,35
2026-07-02T20:14:45.511,6.058058,FRAME,7210,23342,-25,-73,-19,-416,35
2026-07-02T20:14:45.512,6.058645,FRAME,7211,23343,-50,-84,-32,-379,35
2026-07-02T20:14:45.513,6.059371,FRAME,7212,23344,-34,-83,-60,-402,35
2026-07-02T20:14:45.540,6.086847,FRAME,7213,23345,-29,-65,-43,-412,35
2026-07-02T20:14:45.541,6.087641,FRAME,7214,23346,-44,-88,-13,-405,35
2026-07-02T20:14:45.542,6.088361,FRAME,7215,23347,-26,-55,-45,-409,35
2026-07-02T20:14:45.542,6.088973,FRAME,7216,23348,12,-67,-46,-413,34
2026-07-02T20:14:45.543,6.089584,FRAME,7217,23349,-7,-79,-37,-448,34
2026-07-02T20:14:45.543,6.090148,FRAME,7218,23350,-45,-75,-27,-403,35
2026-07-02T20:14:45.544,6.090693,FRAME,7219,23351,26,-44,-82,-379,34
2026-07-02T20:14:45.545,6.091248,FRAME,7220,23352,-11,-73,-52,-447,35
2026-07-02T20:14:45.545,6.091794,FRAME,7221,23353,-4,-36,-54,-393,34
2026-07-02T20:14:45.546,6.092382,FRAME,7222,23354,26,-41,-69,-398,34
2026-07-02T20:14:45.547,6.093245,FRAME,7223,23355,33,-41,-46,-451,34
2026-07-02T20:14:45.547,6.093790,FRAME,7224,23356,14,-67,-66,-428,34
2026-07-02T20:14:45.548,6.094342,FRAME,7225,23357,-34,-75,-59,-355,35
2026-07-02T20:14:45.548,6.094910,FRAME,7226,23358,15,-45,-54,-428,34
2026-07-02T20:14:45.549,6.095473,FRAME,7227,23359,-26,-77,-61,-415,35
2026-07-02T20:14:45.549,6.096045,FRAME,7228,23360,-12,-97,-103,-390,36
2026-07-02T20:14:45.550,6.096563,FRAME,7229,23361,0,-77,-87,-382,33
2026-07-02T20:14:45.551,6.097239,FRAME,7230,23362,-39,-79,-120,-437,36
2026-07-02T20:14:45.551,6.097934,FRAME,7231,23363,-76,-125,-139,-448,37
2026-07-02T20:14:45.552,6.098938,FRAME,7232,23364,-159,-140,-131,-439,38
2026-07-02T20:14:45.553,6.099922,FRAME,7233,23365,-135,-196,-169,-460,38
2026-07-02T20:14:45.554,6.100927,FRAME,7234,23366,-169,-225,-176,-442,38
2026-07-02T20:14:45.555,6.102014,FRAME,7235,23367,-199,-219,-167,-461,38
2026-07-02T20:14:45.556,6.103174,FRAME,7236,23368,-243,-244,-162,-485,38
2026-07-02T20:14:45.557,6.103993,FRAME,7237,23369,-199,-229,-202,-528,38
2026-07-02T20:14:45.558,6.104603,FRAME,7238,23370,-209,-209,-186,-471,38
2026-07-02T20:14:45.559,6.105225,FRAME,7239,23371,-290,-259,-223,-430,38
2026-07-02T20:14:45.559,6.105962,FRAME,7240,23372,-275,-242,-192,-458,38
2026-07-02T20:14:45.560,6.106661,FRAME,7241,23373,-266,-281,-242,-504,38
2026-07-02T20:14:45.561,6.107477,FRAME,7242,23374,-229,-216,-202,-459,38
2026-07-02T20:14:45.562,6.108800,FRAME,7243,23375,-262,-278,-200,-458,38
2026-07-02T20:14:45.563,6.109985,FRAME,7244,23376,-185,-252,-210,-442,38
2026-07-02T20:14:45.564,6.110927,FRAME,7245,23377,-240,-195,-228,-418,38
2026-07-02T20:14:45.565,6.111505,FRAME,7246,23378,-228,-264,-205,-468,38
2026-07-02T20:14:45.566,6.112330,FRAME,7247,23379,-232,-298,-194,-464,38
2026-07-02T20:14:45.566,6.113117,FRAME,7248,23380,-251,-288,-235,-515,38
2026-07-02T20:14:45.567,6.113895,FRAME,7249,23381,-285,-265,-229,-495,38
2026-07-02T20:14:45.568,6.114737,FRAME,7250,23382,-251,-283,-254,-507,38
2026-07-02T20:14:45.569,6.115484,FRAME,7251,23383,-285,-314,-241,-566,38
2026-07-02T20:14:45.570,6.116421,FRAME,7252,23384,-345,-343,-244,-514,38
2026-07-02T20:14:45.571,6.117346,FRAME,7253,23385,-376,-338,-286,-545,38
2026-07-02T20:14:45.572,6.118325,FRAME,7254,23386,-306,-369,-305,-513,38
2026-07-02T20:14:45.572,6.119022,FRAME,7255,23387,-319,-380,-267,-450,38
2026-07-02T20:14:45.573,6.119659,FRAME,7256,23388,-295,-355,-279,-451,38
2026-07-02T20:14:45.574,6.120725,FRAME,7257,23389,-261,-295,-219,-414,38
2026-07-02T20:14:45.575,6.121620,FRAME,7258,23390,-249,-332,-227,-465,38
2026-07-02T20:14:45.576,6.122522,FRAME,7259,23391,-277,-300,-222,-431,38
2026-07-02T20:14:45.577,6.123425,FRAME,7260,23392,-204,-282,-224,-430,38
2026-07-02T20:14:45.578,6.124343,FRAME,7261,23393,-168,-303,-224,-447,38
2026-07-02T20:14:45.579,6.125246,FRAME,7262,23394,-244,-292,-247,-456,38
2026-07-02T20:14:45.579,6.126153,FRAME,7263,23395,-260,-336,-241,-458,38
2026-07-02T20:14:45.580,6.127002,FRAME,7264,23396,-308,-364,-281,-505,38
2026-07-02T20:14:45.581,6.127744,FRAME,7265,23397,-288,-344,-269,-477,38
2026-07-02T20:14:45.582,6.128446,FRAME,7266,23398,-302,-371,-268,-463,38
2026-07-02T20:14:45.582,6.129144,FRAME,7267,23399,-306,-382,-306,-488,38
2026-07-02T20:14:45.583,6.129983,FRAME,7268,23400,-358,-396,-261,-484,38
2026-07-02T20:14:45.584,6.130944,FRAME,7269,23401,-329,-426,-256,-541,38
2026-07-02T20:14:45.585,6.131753,FRAME,7270,23402,-352,-393,-250,-537,38
2026-07-02T20:14:45.586,6.132605,FRAME,7271,23403,-359,-398,-268,-515,38
2026-07-02T20:14:45.587,6.133344,FRAME,7272,23404,-360,-341,-243,-522,38
2026-07-02T20:14:45.587,6.134151,FRAME,7273,23405,-405,-365,-260,-464,38
2026-07-02T20:14:45.588,6.134960,FRAME,7274,23406,-423,-355,-182,-501,38
2026-07-02T20:14:45.589,6.135630,FRAME,7275,23407,-375,-331,-220,-491,38
2026-07-02T20:14:45.590,6.136257,FRAME,7276,23408,-321,-302,-159,-460,38
2026-07-02T20:14:45.590,6.136859,FRAME,7277,23409,-329,-340,-231,-454,38
2026-07-02T20:14:45.591,6.137455,FRAME,7278,23410,-337,-316,-209,-492,38
2026-07-02T20:14:45.591,6.138064,FRAME,7279,23411,-271,-346,-186,-479,38
2026-07-02T20:14:45.592,6.138663,FRAME,7280,23412,-273,-303,-144,-481,38
2026-07-02T20:14:45.593,6.139256,FRAME,7281,23413,-211,-270,-193,-506,38
2026-07-02T20:14:45.593,6.139858,FRAME,7282,23414,-227,-234,-183,-477,38
2026-07-02T20:14:45.594,6.140477,FRAME,7283,23415,-184,-223,-154,-475,38
2026-07-02T20:14:45.594,6.141092,FRAME,7284,23416,-145,-232,-136,-487,38
2026-07-02T20:14:45.595,6.141701,FRAME,7285,23417,-186,-279,-137,-490,38
2026-07-02T20:14:45.596,6.142306,FRAME,7286,23418,-172,-310,-160,-488,38
2026-07-02T20:14:45.596,6.142918,FRAME,7287,23419,-154,-240,-188,-486,38
2026-07-02T20:14:45.597,6.143536,FRAME,7288,23420,-191,-269,-112,-451,38
2026-07-02T20:14:45.597,6.144157,FRAME,7289,23421,-209,-260,-154,-462,38
2026-07-02T20:14:45.598,6.144794,FRAME,7290,23422,-183,-276,-151,-484,38
2026-07-02T20:14:45.599,6.145402,FRAME,7291,23423,-222,-270,-168,-463,38
2026-07-02T20:14:45.599,6.146029,FRAME,7292,23424,-231,-259,-173,-461,38
2026-07-02T20:14:45.600,6.146679,FRAME,7293,23425,-253,-272,-208,-418,38
2026-07-02T20:14:45.601,6.147290,FRAME,7294,23426,-193,-254,-146,-439,38
2026-07-02T20:14:45.601,6.147897,FRAME,7295,23427,-160,-301,-156,-415,38
2026-07-02T20:14:45.602,6.148628,FRAME,7296,23428,-193,-243,-154,-441,38
2026-07-02T20:14:45.603,6.149391,FRAME,7297,23429,-182,-239,-195,-473,38
2026-07-02T20:14:45.603,6.149994,FRAME,7298,23430,-203,-307,-195,-441,38
2026-07-02T20:14:45.604,6.150584,FRAME,7299,23431,-196,-279,-205,-475,38
2026-07-02T20:14:45.605,6.151209,FRAME,7300,23431,-174,-240,-169,-451,38
2026-07-02T20:14:45.605,6.151801,FRAME,7301,23432,-204,-249,-179,-499,38
2026-07-02T20:14:45.606,6.152397,FRAME,7302,23433,-182,-241,-156,-481,38
2026-07-02T20:14:45.606,6.152992,FRAME,7303,23434,-190,-244,-144,-487,38
2026-07-02T20:14:45.607,6.153638,FRAME,7304,23435,-131,-217,-154,-477,38
2026-07-02T20:14:45.608,6.154256,FRAME,7305,23436,-161,-217,-144,-480,38
2026-07-02T20:14:45.608,6.154836,FRAME,7306,23437,-135,-226,-98,-443,37
2026-07-02T20:14:45.609,6.155434,FRAME,7307,23438,-155,-207,-112,-460,38
2026-07-02T20:14:45.609,6.156033,FRAME,7308,23439,-176,-219,-120,-454,38
2026-07-02T20:14:45.610,6.156684,FRAME,7309,23440,-193,-197,-142,-409,38
2026-07-02T20:14:45.611,6.157283,FRAME,7310,23441,-140,-196,-128,-413,38
2026-07-02T20:14:45.611,6.157894,FRAME,7311,23442,-193,-200,-146,-461,38
2026-07-02T20:14:45.612,6.158503,FRAME,7312,23443,-191,-228,-140,-468,38
2026-07-02T20:14:45.612,6.159121,FRAME,7313,23444,-215,-261,-189,-476,38
2026-07-02T20:14:45.613,6.159724,FRAME,7314,23445,-272,-287,-194,-474,38
2026-07-02T20:14:45.614,6.160442,FRAME,7315,23446,-313,-345,-217,-476,38
2026-07-02T20:14:45.614,6.161058,FRAME,7316,23447,-301,-313,-194,-519,38
2026-07-02T20:14:45.615,6.161645,FRAME,7317,23448,-246,-308,-216,-520,38
2026-07-02T20:14:45.616,6.162257,FRAME,7318,23449,-298,-319,-233,-531,38
2026-07-02T20:14:45.616,6.162968,FRAME,7319,23450,-311,-340,-241,-542,38
2026-07-02T20:14:45.617,6.163713,FRAME,7320,23451,-340,-363,-265,-522,38
2026-07-02T20:14:45.648,6.194669,FRAME,7321,23453,-330,-370,-244,-557,38
2026-07-02T20:14:45.649,6.195694,FRAME,7322,23454,-325,-368,-310,-508,38
2026-07-02T20:14:45.650,6.196780,FRAME,7323,23455,-344,-351,-246,-541,38
2026-07-02T20:14:45.651,6.197825,FRAME,7324,23456,-322,-377,-275,-488,38
2026-07-02T20:14:45.652,6.198770,FRAME,7325,23457,-364,-339,-269,-483,38
2026-07-02T20:14:45.653,6.199665,FRAME,7326,23458,-344,-339,-268,-477,38
2026-07-02T20:14:45.654,6.200539,FRAME,7327,23459,-327,-310,-274,-505,38
2026-07-02T20:14:45.655,6.201728,FRAME,7328,23460,-326,-334,-283,-495,38
2026-07-02T20:14:45.656,6.202751,FRAME,7329,23461,-364,-376,-283,-506,38
2026-07-02T20:14:45.657,6.203539,FRAME,7330,23462,-396,-383,-304,-537,38
2026-07-02T20:14:45.658,6.204345,FRAME,7331,23463,-405,-365,-260,-518,38
2026-07-02T20:14:45.659,6.205279,FRAME,7332,23464,-397,-342,-330,-534,38
2026-07-02T20:14:45.660,6.206338,FRAME,7333,23465,-413,-393,-285,-539,38
2026-07-02T20:14:45.660,6.207153,FRAME,7334,23466,-387,-339,-311,-556,38
2026-07-02T20:14:45.662,6.208457,FRAME,7335,23467,-400,-354,-290,-544,38
2026-07-02T20:14:45.663,6.209426,FRAME,7336,23468,-431,-390,-291,-539,38
2026-07-02T20:14:45.664,6.210207,FRAME,7337,23469,-444,-321,-252,-535,38
2026-07-02T20:14:45.664,6.210830,FRAME,7338,23470,-384,-328,-246,-501,38
2026-07-02T20:14:45.665,6.211481,FRAME,7339,23471,-423,-265,-220,-492,38
2026-07-02T20:14:45.665,6.212144,FRAME,7340,23472,-394,-271,-233,-477,38
2026-07-02T20:14:45.666,6.212826,FRAME,7341,23473,-344,-260,-241,-474,38
2026-07-02T20:14:45.667,6.213484,FRAME,7342,23474,-327,-221,-200,-473,38
2026-07-02T20:14:45.668,6.214280,FRAME,7343,23475,-330,-208,-205,-455,38
2026-07-02T20:14:45.668,6.215128,FRAME,7344,23476,-284,-235,-196,-479,38
2026-07-02T20:14:45.670,6.216267,FRAME,7345,23477,-258,-226,-206,-507,38
2026-07-02T20:14:45.670,6.217188,FRAME,7346,23478,-300,-251,-186,-491,38
2026-07-02T20:14:45.671,6.218053,FRAME,7347,23479,-361,-291,-257,-502,38
2026-07-02T20:14:45.672,6.218911,FRAME,7348,23480,-334,-318,-274,-505,38
2026-07-02T20:14:45.673,6.219782,FRAME,7349,23481,-340,-295,-245,-500,38
2026-07-02T20:14:45.674,6.220631,FRAME,7350,23482,-324,-322,-273,-534,38
2026-07-02T20:14:45.675,6.221533,FRAME,7351,23483,-318,-297,-262,-531,38
2026-07-02T20:14:45.676,6.222471,FRAME,7352,23484,-369,-336,-264,-509,38
2026-07-02T20:14:45.677,6.223336,FRAME,7353,23485,-312,-343,-268,-526,38
2026-07-02T20:14:45.678,6.224201,FRAME,7354,23486,-312,-324,-298,-534,38
2026-07-02T20:14:45.678,6.225049,FRAME,7355,23487,-245,-330,-259,-491,38
2026-07-02T20:14:45.679,6.225899,FRAME,7356,23488,-270,-339,-253,-465,38
2026-07-02T20:14:45.680,6.226826,FRAME,7357,23489,-225,-288,-243,-517,38
2026-07-02T20:14:45.681,6.227825,FRAME,7358,23490,-265,-336,-256,-453,38
2026-07-02T20:14:45.682,6.228859,FRAME,7359,23491,-287,-313,-249,-471,38
2026-07-02T20:14:45.683,6.229909,FRAME,7360,23492,-273,-291,-210,-445,38
2026-07-02T20:14:45.684,6.231115,FRAME,7361,23493,-256,-275,-245,-462,38
2026-07-02T20:14:45.686,6.232261,FRAME,7362,23494,-246,-292,-213,-468,38
2026-07-02T20:14:45.687,6.233321,FRAME,7363,23495,-197,-250,-179,-492,38
2026-07-02T20:14:45.688,6.234322,FRAME,7364,23496,-212,-249,-207,-450,38
2026-07-02T20:14:45.689,6.235306,FRAME,7365,23497,-195,-222,-196,-460,38
2026-07-02T20:14:45.690,6.236302,FRAME,7366,23498,-170,-261,-184,-466,38
2026-07-02T20:14:45.691,6.237287,FRAME,7367,23499,-152,-251,-169,-458,38
2026-07-02T20:14:45.692,6.238275,FRAME,7368,23500,-113,-204,-174,-483,38
2026-07-02T20:14:45.693,6.239271,FRAME,7369,23501,-130,-243,-175,-462,38
2026-07-02T20:14:45.694,6.240310,FRAME,7370,23502,-159,-239,-161,-447,38
2026-07-02T20:14:45.695,6.241499,FRAME,7371,23503,-169,-229,-172,-456,38
2026-07-02T20:14:45.696,6.242720,FRAME,7372,23504,-170,-232,-193,-475,38
2026-07-02T20:14:45.697,6.243919,FRAME,7373,23505,-164,-214,-182,-478,38
2026-07-02T20:14:45.698,6.244905,FRAME,7374,23506,-161,-216,-161,-439,38
2026-07-02T20:14:45.699,6.245909,FRAME,7375,23507,-181,-220,-159,-460,38
2026-07-02T20:14:45.700,6.246886,FRAME,7376,23508,-146,-186,-166,-447,38
2026-07-02T20:14:45.701,6.247875,FRAME,7377,23509,-162,-164,-140,-438,38
2026-07-02T20:14:45.702,6.248856,FRAME,7378,23510,-153,-147,-153,-458,38
2026-07-02T20:14:45.703,6.249833,FRAME,7379,23511,-139,-173,-155,-484,38
2026-07-02T20:14:45.704,6.250808,FRAME,7380,23512,-158,-189,-177,-454,38
2026-07-02T20:14:45.705,6.251790,FRAME,7381,23513,-182,-141,-134,-500,38
2026-07-02T20:14:45.706,6.252803,FRAME,7382,23514,-172,-165,-131,-458,38
2026-07-02T20:14:45.707,6.253820,FRAME,7383,23515,-140,-135,-148,-484,38
2026-07-02T20:14:45.708,6.254826,FRAME,7384,23515,-144,-171,-137,-469,38
2026-07-02T20:14:45.709,6.255853,FRAME,7385,23516,-111,-169,-118,-507,38
2026-07-02T20:14:45.710,6.256910,FRAME,7386,23517,-105,-153,-105,-477,38
2026-07-02T20:14:45.711,6.258087,FRAME,7387,23518,-129,-127,-104,-450,38
2026-07-02T20:14:45.713,6.259202,FRAME,7388,23519,-84,-139,-126,-483,37
2026-07-02T20:14:45.714,6.260272,FRAME,7389,23520,-124,-141,-124,-415,38
2026-07-02T20:14:45.715,6.261271,FRAME,7390,23521,-102,-164,-167,-470,38
2026-07-02T20:14:45.716,6.262255,FRAME,7391,23522,-115,-151,-125,-429,38
2026-07-02T20:14:45.717,6.263246,FRAME,7392,23523,-158,-164,-160,-451,38
2026-07-02T20:14:45.718,6.264293,FRAME,7393,23524,-210,-149,-161,-505,38
2026-07-02T20:14:45.719,6.265445,FRAME,7394,23525,-232,-182,-154,-461,38
2026-07-02T20:14:45.720,6.266440,FRAME,7395,23526,-175,-196,-178,-450,38
2026-07-02T20:14:45.721,6.267437,FRAME,7396,23527,-230,-248,-170,-483,38
2026-07-02T20:14:45.722,6.268486,FRAME,7397,23528,-208,-211,-217,-490,38
2026-07-02T20:14:45.723,6.269482,FRAME,7398,23529,-174,-179,-162,-470,38
2026-07-02T20:14:45.724,6.270477,FRAME,7399,23530,-201,-281,-166,-514,38
2026-07-02T20:14:45.725,6.271503,FRAME,7400,23531,-206,-224,-196,-527,38
2026-07-02T20:14:45.726,6.272510,FRAME,7401,23532,-216,-247,-227,-529,38
2026-07-02T20:14:45.727,6.273671,FRAME,7402,23533,-251,-261,-193,-495,38
2026-07-02T20:14:45.728,6.274841,FRAME,7403,23534,-227,-293,-244,-531,38
2026-07-02T20:14:45.729,6.276014,FRAME,7404,23535,-280,-306,-226,-520,38
2026-07-02T20:14:45.730,6.277132,FRAME,7405,23536,-327,-353,-244,-535,38
2026-07-02T20:14:45.731,6.278133,FRAME,7406,23537,-331,-332,-217,-519,38
2026-07-02T20:14:45.732,6.279134,FRAME,7407,23538,-351,-325,-224,-492,38
2026-07-02T20:14:45.733,6.280138,FRAME,7408,23539,-345,-264,-196,-479,38
2026-07-02T20:14:45.734,6.281146,FRAME,7409,23540,-324,-274,-240,-502,38
2026-07-02T20:14:45.735,6.282013,FRAME,7410,23541,-373,-307,-233,-526,38
2026-07-02T20:14:45.736,6.282916,FRAME,7411,23542,-349,-303,-270,-475,38
2026-07-02T20:14:45.737,6.283528,FRAME,7412,23543,-326,-325,-221,-517,38
2026-07-02T20:14:45.737,6.284162,FRAME,7413,23544,-403,-330,-298,-515,38
2026-07-02T20:14:45.738,6.284773,FRAME,7414,23545,-368,-341,-290,-493,38
2026-07-02T20:14:45.739,6.285873,FRAME,7415,23546,-383,-344,-281,-523,38
2026-07-02T20:14:45.740,6.286788,FRAME,7416,23547,-364,-351,-282,-522,38
2026-07-02T20:14:45.741,6.287688,FRAME,7417,23548,-377,-401,-277,-502,38
2026-07-02T20:14:45.742,6.288589,FRAME,7418,23549,-391,-364,-256,-504,38
2026-07-02T20:14:45.743,6.289497,FRAME,7419,23550,-361,-437,-236,-494,38
2026-07-02T20:14:45.744,6.290417,FRAME,7420,23551,-353,-354,-224,-507,38
2026-07-02T20:14:45.745,6.291337,FRAME,7421,23552,-301,-334,-215,-488,38
2026-07-02T20:14:45.746,6.292303,FRAME,7422,23553,-296,-303,-166,-495,38
2026-07-02T20:14:45.746,6.293182,FRAME,7423,23554,-309,-349,-181,-507,38
2026-07-02T20:14:45.747,6.293943,FRAME,7424,23555,-265,-323,-178,-476,38
2026-07-02T20:14:45.748,6.294673,FRAME,7425,23556,-234,-276,-181,-444,38
2026-07-02T20:14:45.749,6.295297,FRAME,7426,23557,-273,-312,-150,-456,38
2026-07-02T20:14:45.749,6.296178,FRAME,7427,23558,-285,-277,-213,-491,38
2026-07-02T20:14:45.758,6.304347,FRAME,7428,23559,-341,-307,-180,-440,38
2026-07-02T20:14:45.759,6.305539,FRAME,7429,23560,-325,-300,-170,-470,38
2026-07-02T20:14:45.760,6.306478,FRAME,7430,23561,-320,-365,-165,-483,38
2026-07-02T20:14:45.760,6.307138,FRAME,7431,23563,-374,-358,-189,-515,38
2026-07-02T20:14:45.761,6.307761,FRAME,7432,23564,-298,-371,-209,-511,38
2026-07-02T20:14:45.762,6.308413,FRAME,7433,23565,-319,-341,-233,-492,38
2026-07-02T20:14:45.762,6.309133,FRAME,7434,23566,-293,-338,-138,-503,38
2026-07-02T20:14:45.763,6.309846,FRAME,7435,23567,-296,-307,-137,-483,38
2026-07-02T20:14:45.764,6.310477,FRAME,7436,23568,-297,-329,-155,-495,38
2026-07-02T20:14:45.764,6.311134,FRAME,7437,23569,-295,-294,-174,-502,38
2026-07-02T20:14:45.765,6.311773,FRAME,7438,23570,-306,-331,-173,-492,38
2026-07-02T20:14:45.766,6.312409,FRAME,7439,23571,-324,-320,-188,-502,38
2026-07-02T20:14:45.766,6.313024,FRAME,7440,23572,-321,-317,-175,-475,38
2026-07-02T20:14:45.767,6.313659,FRAME,7441,23573,-335,-274,-174,-459,38
2026-07-02T20:14:45.768,6.314302,FRAME,7442,23574,-252,-273,-180,-450,38
2026-07-02T20:14:45.768,6.314904,FRAME,7443,23575,-322,-227,-144,-450,38
2026-07-02T20:14:45.769,6.315537,FRAME,7444,23576,-267,-246,-141,-457,38
2026-07-02T20:14:45.770,6.316200,FRAME,7445,23577,-264,-217,-141,-459,38
2026-07-02T20:14:45.770,6.316876,FRAME,7446,23578,-194,-215,-135,-430,38
2026-07-02T20:14:45.771,6.317582,FRAME,7447,23579,-200,-169,-124,-429,38
2026-07-02T20:14:45.772,6.318212,FRAME,7448,23580,-166,-133,-87,-475,37
2026-07-02T20:14:45.772,6.318796,FRAME,7449,23581,-109,-165,-80,-428,37
2026-07-02T20:14:45.773,6.319396,FRAME,7450,23582,-95,-141,-97,-443,36
2026-07-02T20:14:45.773,6.319968,FRAME,7451,23583,-70,-137,-63,-430,36
2026-07-02T20:14:45.774,6.320600,FRAME,7452,23584,-24,-83,-66,-443,35
2026-07-02T20:14:45.774,6.321172,FRAME,7453,23585,1,-66,-50,-390,33
2026-07-02T20:14:45.775,6.321728,FRAME,7454,23586,-33,-59,-33,-395,35
2026-07-02T20:14:45.776,6.322326,FRAME,7455,23587,26,-57,-5,-391,33
2026-07-02T20:14:45.776,6.322948,FRAME,7456,23588,27,3,-43,-411,32
2026-07-02T20:14:45.777,6.323555,FRAME,7457,23589,30,-68,20,-364,33
2026-07-02T20:14:45.777,6.324167,FRAME,7458,23590,37,-37,10,-350,33
2026-07-02T20:14:45.778,6.324825,FRAME,7459,23591,99,-24,23,-361,33
2026-07-02T20:14:45.779,6.325377,FRAME,7460,23592,64,-4,21,-391,32
2026-07-02T20:14:45.779,6.325922,FRAME,7461,23593,113,-12,29,-352,34
2026-07-02T20:14:45.780,6.326526,FRAME,7462,23594,135,26,49,-410,33
2026-07-02T20:14:45.780,6.327127,FRAME,7463,23595,118,22,49,-338,33
2026-07-02T20:14:45.781,6.327720,FRAME,7464,23596,153,21,69,-392,33
2026-07-02T20:14:45.782,6.328297,FRAME,7465,23597,186,-12,44,-423,34
2026-07-02T20:14:45.782,6.328825,FRAME,7466,23598,147,17,17,-412,33
2026-07-02T20:14:45.783,6.329388,FRAME,7467,23598,130,22,22,-399,33
2026-07-02T20:14:45.783,6.329940,FRAME,7468,23599,152,35,21,-400,33
2026-07-02T20:14:45.784,6.330497,FRAME,7469,23600,149,-9,55,-396,33
2026-07-02T20:14:45.784,6.331151,FRAME,7470,23601,156,-20,0,-396,33
2026-07-02T20:14:45.785,6.331722,FRAME,7471,23602,127,-57,-3,-347,34
2026-07-02T20:14:45.786,6.332303,FRAME,7472,23603,129,-6,2,-387,32
2026-07-02T20:14:45.787,6.333201,FRAME,7473,23604,110,-43,-22,-415,35
2026-07-02T20:14:45.787,6.334177,FRAME,7474,23605,89,-62,5,-364,32
2026-07-02T20:14:45.788,6.334753,FRAME,7475,23606,60,-94,-46,-396,34
2026-07-02T20:14:45.789,6.335323,FRAME,7476,23607,42,-50,-46,-392,34
2026-07-02T20:14:45.789,6.335869,FRAME,7477,23608,33,-71,-56,-401,34
2026-07-02T20:14:45.790,6.336470,FRAME,7478,23609,-30,-114,-84,-383,36
2026-07-02T20:14:45.790,6.337069,FRAME,7479,23610,-18,-108,-90,-421,36
2026-07-02T20:14:45.791,6.337639,FRAME,7480,23611,-66,-125,-94,-400,36
2026-07-02T20:14:45.792,6.338314,FRAME,7481,23612,-100,-196,-115,-428,38
2026-07-02T20:14:45.792,6.338912,FRAME,7482,23613,-154,-196,-102,-480,38
2026-07-02T20:14:45.793,6.339554,FRAME,7483,23614,-120,-198,-122,-449,38
2026-07-02T20:14:45.793,6.340196,FRAME,7484,23615,-152,-186,-145,-457,38
2026-07-02T20:14:45.794,6.340805,FRAME,7485,23616,-130,-240,-164,-496,38
2026-07-02T20:14:45.795,6.341438,FRAME,7486,23617,-166,-190,-187,-472,38
2026-07-02T20:14:45.795,6.342077,FRAME,7487,23618,-220,-203,-144,-505,38
2026-07-02T20:14:45.796,6.342708,FRAME,7488,23619,-221,-246,-174,-452,38
2026-07-02T20:14:45.797,6.343380,FRAME,7489,23620,-237,-193,-173,-485,38
2026-07-02T20:14:45.797,6.343992,FRAME,7490,23621,-231,-270,-167,-501,38
2026-07-02T20:14:45.798,6.344614,FRAME,7491,23622,-280,-220,-172,-470,38
2026-07-02T20:14:45.799,6.345252,FRAME,7492,23623,-300,-239,-175,-461,38
2026-07-02T20:14:45.799,6.345851,FRAME,7493,23624,-285,-244,-147,-468,38
2026-07-02T20:14:45.800,6.346477,FRAME,7494,23625,-266,-240,-152,-419,38
2026-07-02T20:14:45.800,6.347127,FRAME,7495,23626,-329,-229,-189,-469,38
2026-07-02T20:14:45.801,6.347729,FRAME,7496,23627,-276,-233,-162,-482,38
2026-07-02T20:14:45.802,6.348397,FRAME,7497,23628,-271,-248,-229,-454,38
2026-07-02T20:14:45.802,6.348995,FRAME,7498,23629,-288,-226,-210,-422,38
2026-07-02T20:14:45.803,6.349615,FRAME,7499,23630,-277,-243,-211,-488,38
2026-07-02T20:14:45.804,6.350256,FRAME,7500,23631,-276,-321,-212,-472,38
2026-07-02T20:14:45.804,6.350870,FRAME,7501,23632,-220,-262,-215,-513,38
2026-07-02T20:14:45.805,6.351898,FRAME,7502,23633,-196,-269,-200,-461,38
2026-07-02T20:14:45.806,6.352944,FRAME,7503,23634,-155,-238,-211,-467,38
2026-07-02T20:14:45.807,6.353569,FRAME,7504,23635,-122,-231,-187,-462,38
2026-07-02T20:14:45.808,6.354250,FRAME,7505,23636,-132,-216,-184,-434,38
2026-07-02T20:14:45.808,6.354857,FRAME,7506,23637,-118,-175,-173,-440,38
2026-07-02T20:14:45.809,6.355928,FRAME,7507,23638,-114,-197,-133,-466,38
2026-07-02T20:14:45.810,6.356857,FRAME,7508,23639,-120,-176,-182,-457,38
2026-07-02T20:14:45.811,6.357801,FRAME,7509,23640,-105,-200,-139,-482,38
2026-07-02T20:14:45.812,6.358739,FRAME,7510,23641,-174,-204,-174,-422,38
2026-07-02T20:14:45.813,6.359816,FRAME,7511,23642,-206,-224,-217,-440,38
2026-07-02T20:14:45.814,6.360754,FRAME,7512,23643,-187,-263,-148,-476,38
2026-07-02T20:14:45.815,6.361685,FRAME,7513,23644,-206,-237,-189,-453,38
2026-07-02T20:14:45.816,6.362490,FRAME,7514,23645,-209,-290,-236,-455,38
2026-07-02T20:14:45.816,6.363168,FRAME,7515,23646,-259,-249,-123,-440,38
2026-07-02T20:14:45.817,6.364110,FRAME,7516,23647,-240,-195,-266,-496,38
2026-07-02T20:14:45.818,6.365041,FRAME,7517,23648,-222,-274,-216,-497,38
2026-07-02T20:14:45.819,6.365949,FRAME,7518,23649,-280,-275,-268,-476,38
2026-07-02T20:14:45.820,6.366874,FRAME,7519,23650,-257,-294,-226,-505,38
2026-07-02T20:14:45.821,6.367800,FRAME,7520,23651,-273,-266,-179,-500,38
2026-07-02T20:14:45.822,6.368728,FRAME,7521,23652,-256,-229,-213,-483,38
2026-07-02T20:14:45.823,6.369587,FRAME,7522,23653,-263,-281,-202,-487,38
2026-07-02T20:14:45.824,6.370459,FRAME,7523,23654,-256,-297,-185,-454,38
2026-07-02T20:14:45.825,6.371340,FRAME,7524,23655,-273,-248,-203,-451,38
2026-07-02T20:14:45.826,6.372527,FRAME,7525,23656,-259,-258,-172,-430,38
2026-07-02T20:14:45.827,6.373349,FRAME,7526,23657,-222,-232,-126,-480,38
2026-07-02T20:14:45.828,6.374285,FRAME,7527,23658,-226,-205,-154,-433,38
2026-07-02T20:14:45.828,6.375177,FRAME,7528,23659,-223,-251,-164,-432,38
2026-07-02T20:14:45.833,6.379905,FRAME,7529,23660,-219,-212,-138,-429,38
2026-07-02T20:14:45.834,6.380898,FRAME,7530,23661,-160,-196,-134,-426,38
2026-07-02T20:14:45.835,6.381890,FRAME,7531,23662,-154,-184,-93,-412,37
2026-07-02T20:14:45.837,6.383255,FRAME,7532,23663,-101,-181,-123,-434,38
2026-07-02T20:14:45.838,6.384552,FRAME,7533,23664,-119,-151,-114,-419,38
2026-07-02T20:14:45.839,6.385707,FRAME,7534,23665,-104,-137,-136,-416,38
2026-07-02T20:14:45.840,6.386716,FRAME,7535,23666,-86,-101,-78,-439,36
2026-07-02T20:14:45.841,6.387729,FRAME,7536,23667,-32,-105,-54,-454,36
2026-07-02T20:14:45.842,6.388705,FRAME,7537,23668,-46,-73,-110,-421,36
2026-07-02T20:14:45.869,6.415673,FRAME,7538,23669,-1,-67,-53,-385,34
2026-07-02T20:14:45.870,6.416338,FRAME,7539,23670,29,-20,-24,-398,34
2026-07-02T20:14:45.870,6.416934,FRAME,7540,23671,41,-60,-3,-349,33
2026-07-02T20:14:45.871,6.417543,FRAME,7541,23673,54,-39,-17,-343,34
2026-07-02T20:14:45.871,6.418149,FRAME,7542,23673,43,-9,-56,-395,33
2026-07-02T20:14:45.872,6.418746,FRAME,7543,23674,41,5,36,-362,31
2026-07-02T20:14:45.873,6.419273,FRAME,7544,23675,70,42,22,-365,32
2026-07-02T20:14:45.873,6.419779,FRAME,7545,23676,96,24,4,-345,31
2026-07-02T20:14:45.874,6.420306,FRAME,7546,23677,73,17,-20,-361,33
2026-07-02T20:14:45.874,6.420816,FRAME,7547,23678,98,-5,11,-379,32
2026-07-02T20:14:45.875,6.421356,FRAME,7548,23679,80,-13,-17,-368,34
2026-07-02T20:14:45.875,6.421951,FRAME,7549,23680,115,12,48,-402,33
2026-07-02T20:14:45.876,6.422558,FRAME,7550,23681,102,-2,8,-382,32
2026-07-02T20:14:45.876,6.423175,FRAME,7551,23682,118,-38,-16,-386,35
2026-07-02T20:14:45.877,6.423761,FRAME,7552,23683,64,-13,-27,-406,34
2026-07-02T20:14:45.878,6.424314,FRAME,7553,23684,52,-34,-39,-406,34
2026-07-02T20:14:45.878,6.424863,FRAME,7554,23685,48,-27,-43,-395,34
2026-07-02T20:14:45.879,6.425435,FRAME,7555,23686,5,-69,-53,-396,33
2026-07-02T20:14:45.879,6.426009,FRAME,7556,23687,-22,-44,-50,-397,35
2026-07-02T20:14:45.880,6.426560,FRAME,7557,23688,-58,-77,-61,-411,35
2026-07-02T20:14:45.880,6.427139,FRAME,7558,23689,-54,-121,-64,-375,36
2026-07-02T20:14:45.881,6.427726,FRAME,7559,23690,-100,-121,-88,-414,37
2026-07-02T20:14:45.882,6.428331,FRAME,7560,23691,-142,-121,-101,-436,38
2026-07-02T20:14:45.882,6.429029,FRAME,7561,23692,-180,-165,-136,-423,38
2026-07-02T20:14:45.883,6.429628,FRAME,7562,23693,-169,-147,-84,-441,37
2026-07-02T20:14:45.884,6.430303,FRAME,7563,23694,-185,-128,-115,-435,38
2026-07-02T20:14:45.884,6.430904,FRAME,7564,23695,-159,-205,-151,-425,38
2026-07-02T20:14:45.885,6.431505,FRAME,7565,23696,-263,-220,-173,-466,38
2026-07-02T20:14:45.885,6.432114,FRAME,7566,23697,-182,-240,-147,-440,38
2026-07-02T20:14:45.886,6.432750,FRAME,7567,23698,-229,-229,-173,-452,38
2026-07-02T20:14:45.887,6.433358,FRAME,7568,23699,-256,-249,-205,-502,38
2026-07-02T20:14:45.887,6.434059,FRAME,7569,23700,-257,-284,-207,-468,38
2026-07-02T20:14:45.888,6.434672,FRAME,7570,23701,-224,-267,-206,-522,38
2026-07-02T20:14:45.889,6.435272,FRAME,7571,23702,-258,-291,-212,-473,38
2026-07-02T20:14:45.889,6.435864,FRAME,7572,23703,-349,-267,-226,-516,38
2026-07-02T20:14:45.890,6.436465,FRAME,7573,23704,-305,-304,-278,-486,38
2026-07-02T20:14:45.890,6.437100,FRAME,7574,23705,-324,-321,-249,-470,38
2026-07-02T20:14:45.891,6.437731,FRAME,7575,23706,-355,-299,-230,-494,38
2026-07-02T20:14:45.892,6.438326,FRAME,7576,23707,-331,-335,-221,-469,38
2026-07-02T20:14:45.892,6.438920,FRAME,7577,23708,-343,-348,-281,-475,38
2026-07-02T20:14:45.893,6.439614,FRAME,7578,23709,-373,-354,-259,-491,38
2026-07-02T20:14:45.894,6.440253,FRAME,7579,23710,-338,-366,-278,-496,38
2026-07-02T20:14:45.895,6.441319,FRAME,7580,23711,-389,-376,-270,-518,38
2026-07-02T20:14:45.895,6.442138,FRAME,7581,23712,-419,-364,-260,-517,38
2026-07-02T20:14:45.896,6.443180,FRAME,7582,23713,-405,-386,-284,-535,38
2026-07-02T20:14:45.898,6.444222,FRAME,7583,23714,-424,-368,-274,-502,38
2026-07-02T20:14:45.898,6.445138,FRAME,7584,23715,-360,-383,-278,-553,38
2026-07-02T20:14:45.899,6.446133,FRAME,7585,23716,-403,-323,-272,-536,38
2026-07-02T20:14:45.900,6.447039,FRAME,7586,23717,-383,-400,-272,-507,38
2026-07-02T20:14:45.901,6.447936,FRAME,7587,23718,-394,-402,-304,-533,38
2026-07-02T20:14:45.902,6.448619,FRAME,7588,23719,-362,-381,-298,-507,38
2026-07-02T20:14:45.903,6.449249,FRAME,7589,23720,-390,-369,-298,-516,38
2026-07-02T20:14:45.903,6.450196,FRAME,7590,23721,-450,-369,-221,-525,38
2026-07-02T20:14:45.904,6.451135,FRAME,7591,23722,-450,-385,-220,-506,38
2026-07-02T20:14:45.905,6.452063,FRAME,7592,23723,-413,-322,-208,-484,38
2026-07-02T20:14:45.906,6.452987,FRAME,7593,23724,-381,-313,-210,-452,38
2026-07-02T20:14:45.907,6.453850,FRAME,7594,23725,-328,-269,-212,-497,38
2026-07-02T20:14:45.908,6.454706,FRAME,7595,23726,-363,-302,-199,-462,38
2026-07-02T20:14:45.909,6.455583,FRAME,7596,23727,-325,-276,-176,-487,38
2026-07-02T20:14:45.910,6.456457,FRAME,7597,23728,-306,-277,-156,-461,38
2026-07-02T20:14:45.911,6.457296,FRAME,7598,23729,-305,-308,-166,-483,38
2026-07-02T20:14:45.912,6.458309,FRAME,7599,23730,-359,-301,-204,-473,38
2026-07-02T20:14:45.913,6.459383,FRAME,7600,23731,-330,-310,-184,-507,38
2026-07-02T20:14:45.914,6.460314,FRAME,7601,23732,-329,-315,-264,-525,38
2026-07-02T20:14:45.915,6.461226,FRAME,7602,23733,-363,-333,-258,-502,38
2026-07-02T20:14:45.915,6.462130,FRAME,7603,23734,-352,-356,-240,-505,38
2026-07-02T20:14:45.916,6.463039,FRAME,7604,23735,-366,-362,-242,-465,38
2026-07-02T20:14:45.917,6.463972,FRAME,7605,23736,-366,-347,-224,-509,38
2026-07-02T20:14:45.918,6.464879,FRAME,7606,23737,-367,-312,-252,-471,38
2026-07-02T20:14:45.919,6.465792,FRAME,7607,23738,-415,-335,-264,-511,38
2026-07-02T20:14:45.920,6.466730,FRAME,7608,23739,-409,-349,-213,-529,38
2026-07-02T20:14:45.921,6.467762,FRAME,7609,23740,-362,-302,-273,-493,38
2026-07-02T20:14:45.922,6.468872,FRAME,7610,23741,-339,-315,-250,-482,38
2026-07-02T20:14:45.923,6.469921,FRAME,7611,23742,-385,-274,-226,-457,38
2026-07-02T20:14:45.924,6.470894,FRAME,7612,23743,-392,-326,-223,-480,38
2026-07-02T20:14:45.925,6.472100,FRAME,7613,23744,-366,-285,-210,-498,38
2026-07-02T20:14:45.926,6.473137,FRAME,7614,23745,-321,-302,-222,-506,38
2026-07-02T20:14:45.928,6.474250,FRAME,7615,23746,-308,-322,-227,-415,38
2026-07-02T20:14:45.928,6.475061,FRAME,7616,23747,-243,-232,-198,-458,38
2026-07-02T20:14:45.929,6.475693,FRAME,7617,23748,-263,-244,-170,-480,38
2026-07-02T20:14:45.930,6.476321,FRAME,7618,23749,-237,-281,-173,-465,38
2026-07-02T20:14:45.930,6.477007,FRAME,7619,23750,-161,-237,-200,-469,38
2026-07-02T20:14:45.931,6.477700,FRAME,7620,23751,-172,-182,-138,-489,38
2026-07-02T20:14:45.932,6.478380,FRAME,7621,23752,-137,-203,-127,-434,38
2026-07-02T20:14:45.932,6.479056,FRAME,7622,23753,-134,-209,-130,-406,38
2026-07-02T20:14:45.933,6.479723,FRAME,7623,23754,-134,-182,-106,-412,38
2026-07-02T20:14:45.934,6.480369,FRAME,7624,23755,-112,-160,-86,-377,37
2026-07-02T20:14:45.934,6.481009,FRAME,7625,23756,-48,-101,-83,-416,36
2026-07-02T20:14:45.935,6.481644,FRAME,7626,23757,-67,-121,-57,-345,36
2026-07-02T20:14:45.936,6.482292,FRAME,7627,23758,-39,-81,-63,-370,35
2026-07-02T20:14:45.936,6.482910,FRAME,7628,23759,23,-72,-44,-341,34
2026-07-02T20:14:45.937,6.483529,FRAME,7629,23760,16,-73,-59,-390,34
2026-07-02T20:14:45.937,6.484150,FRAME,7630,23761,64,-66,-31,-371,34
2026-07-02T20:14:45.938,6.484768,FRAME,7631,23762,-4,-47,-25,-375,34
2026-07-02T20:14:45.939,6.485351,FRAME,7632,23763,20,-65,1,-403,32
2026-07-02T20:14:45.939,6.485979,FRAME,7633,23764,45,-82,-31,-375,34
2026-07-02T20:14:45.940,6.486713,FRAME,7634,23765,23,-57,-7,-397,33
2026-07-02T20:14:45.941,6.487452,FRAME,7635,23766,46,-41,-23,-407,34
2026-07-02T20:14:45.941,6.488088,FRAME,7636,23767,56,-5,28,-383,32
2026-07-02T20:14:45.942,6.488688,FRAME,7637,23768,57,-68,29,-405,33
2026-07-02T20:14:45.943,6.489266,FRAME,7638,23769,63,-15,30,-374,33
2026-07-02T20:14:45.943,6.489819,FRAME,7639,23770,88,9,57,-355,31
2026-07-02T20:14:45.944,6.490392,FRAME,7640,23771,112,30,48,-326,33
2026-07-02T20:14:45.944,6.490965,FRAME,7641,23772,99,0,29,-369,31
2026-07-02T20:14:45.945,6.491541,FRAME,7642,23773,91,21,28,-373,32
2026-07-02T20:14:45.945,6.492125,FRAME,7643,23774,48,18,18,-313,32
2026-07-02T20:14:45.946,6.492710,FRAME,7644,23775,33,48,77,-369,32
2026-07-02T20:14:45.947,6.493283,FRAME,7645,23776,82,37,16,-316,32
2026-07-02T20:14:45.947,6.493844,FRAME,7646,23777,83,2,34,-358,31
2026-07-02T20:14:45.948,6.494460,FRAME,7647,23778,55,-4,12,-366,32
2026-07-02T20:14:45.948,6.495101,FRAME,7648,23779,22,-49,16,-390,33
2026-07-02T20:14:45.949,6.495724,FRAME,7649,23780,3,-66,-36,-372,33
2026-07-02T20:14:45.978,6.524871,FRAME,7650,23781,-76,-98,-43,-392,35
2026-07-02T20:14:45.979,6.525881,FRAME,7651,23782,-91,-132,-57,-390,36
2026-07-02T20:14:45.980,6.526883,FRAME,7652,23783,-118,-111,-105,-418,38
2026-07-02T20:14:45.981,6.527909,FRAME,7653,23784,-182,-224,-101,-404,38
2026-07-02T20:14:45.982,6.528895,FRAME,7654,23785,-147,-189,-164,-427,38
2026-07-02T20:14:45.983,6.529833,FRAME,7655,23786,-212,-203,-151,-447,38
2026-07-02T20:14:45.984,6.530683,FRAME,7656,23787,-322,-233,-135,-446,38
2026-07-02T20:14:45.985,6.531585,FRAME,7657,23788,-260,-256,-128,-444,38
2026-07-02T20:14:45.986,6.532534,FRAME,7658,23789,-330,-215,-158,-407,38
2026-07-02T20:14:45.987,6.533464,FRAME,7659,23790,-317,-261,-173,-456,38
2026-07-02T20:14:45.988,6.534396,FRAME,7660,23791,-322,-288,-145,-405,38
2026-07-02T20:14:45.989,6.535233,FRAME,7661,23792,-342,-284,-151,-449,38
2026-07-02T20:14:45.989,6.536108,FRAME,7662,23793,-387,-305,-177,-456,38
2026-07-02T20:14:45.990,6.537061,FRAME,7663,23794,-348,-324,-157,-422,38
2026-07-02T20:14:45.991,6.537943,FRAME,7664,23795,-323,-286,-159,-450,38
2026-07-02T20:14:45.992,6.538610,FRAME,7665,23796,-344,-340,-186,-471,38
2026-07-02T20:14:45.993,6.539407,FRAME,7666,23797,-374,-326,-211,-502,38
2026-07-02T20:14:45.994,6.540505,FRAME,7667,23798,-387,-320,-250,-518,38
2026-07-02T20:14:45.995,6.541627,FRAME,7668,23799,-403,-331,-233,-514,38
2026-07-02T20:14:45.998,6.544415,FRAME,7669,23800,-408,-328,-259,-535,38
2026-07-02T20:14:45.999,6.545504,FRAME,7670,23801,-419,-385,-268,-485,38
2026-07-02T20:14:46.000,6.546687,FRAME,7671,23802,-446,-376,-234,-525,38
2026-07-02T20:14:46.001,6.547727,FRAME,7672,23803,-483,-394,-265,-515,38
2026-07-02T20:14:46.002,6.548836,FRAME,7673,23804,-490,-411,-302,-494,38
2026-07-02T20:14:46.003,6.549725,FRAME,7674,23805,-521,-381,-258,-499,38
2026-07-02T20:14:46.004,6.550380,FRAME,7675,23806,-468,-350,-284,-510,38
2026-07-02T20:14:46.004,6.551051,FRAME,7676,23807,-443,-365,-271,-474,38
2026-07-02T20:14:46.005,6.551728,FRAME,7677,23808,-406,-361,-227,-488,38
2026-07-02T20:14:46.006,6.552383,FRAME,7678,23809,-416,-331,-217,-489,38
2026-07-02T20:14:46.006,6.553066,FRAME,7679,23810,-348,-292,-221,-440,38
2026-07-02T20:14:46.007,6.553728,FRAME,7680,23811,-339,-269,-219,-493,38
2026-07-02T20:14:46.008,6.554379,FRAME,7681,23812,-320,-258,-180,-456,38
2026-07-02T20:14:46.008,6.555039,FRAME,7682,23813,-312,-281,-178,-456,38
2026-07-02T20:14:46.009,6.555687,FRAME,7683,23814,-268,-285,-195,-413,38
2026-07-02T20:14:46.010,6.556361,FRAME,7684,23815,-287,-308,-230,-441,38
2026-07-02T20:14:46.010,6.557035,FRAME,7685,23816,-320,-298,-216,-486,38
2026-07-02T20:14:46.011,6.557708,FRAME,7686,23817,-348,-335,-248,-517,38
2026-07-02T20:14:46.012,6.558374,FRAME,7687,23818,-363,-324,-241,-499,38
2026-07-02T20:14:46.012,6.559047,FRAME,7688,23819,-394,-361,-253,-488,38
2026-07-02T20:14:46.013,6.559740,FRAME,7689,23820,-432,-373,-280,-487,38
2026-07-02T20:14:46.014,6.560425,FRAME,7690,23821,-467,-353,-271,-453,38
2026-07-02T20:14:46.014,6.561137,FRAME,7691,23822,-388,-335,-282,-486,38
2026-07-02T20:14:46.015,6.561804,FRAME,7692,23823,-387,-363,-273,-469,38
2026-07-02T20:14:46.016,6.562476,FRAME,7693,23824,-357,-355,-240,-429,38
2026-07-02T20:14:46.016,6.563170,FRAME,7694,23825,-381,-336,-175,-430,38
2026-07-02T20:14:46.017,6.563902,FRAME,7695,23826,-324,-315,-223,-464,38
2026-07-02T20:14:46.018,6.564584,FRAME,7696,23827,-267,-266,-178,-424,38
2026-07-02T20:14:46.019,6.565279,FRAME,7697,23828,-264,-262,-185,-455,38
2026-07-02T20:14:46.019,6.565951,FRAME,7698,23829,-252,-289,-210,-437,38
2026-07-02T20:14:46.020,6.566599,FRAME,7699,23830,-219,-243,-210,-434,38
2026-07-02T20:14:46.021,6.567404,FRAME,7700,23831,-229,-246,-206,-461,38
2026-07-02T20:14:46.021,6.568105,FRAME,7701,23832,-198,-264,-191,-477,38
2026-07-02T20:14:46.022,6.568771,FRAME,7702,23833,-196,-272,-175,-490,38
2026-07-02T20:14:46.023,6.569438,FRAME,7703,23834,-195,-298,-178,-454,38
2026-07-02T20:14:46.023,6.570106,FRAME,7704,23835,-208,-275,-157,-450,38
2026-07-02T20:14:46.024,6.570761,FRAME,7705,23836,-201,-230,-146,-465,38
2026-07-02T20:14:46.025,6.571424,FRAME,7706,23837,-120,-195,-154,-416,38
2026-07-02T20:14:46.025,6.572120,FRAME,7707,23838,-128,-176,-123,-408,38
2026-07-02T20:14:46.026,6.572776,FRAME,7708,23839,-127,-133,-89,-378,37
2026-07-02T20:14:46.027,6.573429,FRAME,7709,23840,-108,-172,-97,-374,37
2026-07-02T20:14:46.027,6.574103,FRAME,7710,23841,-128,-117,-86,-412,37
2026-07-02T20:14:46.028,6.574728,FRAME,7711,23842,-50,-83,-44,-375,35
2026-07-02T20:14:46.029,6.575346,FRAME,7712,23843,-24,-85,-17,-385,35
2026-07-02T20:14:46.029,6.575922,FRAME,7713,23844,-1,-62,-8,-343,33
2026-07-02T20:14:46.030,6.576552,FRAME,7714,23845,-27,-100,-12,-361,36
2026-07-02T20:14:46.030,6.577190,FRAME,7715,23846,15,-114,-46,-389,35
2026-07-02T20:14:46.031,6.577783,FRAME,7716,23847,16,-76,-26,-408,34
2026-07-02T20:14:46.032,6.578386,FRAME,7717,23848,8,-115,-22,-383,34
2026-07-02T20:14:46.032,6.578996,FRAME,7718,23849,14,-106,-24,-426,35
2026-07-02T20:14:46.033,6.579712,FRAME,7719,23850,49,-88,-47,-416,34
2026-07-02T20:14:46.034,6.580353,FRAME,7720,23851,21,-78,-19,-402,34
2026-07-02T20:14:46.034,6.580945,FRAME,7721,23852,42,-80,-26,-393,34
2026-07-02T20:14:46.035,6.581504,FRAME,7722,23853,60,-24,9,-373,32
2026-07-02T20:14:46.035,6.582116,FRAME,7723,23854,85,14,-11,-324,33
2026-07-02T20:14:46.036,6.582721,FRAME,7724,23855,115,-15,-9,-402,34
2026-07-02T20:14:46.037,6.583312,FRAME,7725,23856,70,-27,2,-353,32
2026-07-02T20:14:46.037,6.583907,FRAME,7726,23857,71,-36,49,-345,33
2026-07-02T20:14:46.038,6.584477,FRAME,7727,23858,63,-43,2,-320,32
2026-07-02T20:14:46.038,6.585075,FRAME,7728,23859,73,-12,-3,-323,33
2026-07-02T20:14:46.039,6.585670,FRAME,7729,23860,44,-13,-18,-326,34
2026-07-02T20:14:46.040,6.586245,FRAME,7730,23861,33,-48,-8,-338,33
2026-07-02T20:14:46.040,6.586841,FRAME,7731,23862,-2,-46,-38,-386,34
2026-07-02T20:14:46.041,6.587451,FRAME,7732,23863,-15,-48,-36,-392,35
2026-07-02T20:14:46.041,6.588065,FRAME,7733,23864,-35,-87,-84,-407,35
2026-07-02T20:14:46.042,6.588755,FRAME,7734,23865,-100,-141,-77,-421,37
2026-07-02T20:14:46.043,6.589411,FRAME,7735,23866,-133,-131,-102,-414,38
2026-07-02T20:14:46.043,6.590116,FRAME,7736,23867,-121,-157,-124,-417,38
2026-07-02T20:14:46.044,6.590787,FRAME,7737,23868,-172,-172,-82,-460,37
2026-07-02T20:14:46.045,6.591450,FRAME,7738,23869,-182,-169,-168,-417,38
2026-07-02T20:14:46.045,6.592146,FRAME,7739,23870,-240,-176,-171,-443,38
2026-07-02T20:14:46.046,6.592811,FRAME,7740,23871,-273,-244,-165,-451,38
2026-07-02T20:14:46.047,6.593530,FRAME,7741,23872,-288,-216,-158,-442,38
2026-07-02T20:14:46.048,6.594296,FRAME,7742,23873,-281,-229,-133,-443,38
2026-07-02T20:14:46.048,6.594952,FRAME,7743,23874,-297,-242,-165,-424,38
2026-07-02T20:14:46.049,6.595599,FRAME,7744,23875,-315,-217,-146,-453,38
2026-07-02T20:14:46.050,6.596272,FRAME,7745,23876,-335,-223,-124,-419,38
2026-07-02T20:14:46.050,6.596933,FRAME,7746,23877,-325,-216,-179,-443,38
2026-07-02T20:14:46.051,6.597615,FRAME,7747,23878,-267,-259,-212,-458,38
2026-07-02T20:14:46.052,6.598277,FRAME,7748,23879,-382,-241,-215,-440,38
2026-07-02T20:14:46.052,6.598929,FRAME,7749,23880,-333,-275,-208,-468,38
2026-07-02T20:14:46.053,6.599590,FRAME,7750,23881,-373,-298,-207,-466,38
2026-07-02T20:14:46.054,6.600251,FRAME,7751,23882,-371,-300,-214,-520,38
2026-07-02T20:14:46.054,6.600912,FRAME,7752,23883,-410,-320,-206,-478,38
2026-07-02T20:14:46.055,6.601564,FRAME,7753,23884,-450,-324,-257,-491,38
2026-07-02T20:14:46.056,6.602226,FRAME,7754,23885,-440,-346,-270,-519,38
2026-07-02T20:14:46.056,6.602889,FRAME,7755,23886,-436,-374,-266,-507,38
2026-07-02T20:14:46.057,6.603546,FRAME,7756,23887,-507,-400,-256,-488,38
2026-07-02T20:14:46.058,6.604235,FRAME,7757,23888,-464,-386,-317,-481,38
2026-07-02T20:14:46.058,6.604891,FRAME,7758,23889,-468,-365,-272,-501,38
2026-07-02T20:14:46.085,6.631745,FRAME,7759,23890,-477,-315,-262,-433,38
2026-07-02T20:14:46.086,6.632514,FRAME,7760,23891,-464,-264,-254,-463,38
2026-07-02T20:14:46.087,6.633261,FRAME,7761,23892,-444,-293,-212,-476,38
2026-07-02T20:14:46.087,6.634092,FRAME,7762,23893,-358,-267,-203,-441,38
2026-07-02T20:14:46.088,6.634763,FRAME,7763,23894,-361,-264,-173,-435,38
2026-07-02T20:14:46.089,6.635493,FRAME,7764,23895,-321,-234,-190,-431,38
2026-07-02T20:14:46.090,6.636361,FRAME,7765,23896,-344,-262,-198,-478,38
2026-07-02T20:14:46.091,6.637228,FRAME,7766,23897,-385,-276,-198,-457,38
2026-07-02T20:14:46.091,6.638028,FRAME,7767,23898,-367,-322,-228,-494,38
2026-07-02T20:14:46.092,6.638794,FRAME,7768,23899,-403,-351,-215,-462,38
2026-07-02T20:14:46.093,6.639702,FRAME,7769,23900,-410,-361,-291,-490,38
2026-07-02T20:14:46.094,6.640533,FRAME,7770,23901,-437,-385,-256,-507,38
2026-07-02T20:14:46.095,6.641231,FRAME,7771,23902,-422,-351,-247,-515,38
2026-07-02T20:14:46.095,6.642005,FRAME,7772,23903,-395,-378,-284,-497,38
2026-07-02T20:14:46.096,6.642735,FRAME,7773,23904,-421,-379,-300,-497,38
2026-07-02T20:14:46.097,6.643350,FRAME,7774,23905,-453,-394,-291,-488,38
2026-07-02T20:14:46.097,6.644085,FRAME,7775,23906,-411,-390,-250,-434,38
2026-07-02T20:14:46.098,6.644805,FRAME,7776,23907,-382,-367,-302,-468,38
2026-07-02T20:14:46.099,6.645415,FRAME,7777,23908,-401,-346,-250,-416,38
2026-07-02T20:14:46.099,6.646004,FRAME,7778,23909,-331,-366,-281,-469,38
2026-07-02T20:14:46.100,6.646633,FRAME,7779,23910,-331,-366,-240,-447,38
2026-07-02T20:14:46.101,6.647259,FRAME,7780,23911,-306,-345,-212,-474,38
2026-07-02T20:14:46.101,6.647868,FRAME,7781,23912,-292,-306,-253,-451,38
2026-07-02T20:14:46.102,6.648476,FRAME,7782,23913,-295,-280,-262,-422,38
2026-07-02T20:14:46.102,6.649095,FRAME,7783,23914,-266,-273,-241,-436,38
2026-07-02T20:14:46.103,6.649703,FRAME,7784,23915,-217,-300,-227,-456,38
2026-07-02T20:14:46.104,6.650436,FRAME,7785,23916,-223,-317,-240,-474,38
2026-07-02T20:14:46.104,6.651083,FRAME,7786,23917,-221,-308,-233,-470,38
2026-07-02T20:14:46.105,6.651845,FRAME,7787,23918,-241,-307,-240,-473,38
2026-07-02T20:14:46.106,6.652525,FRAME,7788,23919,-216,-273,-192,-458,38
2026-07-02T20:14:46.106,6.653154,FRAME,7789,23920,-245,-251,-197,-445,38
2026-07-02T20:14:46.107,6.653773,FRAME,7790,23921,-274,-260,-227,-442,38
2026-07-02T20:14:46.108,6.654381,FRAME,7791,23922,-202,-324,-212,-441,38
2026-07-02T20:14:46.108,6.655096,FRAME,7792,23923,-246,-250,-179,-442,38
2026-07-02T20:14:46.109,6.655699,FRAME,7793,23924,-207,-257,-210,-405,38
2026-07-02T20:14:46.110,6.656297,FRAME,7794,23925,-236,-257,-215,-408,38
2026-07-02T20:14:46.110,6.656891,FRAME,7795,23926,-205,-296,-198,-445,38
2026-07-02T20:14:46.111,6.657494,FRAME,7796,23927,-201,-275,-239,-432,38
2026-07-02T20:14:46.111,6.658110,FRAME,7797,23928,-243,-264,-180,-444,38
2026-07-02T20:14:46.112,6.658754,FRAME,7798,23929,-250,-257,-209,-443,38
2026-07-02T20:14:46.113,6.659355,FRAME,7799,23930,-250,-291,-285,-475,38
2026-07-02T20:14:46.113,6.660041,FRAME,7800,23931,-222,-299,-224,-492,38
2026-07-02T20:14:46.114,6.660704,FRAME,7801,23932,-205,-254,-187,-474,38
2026-07-02T20:14:46.115,6.661310,FRAME,7802,23933,-175,-258,-222,-494,38
2026-07-02T20:14:46.115,6.661911,FRAME,7803,23934,-225,-250,-212,-468,38
2026-07-02T20:14:46.116,6.662504,FRAME,7804,23935,-193,-256,-202,-456,38
2026-07-02T20:14:46.116,6.663108,FRAME,7805,23936,-177,-225,-162,-463,38
2026-07-02T20:14:46.117,6.663744,FRAME,7806,23937,-184,-288,-199,-465,38
2026-07-02T20:14:46.118,6.664338,FRAME,7807,23938,-227,-246,-206,-440,38
2026-07-02T20:14:46.118,6.664928,FRAME,7808,23939,-199,-242,-205,-444,38
2026-07-02T20:14:46.119,6.665587,FRAME,7809,23940,-208,-254,-198,-433,38
2026-07-02T20:14:46.120,6.666199,FRAME,7810,23941,-151,-244,-180,-417,38
2026-07-02T20:14:46.120,6.666792,FRAME,7811,23942,-209,-272,-177,-477,38
2026-07-02T20:14:46.121,6.667385,FRAME,7812,23943,-254,-285,-191,-450,38
2026-07-02T20:14:46.121,6.667988,FRAME,7813,23944,-270,-286,-219,-471,38
2026-07-02T20:14:46.122,6.668597,FRAME,7814,23945,-281,-318,-244,-480,38
2026-07-02T20:14:46.123,6.669205,FRAME,7815,23946,-312,-295,-251,-465,38
2026-07-02T20:14:46.123,6.669830,FRAME,7816,23947,-329,-377,-278,-491,38
2026-07-02T20:14:46.124,6.670457,FRAME,7817,23948,-329,-323,-222,-496,38
2026-07-02T20:14:46.124,6.671097,FRAME,7818,23949,-376,-397,-266,-503,38
2026-07-02T20:14:46.125,6.671724,FRAME,7819,23950,-390,-374,-278,-520,38
2026-07-02T20:14:46.126,6.672317,FRAME,7820,23951,-424,-393,-249,-515,38
2026-07-02T20:14:46.126,6.672928,FRAME,7821,23952,-392,-389,-316,-536,38
2026-07-02T20:14:46.127,6.673553,FRAME,7822,23953,-449,-437,-310,-533,38
2026-07-02T20:14:46.128,6.674202,FRAME,7823,23954,-473,-437,-324,-481,38
2026-07-02T20:14:46.128,6.674800,FRAME,7824,23955,-455,-433,-277,-499,38
2026-07-02T20:14:46.129,6.675409,FRAME,7825,23956,-500,-417,-301,-505,38
2026-07-02T20:14:46.129,6.676055,FRAME,7826,23957,-485,-382,-307,-502,38
2026-07-02T20:14:46.130,6.676731,FRAME,7827,23958,-475,-398,-317,-500,38
2026-07-02T20:14:46.131,6.677343,FRAME,7828,23959,-515,-396,-327,-506,38
2026-07-02T20:14:46.131,6.677962,FRAME,7829,23960,-514,-388,-321,-505,38
2026-07-02T20:14:46.132,6.678593,FRAME,7830,23961,-501,-432,-342,-516,38
2026-07-02T20:14:46.133,6.679235,FRAME,7831,23962,-527,-454,-307,-500,38
2026-07-02T20:14:46.133,6.679828,FRAME,7832,23963,-528,-501,-372,-512,38
2026-07-02T20:14:46.134,6.680425,FRAME,7833,23964,-473,-460,-324,-526,38
2026-07-02T20:14:46.134,6.681036,FRAME,7834,23965,-556,-471,-297,-550,38
2026-07-02T20:14:46.135,6.681622,FRAME,7835,23966,-559,-495,-379,-541,38
2026-07-02T20:14:46.136,6.682227,FRAME,7836,23967,-545,-473,-368,-553,38
2026-07-02T20:14:46.136,6.682834,FRAME,7837,23968,-546,-481,-378,-517,38
2026-07-02T20:14:46.137,6.683536,FRAME,7838,23969,-545,-511,-405,-510,38
2026-07-02T20:14:46.138,6.684237,FRAME,7839,23970,-607,-496,-384,-538,38
2026-07-02T20:14:46.138,6.684830,FRAME,7840,23971,-575,-515,-369,-574,38
2026-07-02T20:14:46.139,6.685525,FRAME,7841,23972,-591,-532,-369,-539,38
2026-07-02T20:14:46.139,6.686141,FRAME,7842,23973,-616,-449,-289,-529,38
2026-07-02T20:14:46.140,6.686822,FRAME,7843,23974,-577,-422,-312,-479,38
2026-07-02T20:14:46.141,6.687435,FRAME,7844,23975,-535,-434,-291,-432,38
2026-07-02T20:14:46.141,6.688084,FRAME,7845,23976,-509,-368,-285,-511,38
2026-07-02T20:14:46.142,6.688680,FRAME,7846,23977,-471,-356,-287,-506,38
2026-07-02T20:14:46.143,6.689278,FRAME,7847,23978,-428,-371,-246,-473,38
2026-07-02T20:14:46.143,6.689881,FRAME,7848,23979,-436,-375,-260,-501,38
2026-07-02T20:14:46.144,6.690519,FRAME,7849,23980,-387,-372,-283,-492,38
2026-07-02T20:14:46.144,6.691182,FRAME,7850,23981,-385,-384,-281,-517,38
2026-07-02T20:14:46.145,6.691788,FRAME,7851,23982,-412,-362,-291,-549,38
2026-07-02T20:14:46.146,6.692393,FRAME,7852,23983,-417,-380,-309,-565,38
2026-07-02T20:14:46.146,6.693019,FRAME,7853,23984,-443,-399,-285,-564,38
2026-07-02T20:14:46.147,6.693667,FRAME,7854,23985,-473,-409,-292,-524,38
2026-07-02T20:14:46.148,6.694260,FRAME,7855,23986,-447,-419,-323,-486,38
2026-07-02T20:14:46.148,6.694855,FRAME,7856,23987,-444,-397,-301,-502,38
2026-07-02T20:14:46.149,6.695462,FRAME,7857,23988,-482,-394,-330,-519,38
2026-07-02T20:14:46.149,6.696102,FRAME,7858,23989,-476,-352,-334,-501,38
2026-07-02T20:14:46.150,6.696723,FRAME,7859,23990,-420,-352,-297,-458,38
2026-07-02T20:14:46.151,6.697376,FRAME,7860,23991,-376,-372,-250,-493,38
2026-07-02T20:14:46.151,6.698074,FRAME,7861,23992,-395,-353,-258,-469,38
2026-07-02T20:14:46.152,6.698672,FRAME,7862,23993,-352,-331,-244,-473,38
2026-07-02T20:14:46.153,6.699317,FRAME,7863,23994,-352,-339,-255,-465,38
2026-07-02T20:14:46.153,6.700054,FRAME,7864,23995,-365,-321,-265,-453,38
2026-07-02T20:14:46.154,6.700677,FRAME,7865,23996,-321,-343,-270,-471,38
2026-07-02T20:14:46.194,6.740196,FRAME,7866,23997,-266,-323,-268,-490,38
2026-07-02T20:14:46.195,6.741923,FRAME,7867,23998,-275,-277,-263,-443,38
2026-07-02T20:14:46.197,6.743526,FRAME,7868,23999,-245,-268,-250,-456,38
2026-07-02T20:14:46.198,6.744746,FRAME,7869,24000,-222,-311,-229,-496,38
2026-07-02T20:14:46.199,6.745548,FRAME,7870,24001,-208,-291,-208,-442,38
2026-07-02T20:14:46.199,6.746174,FRAME,7871,24002,-179,-201,-196,-416,38
2026-07-02T20:14:46.200,6.746772,FRAME,7872,24003,-149,-205,-189,-413,38
2026-07-02T20:14:46.201,6.747457,FRAME,7873,24004,-110,-212,-179,-440,38
2026-07-02T20:14:46.201,6.748125,FRAME,7874,24005,-112,-160,-188,-435,38
2026-07-02T20:14:46.202,6.748796,FRAME,7875,24006,-105,-140,-144,-417,38
2026-07-02T20:14:46.203,6.749461,FRAME,7876,24007,-92,-144,-152,-434,37
2026-07-02T20:14:46.203,6.750099,FRAME,7877,24008,-46,-119,-113,-373,37
2026-07-02T20:14:46.204,6.750633,FRAME,7878,24009,1,-124,-123,-378,35
2026-07-02T20:14:46.204,6.751184,FRAME,7879,24010,-2,-99,-60,-378,34
2026-07-02T20:14:46.205,6.751721,FRAME,7880,24011,27,-78,-33,-383,34
2026-07-02T20:14:46.206,6.752259,FRAME,7881,24012,-8,-92,-51,-374,34
2026-07-02T20:14:46.206,6.752825,FRAME,7882,24013,-39,-126,-50,-448,36
2026-07-02T20:14:46.207,6.753475,FRAME,7883,24014,-4,-101,-95,-428,35
2026-07-02T20:14:46.207,6.754138,FRAME,7884,24015,24,-125,-58,-391,35
2026-07-02T20:14:46.208,6.754714,FRAME,7885,24016,41,-119,-83,-420,35
2026-07-02T20:14:46.209,6.755261,FRAME,7886,24017,1,-131,-90,-419,34
2026-07-02T20:14:46.209,6.755936,FRAME,7887,24018,-12,-132,-109,-399,37
2026-07-02T20:14:46.210,6.756542,FRAME,7888,24019,51,-85,-73,-413,34
2026-07-02T20:14:46.210,6.757124,FRAME,7889,24020,25,-85,-91,-380,34
2026-07-02T20:14:46.211,6.757689,FRAME,7890,24021,-13,-85,-47,-392,35
2026-07-02T20:14:46.212,6.758236,FRAME,7891,24022,1,-140,-71,-374,34
2026-07-02T20:14:46.212,6.758841,FRAME,7892,24023,-24,-117,-54,-391,36
2026-07-02T20:14:46.213,6.759392,FRAME,7893,24024,1,-76,-89,-388,33
2026-07-02T20:14:46.213,6.759915,FRAME,7894,24025,8,-93,-74,-394,33
2026-07-02T20:14:46.214,6.760464,FRAME,7895,24026,-42,-77,-71,-412,35
2026-07-02T20:14:46.214,6.761036,FRAME,7896,24027,-66,-124,-89,-425,36
2026-07-02T20:14:46.215,6.761593,FRAME,7897,24028,-50,-125,-99,-392,36
2026-07-02T20:14:46.215,6.762191,FRAME,7898,24029,-65,-189,-139,-441,37
2026-07-02T20:14:46.216,6.762838,FRAME,7899,24030,-111,-152,-197,-441,38
2026-07-02T20:14:46.217,6.763474,FRAME,7900,24031,-151,-252,-152,-437,38
2026-07-02T20:14:46.217,6.764116,FRAME,7901,24032,-151,-153,-188,-494,38
2026-07-02T20:14:46.218,6.764716,FRAME,7902,24033,-199,-205,-208,-487,38
2026-07-02T20:14:46.219,6.765309,FRAME,7903,24034,-264,-280,-151,-469,38
2026-07-02T20:14:46.219,6.765903,FRAME,7904,24035,-272,-282,-240,-487,38
2026-07-02T20:14:46.220,6.766497,FRAME,7905,24036,-314,-283,-261,-479,38
2026-07-02T20:14:46.220,6.767101,FRAME,7906,24037,-338,-301,-285,-473,38
2026-07-02T20:14:46.221,6.767697,FRAME,7907,24038,-312,-341,-272,-448,38
2026-07-02T20:14:46.222,6.768294,FRAME,7908,24039,-340,-351,-268,-445,38
2026-07-02T20:14:46.222,6.768884,FRAME,7909,24040,-350,-314,-287,-478,38
2026-07-02T20:14:46.223,6.769485,FRAME,7910,24041,-348,-395,-300,-505,38
2026-07-02T20:14:46.224,6.770206,FRAME,7911,24042,-306,-325,-283,-448,38
2026-07-02T20:14:46.224,6.770978,FRAME,7912,24043,-330,-352,-279,-504,38
2026-07-02T20:14:46.225,6.771612,FRAME,7913,24044,-375,-371,-277,-484,38
2026-07-02T20:14:46.226,6.772222,FRAME,7914,24045,-408,-417,-310,-495,38
2026-07-02T20:14:46.226,6.772912,FRAME,7915,24046,-416,-384,-297,-531,38
2026-07-02T20:14:46.227,6.773539,FRAME,7916,24047,-448,-391,-296,-512,38
2026-07-02T20:14:46.228,6.774253,FRAME,7917,24048,-423,-412,-335,-532,38
2026-07-02T20:14:46.228,6.774938,FRAME,7918,24049,-431,-409,-324,-552,38
2026-07-02T20:14:46.229,6.775585,FRAME,7919,24050,-470,-426,-368,-543,38
2026-07-02T20:14:46.229,6.776195,FRAME,7920,24051,-458,-451,-350,-538,38
2026-07-02T20:14:46.230,6.776791,FRAME,7921,24052,-478,-464,-372,-534,38
2026-07-02T20:14:46.231,6.777389,FRAME,7922,24053,-483,-505,-384,-529,38
2026-07-02T20:14:46.231,6.778010,FRAME,7923,24054,-521,-427,-416,-530,38
2026-07-02T20:14:46.232,6.778724,FRAME,7924,24055,-540,-456,-368,-548,38
2026-07-02T20:14:46.233,6.779330,FRAME,7925,24056,-517,-443,-382,-509,38
2026-07-02T20:14:46.233,6.779973,FRAME,7926,24057,-582,-480,-388,-530,38
2026-07-02T20:14:46.234,6.780610,FRAME,7927,24058,-545,-453,-411,-517,38
2026-07-02T20:14:46.235,6.781748,FRAME,7928,24059,-603,-470,-370,-530,38
2026-07-02T20:14:46.236,6.782372,FRAME,7929,24060,-614,-470,-374,-550,38
2026-07-02T20:14:46.237,6.783266,FRAME,7930,24061,-611,-499,-400,-505,38
2026-07-02T20:14:46.237,6.784181,FRAME,7931,24062,-565,-494,-400,-563,38
2026-07-02T20:14:46.238,6.785095,FRAME,7932,24063,-650,-485,-437,-579,38
2026-07-02T20:14:46.239,6.786156,FRAME,7933,24064,-598,-555,-462,-595,38
2026-07-02T20:14:46.240,6.787107,FRAME,7934,24065,-594,-563,-403,-580,38
2026-07-02T20:14:46.241,6.788053,FRAME,7935,24066,-627,-556,-392,-573,38
2026-07-02T20:14:46.242,6.789019,FRAME,7936,24067,-608,-560,-463,-568,38
2026-07-02T20:14:46.243,6.789922,FRAME,7937,24068,-631,-518,-448,-593,38
2026-07-02T20:14:46.244,6.790823,FRAME,7938,24069,-654,-561,-428,-572,38
2026-07-02T20:14:46.245,6.791735,FRAME,7939,24070,-672,-559,-449,-531,38
2026-07-02T20:14:46.246,6.792645,FRAME,7940,24071,-656,-538,-439,-554,38
2026-07-02T20:14:46.247,6.793320,FRAME,7941,24072,-640,-536,-417,-501,38
2026-07-02T20:14:46.248,6.794208,FRAME,7942,24073,-596,-535,-375,-488,38
2026-07-02T20:14:46.248,6.794873,FRAME,7943,24074,-567,-534,-388,-530,38
2026-07-02T20:14:46.249,6.795847,FRAME,7944,24075,-544,-474,-351,-455,38
2026-07-02T20:14:46.250,6.796736,FRAME,7945,24076,-517,-463,-359,-480,38
2026-07-02T20:14:46.251,6.797552,FRAME,7946,24077,-469,-451,-315,-509,38
2026-07-02T20:14:46.251,6.798163,FRAME,7947,24078,-444,-431,-293,-471,38
2026-07-02T20:14:46.252,6.799131,FRAME,7948,24079,-421,-401,-310,-506,38
2026-07-02T20:14:46.253,6.800072,FRAME,7949,24080,-409,-371,-303,-521,38
2026-07-02T20:14:46.254,6.800963,FRAME,7950,24081,-413,-366,-278,-525,38
2026-07-02T20:14:46.255,6.802011,FRAME,7951,24082,-456,-405,-323,-517,38
2026-07-02T20:14:46.257,6.803230,FRAME,7952,24083,-433,-395,-302,-505,38
2026-07-02T20:14:46.258,6.804579,FRAME,7953,24084,-448,-430,-363,-517,38
2026-07-02T20:14:46.259,6.805596,FRAME,7954,24085,-416,-409,-341,-559,38
2026-07-02T20:14:46.260,6.806894,FRAME,7955,24086,-444,-458,-356,-525,38
2026-07-02T20:14:46.261,6.807805,FRAME,7956,24087,-464,-480,-367,-527,38
2026-07-02T20:14:46.262,6.808550,FRAME,7957,24088,-441,-438,-285,-479,38
2026-07-02T20:14:46.263,6.809273,FRAME,7958,24089,-457,-417,-273,-462,38
2026-07-02T20:14:46.264,6.810225,FRAME,7959,24090,-406,-457,-279,-441,38
2026-07-02T20:14:46.264,6.811062,FRAME,7960,24091,-433,-375,-272,-473,38
2026-07-02T20:14:46.265,6.811976,FRAME,7961,24092,-371,-373,-293,-460,38
2026-07-02T20:14:46.266,6.812826,FRAME,7962,24093,-400,-379,-268,-452,38
2026-07-02T20:14:46.267,6.813625,FRAME,7963,24094,-356,-347,-277,-415,38
2026-07-02T20:14:46.268,6.814289,FRAME,7964,24095,-296,-323,-287,-431,38
2026-07-02T20:14:46.268,6.814914,FRAME,7965,24096,-286,-348,-254,-488,38
2026-07-02T20:14:46.269,6.815526,FRAME,7966,24097,-238,-310,-240,-456,38
2026-07-02T20:14:46.269,6.816156,FRAME,7967,24098,-226,-295,-198,-464,38
2026-07-02T20:14:46.270,6.816782,FRAME,7968,24099,-225,-306,-225,-458,38
2026-07-02T20:14:46.271,6.817397,FRAME,7969,24100,-195,-254,-215,-465,38
2026-07-02T20:14:46.271,6.818018,FRAME,7970,24101,-190,-292,-212,-420,38
2026-07-02T20:14:46.272,6.818659,FRAME,7971,24102,-144,-247,-234,-431,38
2026-07-02T20:14:46.273,6.819278,FRAME,7972,24103,-174,-240,-163,-422,38
2026-07-02T20:14:46.273,6.819893,FRAME,7973,24104,-148,-193,-153,-422,38
2026-07-02T20:14:46.302,6.848526,FRAME,7974,24105,-104,-230,-138,-417,38
2026-07-02T20:14:46.303,6.849269,FRAME,7975,24106,-111,-172,-141,-394,38
2026-07-02T20:14:46.303,6.849940,FRAME,7976,24107,-107,-190,-151,-394,38
2026-07-02T20:14:46.304,6.850671,FRAME,7977,24108,-127,-182,-129,-392,38
2026-07-02T20:14:46.305,6.851286,FRAME,7978,24109,-80,-164,-87,-390,36
2026-07-02T20:14:46.305,6.851872,FRAME,7979,24110,-71,-196,-126,-414,37
2026-07-02T20:14:46.306,6.852456,FRAME,7980,24111,-88,-156,-108,-375,37
2026-07-02T20:14:46.306,6.853057,FRAME,7981,24112,-69,-165,-129,-400,37
2026-07-02T20:14:46.307,6.853678,FRAME,7982,24113,-67,-137,-104,-390,37
2026-07-02T20:14:46.308,6.854259,FRAME,7983,24114,-25,-125,-57,-421,36
2026-07-02T20:14:46.308,6.854829,FRAME,7984,24115,-33,-149,-94,-420,36
2026-07-02T20:14:46.309,6.855576,FRAME,7985,24116,-31,-142,-126,-436,37
2026-07-02T20:14:46.309,6.856191,FRAME,7986,24117,-85,-141,-123,-402,37
2026-07-02T20:14:46.310,6.856786,FRAME,7987,24118,-23,-145,-131,-426,37
2026-07-02T20:14:46.311,6.857396,FRAME,7988,24119,-68,-127,-128,-424,37
2026-07-02T20:14:46.311,6.858032,FRAME,7989,24120,-88,-124,-110,-426,37
2026-07-02T20:14:46.312,6.858639,FRAME,7990,24121,-61,-124,-108,-436,37
2026-07-02T20:14:46.313,6.859265,FRAME,7991,24122,-64,-157,-143,-433,37
2026-07-02T20:14:46.313,6.860173,FRAME,7992,24123,-115,-123,-143,-448,38
2026-07-02T20:14:46.314,6.860837,FRAME,7993,24124,-145,-171,-157,-423,38
2026-07-02T20:14:46.315,6.861883,FRAME,7994,24125,-171,-202,-144,-390,38
2026-07-02T20:14:46.316,6.862803,FRAME,7995,24126,-175,-175,-171,-438,38
2026-07-02T20:14:46.317,6.863732,FRAME,7996,24127,-199,-162,-144,-442,38
2026-07-02T20:14:46.318,6.864669,FRAME,7997,24128,-211,-200,-178,-487,38
2026-07-02T20:14:46.319,6.865623,FRAME,7998,24129,-216,-227,-198,-458,38
2026-07-02T20:14:46.320,6.866575,FRAME,7999,24130,-243,-256,-208,-490,38
2026-07-02T20:14:46.321,6.867751,FRAME,8000,24131,-230,-211,-168,-459,38
2026-07-02T20:14:46.322,6.868695,FRAME,8001,24132,-258,-274,-210,-475,38
2026-07-02T20:14:46.323,6.869561,FRAME,8002,24133,-270,-228,-208,-511,38
2026-07-02T20:14:46.324,6.870453,FRAME,8003,24134,-260,-271,-271,-494,38
2026-07-02T20:14:46.325,6.871379,FRAME,8004,24135,-294,-264,-230,-480,38
2026-07-02T20:14:46.325,6.872001,FRAME,8005,24136,-295,-308,-221,-491,38
2026-07-02T20:14:46.326,6.872894,FRAME,8006,24137,-329,-286,-217,-497,38
2026-07-02T20:14:46.327,6.873720,FRAME,8007,24138,-332,-253,-237,-460,38
2026-07-02T20:14:46.328,6.874644,FRAME,8008,24139,-320,-251,-246,-453,38
2026-07-02T20:14:46.329,6.875561,FRAME,8009,24140,-355,-277,-256,-456,38
2026-07-02T20:14:46.330,6.876487,FRAME,8010,24141,-312,-295,-220,-467,38
2026-07-02T20:14:46.331,6.877513,FRAME,8011,24142,-317,-276,-262,-481,38
2026-07-02T20:14:46.332,6.878447,FRAME,8012,24143,-342,-280,-256,-477,38
2026-07-02T20:14:46.333,6.879366,FRAME,8013,24144,-344,-278,-278,-474,38
2026-07-02T20:14:46.334,6.880244,FRAME,8014,24145,-372,-353,-288,-462,38
2026-07-02T20:14:46.334,6.881075,FRAME,8015,24146,-386,-315,-294,-478,38
2026-07-02T20:14:46.335,6.881756,FRAME,8016,24147,-362,-317,-262,-472,38
2026-07-02T20:14:46.336,6.882852,FRAME,8017,24148,-379,-322,-257,-530,38
2026-07-02T20:14:46.337,6.883929,FRAME,8018,24149,-344,-265,-286,-492,38
2026-07-02T20:14:46.338,6.885010,FRAME,8019,24150,-285,-288,-232,-498,38
2026-07-02T20:14:46.339,6.886106,FRAME,8020,24151,-247,-286,-228,-498,38
2026-07-02T20:14:46.340,6.887174,FRAME,8021,24152,-240,-252,-167,-503,38
2026-07-02T20:14:46.342,6.888239,FRAME,8022,24153,-244,-237,-206,-413,38
2026-07-02T20:14:46.343,6.889320,FRAME,8023,24154,-207,-244,-202,-470,38
2026-07-02T20:14:46.344,6.890418,FRAME,8024,24155,-237,-231,-211,-449,38
2026-07-02T20:14:46.345,6.891622,FRAME,8025,24156,-281,-237,-249,-445,38
2026-07-02T20:14:46.346,6.892829,FRAME,8026,24157,-245,-275,-208,-455,38
2026-07-02T20:14:46.347,6.893956,FRAME,8027,24158,-250,-303,-196,-470,38
2026-07-02T20:14:46.348,6.895087,FRAME,8028,24159,-266,-244,-290,-478,38
2026-07-02T20:14:46.349,6.896190,FRAME,8029,24160,-250,-289,-228,-453,38
2026-07-02T20:14:46.351,6.897295,FRAME,8030,24161,-315,-291,-260,-474,38
2026-07-02T20:14:46.352,6.898513,FRAME,8031,24162,-273,-290,-207,-464,38
2026-07-02T20:14:46.353,6.899658,FRAME,8032,24163,-326,-346,-289,-452,38
2026-07-02T20:14:46.354,6.900768,FRAME,8033,24164,-344,-308,-235,-514,38
2026-07-02T20:14:46.355,6.901898,FRAME,8034,24165,-317,-236,-239,-492,38
2026-07-02T20:14:46.356,6.903013,FRAME,8035,24166,-279,-285,-220,-480,38
2026-07-02T20:14:46.357,6.904103,FRAME,8036,24167,-310,-307,-217,-496,38
2026-07-02T20:14:46.358,6.904717,FRAME,8037,24168,-247,-266,-214,-519,38
2026-07-02T20:14:46.359,6.905315,FRAME,8038,24169,-294,-283,-227,-485,38
2026-07-02T20:14:46.359,6.906111,FRAME,8039,24170,-248,-249,-227,-446,38
2026-07-02T20:14:46.360,6.906734,FRAME,8040,24171,-241,-281,-173,-426,38
2026-07-02T20:14:46.361,6.907344,FRAME,8041,24172,-242,-238,-201,-437,38
2026-07-02T20:14:46.361,6.907966,FRAME,8042,24173,-254,-203,-147,-454,38
2026-07-02T20:14:46.362,6.908577,FRAME,8043,24174,-207,-155,-117,-427,38
2026-07-02T20:14:46.363,6.909199,FRAME,8044,24175,-162,-152,-176,-411,38
2026-07-02T20:14:46.363,6.909803,FRAME,8045,24176,-147,-152,-130,-359,38
2026-07-02T20:14:46.364,6.910397,FRAME,8046,24177,-123,-161,-116,-367,38
2026-07-02T20:14:46.364,6.910964,FRAME,8047,24178,-84,-94,-126,-397,36
2026-07-02T20:14:46.365,6.911547,FRAME,8048,24179,-56,-112,-85,-346,36
2026-07-02T20:14:46.365,6.912147,FRAME,8049,24180,-60,-108,-78,-400,36
2026-07-02T20:14:46.366,6.912702,FRAME,8050,24181,-20,-58,-91,-370,35
2026-07-02T20:14:46.367,6.913255,FRAME,8051,24182,-20,-96,-81,-413,35
2026-07-02T20:14:46.367,6.913821,FRAME,8052,24183,-17,-38,-110,-373,36
2026-07-02T20:14:46.368,6.914441,FRAME,8053,24184,-9,-98,-79,-376,34
2026-07-02T20:14:46.368,6.915137,FRAME,8054,24185,-25,-65,-56,-412,35
2026-07-02T20:14:46.369,6.915797,FRAME,8055,24186,41,-60,-88,-378,34
2026-07-02T20:14:46.370,6.916345,FRAME,8056,24187,24,-76,-44,-385,34
2026-07-02T20:14:46.370,6.916883,FRAME,8057,24188,49,-33,-54,-355,34
2026-07-02T20:14:46.371,6.917428,FRAME,8058,24189,46,-32,-67,-360,34
2026-07-02T20:14:46.371,6.917975,FRAME,8059,24190,52,-32,-19,-336,34
2026-07-02T20:14:46.372,6.918528,FRAME,8060,24191,45,-63,-59,-376,34
2026-07-02T20:14:46.372,6.919082,FRAME,8061,24192,77,-2,-54,-328,33
2026-07-02T20:14:46.373,6.919692,FRAME,8062,24193,81,32,-48,-330,33
2026-07-02T20:14:46.374,6.920299,FRAME,8063,24194,124,-18,-40,-366,35
2026-07-02T20:14:46.374,6.920867,FRAME,8064,24195,113,-21,-39,-335,35
2026-07-02T20:14:46.375,6.921377,FRAME,8065,24196,42,8,-41,-393,32
2026-07-02T20:14:46.375,6.921904,FRAME,8066,24197,53,-8,-78,-368,33
2026-07-02T20:14:46.376,6.922446,FRAME,8067,24198,64,-37,-72,-345,34
2026-07-02T20:14:46.376,6.922981,FRAME,8068,24199,9,-60,-65,-416,33
2026-07-02T20:14:46.377,6.923544,FRAME,8069,24200,-13,-52,-80,-399,35
2026-07-02T20:14:46.377,6.924109,FRAME,8070,24201,-6,-69,-94,-417,34
2026-07-02T20:14:46.378,6.924707,FRAME,8071,24202,-61,-110,-166,-439,37
2026-07-02T20:14:46.379,6.925302,FRAME,8072,24203,-83,-152,-123,-411,37
2026-07-02T20:14:46.379,6.925915,FRAME,8073,24204,-154,-122,-134,-416,38
2026-07-02T20:14:46.380,6.926525,FRAME,8074,24205,-140,-123,-116,-408,38
2026-07-02T20:14:46.380,6.927147,FRAME,8075,24206,-126,-156,-167,-430,38
2026-07-02T20:14:46.381,6.927775,FRAME,8076,24207,-110,-183,-186,-437,38
2026-07-02T20:14:46.382,6.928375,FRAME,8077,24208,-202,-223,-224,-433,38
2026-07-02T20:14:46.382,6.928979,FRAME,8078,24209,-212,-225,-214,-433,38
2026-07-02T20:14:46.383,6.929574,FRAME,8079,24210,-230,-199,-233,-422,38
2026-07-02T20:14:46.383,6.930193,FRAME,8080,24211,-253,-269,-236,-432,38
2026-07-02T20:14:46.384,6.930801,FRAME,8081,24212,-245,-241,-234,-417,38
2026-07-02T20:14:46.385,6.931463,FRAME,8082,24213,-270,-259,-269,-490,38
2026-07-02T20:14:46.411,6.957726,FRAME,8083,24214,-284,-287,-236,-457,38
2026-07-02T20:14:46.413,6.959913,FRAME,8084,24215,-227,-266,-291,-470,38
2026-07-02T20:14:46.414,6.960831,FRAME,8085,24216,-252,-304,-234,-475,38
2026-07-02T20:14:46.415,6.961562,FRAME,8086,24217,-270,-303,-243,-490,38
2026-07-02T20:14:46.416,6.962560,FRAME,8087,24218,-267,-306,-268,-449,38
2026-07-02T20:14:46.417,6.963416,FRAME,8088,24219,-285,-300,-241,-444,38
2026-07-02T20:14:46.418,6.964204,FRAME,8089,24220,-301,-333,-275,-463,38
2026-07-02T20:14:46.418,6.964819,FRAME,8090,24221,-326,-302,-227,-439,38
2026-07-02T20:14:46.419,6.965415,FRAME,8091,24222,-292,-273,-253,-487,38
2026-07-02T20:14:46.419,6.966018,FRAME,8092,24223,-274,-297,-227,-462,38
2026-07-02T20:14:46.420,6.966683,FRAME,8093,24224,-303,-290,-251,-429,38
2026-07-02T20:14:46.421,6.967302,FRAME,8094,24225,-297,-274,-226,-462,38
2026-07-02T20:14:46.421,6.967903,FRAME,8095,24226,-322,-303,-250,-478,38
2026-07-02T20:14:46.422,6.968506,FRAME,8096,24227,-299,-314,-303,-447,38
2026-07-02T20:14:46.422,6.969122,FRAME,8097,24228,-282,-347,-262,-415,38
2026-07-02T20:14:46.423,6.969764,FRAME,8098,24229,-248,-360,-253,-472,38
2026-07-02T20:14:46.424,6.970358,FRAME,8099,24230,-246,-319,-226,-443,38
2026-07-02T20:14:46.424,6.970972,FRAME,8100,24231,-217,-298,-232,-456,38
2026-07-02T20:14:46.425,6.971571,FRAME,8101,24232,-230,-292,-220,-486,38
2026-07-02T20:14:46.426,6.972208,FRAME,8102,24233,-159,-297,-257,-478,38
2026-07-02T20:14:46.426,6.972878,FRAME,8103,24234,-117,-276,-220,-532,38
2026-07-02T20:14:46.427,6.973534,FRAME,8104,24235,-162,-250,-205,-467,38
2026-07-02T20:14:46.427,6.974190,FRAME,8105,24236,-172,-285,-238,-434,38
2026-07-02T20:14:46.428,6.974823,FRAME,8106,24237,-191,-298,-214,-466,38
2026-07-02T20:14:46.429,6.975526,FRAME,8107,24238,-210,-281,-247,-448,38
2026-07-02T20:14:46.429,6.976177,FRAME,8108,24239,-158,-305,-256,-457,38
2026-07-02T20:14:46.430,6.976808,FRAME,8109,24240,-188,-271,-260,-480,38
2026-07-02T20:14:46.431,6.977453,FRAME,8110,24241,-132,-280,-256,-466,38
2026-07-02T20:14:46.431,6.978162,FRAME,8111,24242,-143,-300,-242,-444,38
2026-07-02T20:14:46.432,6.978867,FRAME,8112,24243,-187,-257,-234,-437,38
2026-07-02T20:14:46.433,6.979512,FRAME,8113,24244,-151,-257,-199,-420,38
2026-07-02T20:14:46.433,6.980170,FRAME,8114,24245,-171,-264,-219,-432,38
2026-07-02T20:14:46.434,6.980801,FRAME,8115,24246,-138,-208,-230,-423,38
2026-07-02T20:14:46.435,6.981585,FRAME,8116,24247,-108,-217,-226,-459,38
2026-07-02T20:14:46.436,6.982357,FRAME,8117,24248,-87,-193,-225,-444,37
2026-07-02T20:14:46.436,6.982972,FRAME,8118,24249,-70,-195,-220,-439,37
2026-07-02T20:14:46.437,6.983697,FRAME,8119,24250,-79,-229,-230,-452,37
2026-07-02T20:14:46.438,6.984306,FRAME,8120,24251,-40,-177,-217,-457,37
2026-07-02T20:14:46.438,6.984913,FRAME,8121,24252,-70,-173,-212,-469,37
2026-07-02T20:14:46.439,6.985596,FRAME,8122,24253,-111,-207,-242,-472,38
2026-07-02T20:14:46.440,6.986247,FRAME,8123,24254,-104,-236,-236,-422,38
2026-07-02T20:14:46.440,6.986945,FRAME,8124,24255,-146,-214,-224,-433,38
2026-07-02T20:14:46.441,6.987552,FRAME,8125,24256,-166,-240,-203,-434,38
2026-07-02T20:14:46.441,6.988181,FRAME,8126,24257,-206,-239,-251,-443,38
2026-07-02T20:14:46.442,6.988798,FRAME,8127,24258,-218,-266,-224,-465,38
2026-07-02T20:14:46.443,6.989417,FRAME,8128,24259,-183,-247,-264,-438,38
2026-07-02T20:14:46.443,6.990040,FRAME,8129,24260,-209,-257,-205,-449,38
2026-07-02T20:14:46.444,6.990659,FRAME,8130,24261,-190,-251,-217,-415,38
2026-07-02T20:14:46.445,6.991284,FRAME,8131,24262,-143,-219,-211,-445,38
2026-07-02T20:14:46.445,6.991907,FRAME,8132,24263,-124,-242,-218,-431,38
2026-07-02T20:14:46.446,6.992538,FRAME,8133,24264,-147,-231,-231,-466,38
2026-07-02T20:14:46.446,6.993178,FRAME,8134,24265,-176,-163,-215,-469,38
2026-07-02T20:14:46.447,6.993786,FRAME,8135,24266,-137,-211,-199,-446,38
2026-07-02T20:14:46.448,6.994411,FRAME,8136,24267,-122,-200,-211,-485,38
2026-07-02T20:14:46.448,6.995050,FRAME,8137,24268,-126,-211,-213,-446,38
2026-07-02T20:14:46.449,6.995749,FRAME,8138,24269,-111,-194,-160,-456,38
2026-07-02T20:14:46.450,6.996370,FRAME,8139,24270,-104,-166,-210,-431,38
2026-07-02T20:14:46.450,6.996965,FRAME,8140,24271,-96,-161,-138,-446,37
2026-07-02T20:14:46.451,6.997585,FRAME,8141,24272,-132,-183,-153,-442,38
2026-07-02T20:14:46.452,6.998218,FRAME,8142,24273,-102,-150,-167,-470,38
2026-07-02T20:14:46.452,6.998811,FRAME,8143,24274,-99,-164,-184,-413,37
2026-07-02T20:14:46.453,6.999479,FRAME,8144,24275,-101,-180,-135,-432,38
2026-07-02T20:14:46.453,7.000095,FRAME,8145,24276,-94,-158,-171,-440,37
2026-07-02T20:14:46.454,7.000707,FRAME,8146,24277,-123,-154,-173,-479,38
2026-07-02T20:14:46.455,7.001313,FRAME,8147,24278,-116,-183,-171,-474,38
2026-07-02T20:14:46.455,7.001927,FRAME,8148,24279,-171,-190,-155,-453,38
2026-07-02T20:14:46.456,7.002585,FRAME,8149,24280,-196,-251,-227,-498,38
2026-07-02T20:14:46.457,7.003217,FRAME,8150,24281,-189,-215,-241,-456,38
2026-07-02T20:14:46.457,7.003962,FRAME,8151,24282,-170,-247,-205,-491,38
2026-07-02T20:14:46.458,7.004715,FRAME,8152,24283,-227,-276,-240,-498,38
2026-07-02T20:14:46.459,7.005385,FRAME,8153,24284,-262,-273,-250,-566,38
2026-07-02T20:14:46.459,7.006024,FRAME,8154,24285,-228,-263,-221,-507,38
2026-07-02T20:14:46.460,7.006644,FRAME,8155,24286,-254,-310,-268,-492,38
2026-07-02T20:14:46.461,7.007326,FRAME,8156,24287,-275,-312,-286,-502,38
2026-07-02T20:14:46.461,7.007954,FRAME,8157,24288,-295,-328,-266,-463,38
2026-07-02T20:14:46.462,7.008570,FRAME,8158,24289,-294,-325,-227,-474,38
2026-07-02T20:14:46.462,7.009192,FRAME,8159,24290,-293,-305,-247,-465,38
2026-07-02T20:14:46.463,7.009804,FRAME,8160,24291,-341,-322,-234,-491,38
2026-07-02T20:14:46.464,7.010434,FRAME,8161,24292,-289,-322,-250,-514,38
2026-07-02T20:14:46.464,7.011092,FRAME,8162,24293,-314,-329,-285,-526,38
2026-07-02T20:14:46.465,7.011706,FRAME,8163,24294,-317,-329,-271,-515,38
2026-07-02T20:14:46.466,7.012315,FRAME,8164,24295,-349,-317,-281,-507,38
2026-07-02T20:14:46.466,7.012929,FRAME,8165,24296,-332,-339,-293,-543,38
2026-07-02T20:14:46.467,7.013541,FRAME,8166,24297,-333,-329,-305,-507,38
2026-07-02T20:14:46.467,7.014194,FRAME,8167,24298,-301,-347,-291,-521,38
2026-07-02T20:14:46.468,7.014806,FRAME,8168,24299,-355,-338,-319,-521,38
2026-07-02T20:14:46.469,7.015418,FRAME,8169,24300,-340,-367,-275,-535,38
2026-07-02T20:14:46.469,7.016061,FRAME,8170,24301,-338,-343,-295,-491,38
2026-07-02T20:14:46.470,7.016678,FRAME,8171,24302,-390,-343,-308,-550,38
2026-07-02T20:14:46.471,7.017345,FRAME,8172,24303,-375,-313,-256,-536,38
2026-07-02T20:14:46.471,7.017990,FRAME,8173,24304,-345,-328,-291,-505,38
2026-07-02T20:14:46.472,7.018761,FRAME,8174,24305,-342,-303,-295,-535,38
2026-07-02T20:14:46.473,7.019395,FRAME,8175,24306,-326,-291,-259,-456,38
2026-07-02T20:14:46.473,7.020054,FRAME,8176,24307,-265,-250,-230,-481,38
2026-07-02T20:14:46.474,7.021138,FRAME,8177,24308,-267,-226,-190,-506,38
2026-07-02T20:14:46.475,7.021905,FRAME,8178,24309,-207,-261,-178,-485,38
2026-07-02T20:14:46.476,7.022840,FRAME,8179,24310,-251,-251,-220,-506,38
2026-07-02T20:14:46.477,7.023773,FRAME,8180,24311,-280,-258,-233,-524,38
2026-07-02T20:14:46.478,7.024750,FRAME,8181,24312,-278,-293,-221,-500,38
2026-07-02T20:14:46.479,7.025697,FRAME,8182,24313,-312,-275,-276,-520,38
2026-07-02T20:14:46.480,7.026812,FRAME,8183,24314,-303,-278,-235,-538,38
2026-07-02T20:14:46.481,7.027776,FRAME,8184,24315,-354,-292,-248,-539,38
2026-07-02T20:14:46.482,7.028689,FRAME,8185,24316,-367,-278,-256,-535,38
2026-07-02T20:14:46.483,7.029588,FRAME,8186,24317,-324,-312,-262,-537,38
2026-07-02T20:14:46.484,7.030499,FRAME,8187,24318,-361,-273,-264,-536,38
2026-07-02T20:14:46.485,7.031458,FRAME,8188,24319,-320,-294,-297,-516,38
2026-07-02T20:14:46.486,7.032233,FRAME,8189,24320,-266,-278,-243,-487,38
2026-07-02T20:14:46.517,7.063602,FRAME,8190,24321,-342,-328,-261,-539,38
2026-07-02T20:14:46.518,7.064427,FRAME,8191,24322,-327,-250,-227,-484,38
2026-07-02T20:14:46.518,7.065130,FRAME,8192,24323,-272,-286,-203,-485,38
2026-07-02T20:14:46.519,7.066057,FRAME,8193,24324,-270,-260,-217,-456,38
2026-07-02T20:14:46.520,7.067151,FRAME,8194,24325,-215,-281,-202,-440,38
2026-07-02T20:14:46.521,7.067855,FRAME,8195,24326,-217,-224,-168,-460,38
2026-07-02T20:14:46.522,7.068483,FRAME,8196,24327,-213,-218,-186,-478,38
2026-07-02T20:14:46.522,7.069098,FRAME,8197,24328,-180,-237,-186,-464,38
2026-07-02T20:14:46.523,7.070034,FRAME,8198,24329,-180,-200,-179,-513,38
2026-07-02T20:14:46.524,7.070627,FRAME,8199,24330,-208,-187,-135,-465,38
2026-07-02T20:14:46.525,7.071238,FRAME,8200,24331,-166,-198,-150,-504,38
2026-07-02T20:14:46.525,7.071842,FRAME,8201,24332,-190,-161,-131,-466,38
2026-07-02T20:14:46.526,7.072461,FRAME,8202,24333,-150,-185,-162,-479,38
2026-07-02T20:14:46.526,7.073081,FRAME,8203,24334,-135,-150,-105,-422,38
2026-07-02T20:14:46.527,7.073686,FRAME,8204,24335,-120,-154,-152,-466,38
2026-07-02T20:14:46.528,7.074451,FRAME,8205,24336,-157,-135,-120,-493,38
2026-07-02T20:14:46.529,7.075340,FRAME,8206,24337,-80,-118,-75,-409,36
2026-07-02T20:14:46.529,7.076064,FRAME,8207,24338,-113,-121,-102,-391,38
2026-07-02T20:14:46.530,7.076657,FRAME,8208,24339,-41,-80,-76,-403,35
2026-07-02T20:14:46.531,7.077220,FRAME,8209,24340,-84,-92,-68,-416,35
2026-07-02T20:14:46.531,7.077771,FRAME,8210,24341,-37,-85,-71,-405,35
2026-07-02T20:14:46.532,7.078286,FRAME,8211,24342,0,-28,-2,-411,32
2026-07-02T20:14:46.532,7.078829,FRAME,8212,24343,-5,-44,-47,-409,34
2026-07-02T20:14:46.533,7.079687,FRAME,8213,24344,-39,-72,-13,-414,35
2026-07-02T20:14:46.534,7.080418,FRAME,8214,24345,-10,-84,-66,-425,35
2026-07-02T20:14:46.534,7.081046,FRAME,8215,24346,-37,-137,-49,-424,36
2026-07-02T20:14:46.535,7.081592,FRAME,8216,24347,-38,-59,-18,-430,35
2026-07-02T20:14:46.536,7.082495,FRAME,8217,24348,-19,-95,-87,-474,35
2026-07-02T20:14:46.537,7.083454,FRAME,8218,24349,-39,-111,-66,-445,36
2026-07-02T20:14:46.538,7.084392,FRAME,8219,24350,-45,-86,-32,-471,35
2026-07-02T20:14:46.539,7.085436,FRAME,8220,24351,-2,-148,-18,-447,35
2026-07-02T20:14:46.540,7.086495,FRAME,8221,24352,-9,-77,-40,-439,34
2026-07-02T20:14:46.541,7.087292,FRAME,8222,24353,-35,-114,-49,-430,36
2026-07-02T20:14:46.541,7.087870,FRAME,8223,24354,-45,-83,-22,-383,35
2026-07-02T20:14:46.542,7.088507,FRAME,8224,24355,-24,-103,-67,-382,36
2026-07-02T20:14:46.542,7.089082,FRAME,8225,24356,-44,-83,-49,-407,35
2026-07-02T20:14:46.543,7.089688,FRAME,8226,24357,-88,-104,-7,-397,35
2026-07-02T20:14:46.544,7.090445,FRAME,8227,24358,-66,-104,-45,-443,36
2026-07-02T20:14:46.545,7.091254,FRAME,8228,24359,-115,-118,-45,-436,37
2026-07-02T20:14:46.545,7.092122,FRAME,8229,24360,-122,-148,-93,-400,37
2026-07-02T20:14:46.546,7.092825,FRAME,8230,24361,-144,-148,-97,-442,37
2026-07-02T20:14:46.547,7.093444,FRAME,8231,24362,-172,-185,-87,-458,37
2026-07-02T20:14:46.547,7.094099,FRAME,8232,24363,-228,-161,-131,-457,38
2026-07-02T20:14:46.548,7.094734,FRAME,8233,24364,-215,-206,-166,-480,38
2026-07-02T20:14:46.549,7.095536,FRAME,8234,24365,-201,-237,-171,-505,38
2026-07-02T20:14:46.550,7.096207,FRAME,8235,24366,-237,-215,-188,-492,38
2026-07-02T20:14:46.550,7.096819,FRAME,8236,24367,-262,-247,-203,-524,38
2026-07-02T20:14:46.551,7.097453,FRAME,8237,24368,-246,-257,-188,-517,38
2026-07-02T20:14:46.552,7.098465,FRAME,8238,24369,-291,-286,-184,-467,38
2026-07-02T20:14:46.553,7.099532,FRAME,8239,24370,-311,-264,-212,-493,38
2026-07-02T20:14:46.554,7.100566,FRAME,8240,24371,-347,-265,-232,-530,38
2026-07-02T20:14:46.555,7.101673,FRAME,8241,24372,-336,-280,-196,-488,38
2026-07-02T20:14:46.556,7.102670,FRAME,8242,24373,-332,-274,-223,-509,38
2026-07-02T20:14:46.557,7.103337,FRAME,8243,24374,-393,-269,-203,-452,38
2026-07-02T20:14:46.557,7.104172,FRAME,8244,24375,-396,-300,-215,-489,38
2026-07-02T20:14:46.559,7.105279,FRAME,8245,24376,-383,-292,-253,-503,38
2026-07-02T20:14:46.560,7.106266,FRAME,8246,24377,-388,-325,-233,-478,38
2026-07-02T20:14:46.561,7.107207,FRAME,8247,24378,-429,-324,-232,-496,38
2026-07-02T20:14:46.562,7.108433,FRAME,8248,24379,-439,-309,-203,-484,38
2026-07-02T20:14:46.563,7.109862,FRAME,8249,24380,-425,-345,-215,-527,38
2026-07-02T20:14:46.564,7.111038,FRAME,8250,24381,-398,-353,-218,-501,38
2026-07-02T20:14:46.565,7.111907,FRAME,8251,24382,-379,-317,-226,-514,38
2026-07-02T20:14:46.566,7.112787,FRAME,8252,24383,-443,-371,-243,-569,38
2026-07-02T20:14:46.567,7.113678,FRAME,8253,24384,-420,-337,-292,-573,38
2026-07-02T20:14:46.568,7.114356,FRAME,8254,24385,-449,-388,-254,-519,38
2026-07-02T20:14:46.568,7.115044,FRAME,8255,24386,-454,-393,-258,-519,38
2026-07-02T20:14:46.569,7.115949,FRAME,8256,24387,-417,-359,-260,-526,38
2026-07-02T20:14:46.570,7.116826,FRAME,8257,24388,-394,-348,-242,-440,38
2026-07-02T20:14:46.571,7.117774,FRAME,8258,24389,-386,-302,-238,-475,38
2026-07-02T20:14:46.572,7.118781,FRAME,8259,24390,-384,-308,-207,-499,38
2026-07-02T20:14:46.573,7.119751,FRAME,8260,24391,-298,-254,-138,-470,38
2026-07-02T20:14:46.574,7.120639,FRAME,8261,24392,-284,-264,-194,-468,38
2026-07-02T20:14:46.575,7.121555,FRAME,8262,24393,-294,-260,-172,-459,38
2026-07-02T20:14:46.576,7.122519,FRAME,8263,24394,-293,-267,-190,-497,38
2026-07-02T20:14:46.577,7.123408,FRAME,8264,24395,-331,-261,-195,-470,38
2026-07-02T20:14:46.577,7.124192,FRAME,8265,24396,-331,-261,-202,-477,38
2026-07-02T20:14:46.578,7.124850,FRAME,8266,24397,-317,-254,-213,-503,38
2026-07-02T20:14:46.579,7.125467,FRAME,8267,24398,-318,-261,-217,-517,38
2026-07-02T20:14:46.579,7.126114,FRAME,8268,24399,-334,-316,-229,-500,38
2026-07-02T20:14:46.580,7.126775,FRAME,8269,24400,-344,-256,-232,-512,38
2026-07-02T20:14:46.581,7.127400,FRAME,8270,24401,-323,-283,-270,-495,38
2026-07-02T20:14:46.581,7.128029,FRAME,8271,24402,-331,-265,-224,-506,38
2026-07-02T20:14:46.582,7.128634,FRAME,8272,24403,-296,-293,-238,-502,38
2026-07-02T20:14:46.583,7.129276,FRAME,8273,24404,-321,-276,-228,-502,38
2026-07-02T20:14:46.583,7.129893,FRAME,8274,24405,-281,-301,-239,-484,38
2026-07-02T20:14:46.584,7.130521,FRAME,8275,24406,-246,-341,-178,-457,38
2026-07-02T20:14:46.584,7.131163,FRAME,8276,24407,-235,-258,-214,-473,38
2026-07-02T20:14:46.585,7.131786,FRAME,8277,24408,-201,-220,-207,-450,38
2026-07-02T20:14:46.586,7.132457,FRAME,8278,24409,-201,-264,-219,-472,38
2026-07-02T20:14:46.586,7.133132,FRAME,8279,24410,-171,-263,-175,-423,38
2026-07-02T20:14:46.587,7.133754,FRAME,8280,24411,-135,-200,-198,-408,38
2026-07-02T20:14:46.588,7.134396,FRAME,8281,24412,-148,-207,-164,-446,38
2026-07-02T20:14:46.588,7.135024,FRAME,8282,24413,-147,-189,-175,-438,38
2026-07-02T20:14:46.589,7.135629,FRAME,8283,24414,-139,-213,-168,-447,38
2026-07-02T20:14:46.590,7.136245,FRAME,8284,24415,-90,-240,-181,-474,37
2026-07-02T20:14:46.590,7.136852,FRAME,8285,24416,-70,-202,-142,-462,37
2026-07-02T20:14:46.591,7.137523,FRAME,8286,24417,-102,-217,-164,-491,38
2026-07-02T20:14:46.592,7.138243,FRAME,8287,24418,-135,-229,-151,-494,38
2026-07-02T20:14:46.592,7.138930,FRAME,8288,24419,-162,-181,-159,-465,38
2026-07-02T20:14:46.593,7.139614,FRAME,8289,24420,-158,-215,-187,-436,38
2026-07-02T20:14:46.594,7.140303,FRAME,8290,24421,-135,-214,-104,-455,38
2026-07-02T20:14:46.594,7.140989,FRAME,8291,24422,-199,-251,-190,-443,38
2026-07-02T20:14:46.595,7.141670,FRAME,8292,24423,-147,-222,-169,-446,38
2026-07-02T20:14:46.596,7.142340,FRAME,8293,24424,-144,-192,-126,-448,38
2026-07-02T20:14:46.596,7.143169,FRAME,8294,24425,-192,-217,-146,-461,38
2026-07-02T20:14:46.597,7.143998,FRAME,8295,24426,-173,-215,-125,-420,38
2026-07-02T20:14:46.598,7.144733,FRAME,8296,24427,-173,-195,-116,-434,38
2026-07-02T20:14:46.599,7.145390,FRAME,8297,24428,-227,-171,-94,-453,37
2026-07-02T20:14:46.625,7.171915,FRAME,8298,24429,-231,-175,-97,-394,37
2026-07-02T20:14:46.626,7.173106,FRAME,8299,24430,-105,-164,-118,-440,38
2026-07-02T20:14:46.628,7.174255,FRAME,8300,24431,-80,-157,-106,-444,37
2026-07-02T20:14:46.629,7.175449,FRAME,8301,24432,-93,-119,-73,-463,36
2026-07-02T20:14:46.630,7.176677,FRAME,8302,24433,-102,-142,-89,-407,37
2026-07-02T20:14:46.631,7.177630,FRAME,8303,24434,-33,-130,-91,-470,36
2026-07-02T20:14:46.632,7.178642,FRAME,8304,24435,-122,-159,-112,-459,38
2026-07-02T20:14:46.633,7.179658,FRAME,8305,24436,-76,-131,-91,-457,36
2026-07-02T20:14:46.634,7.180850,FRAME,8306,24437,-129,-162,-110,-453,38
2026-07-02T20:14:46.635,7.181937,FRAME,8307,24438,-120,-164,-103,-378,38
2026-07-02T20:14:46.636,7.182952,FRAME,8308,24439,-182,-185,-92,-416,37
2026-07-02T20:14:46.637,7.183981,FRAME,8309,24440,-169,-178,-110,-439,38
2026-07-02T20:14:46.638,7.185014,FRAME,8310,24441,-174,-182,-138,-434,38
2026-07-02T20:14:46.639,7.186036,FRAME,8311,24442,-216,-234,-151,-447,38
2026-07-02T20:14:46.640,7.187079,FRAME,8312,24443,-219,-230,-186,-451,38
2026-07-02T20:14:46.641,7.188108,FRAME,8313,24444,-319,-276,-175,-455,38
2026-07-02T20:14:46.642,7.189133,FRAME,8314,24445,-273,-281,-148,-484,38
2026-07-02T20:14:46.644,7.190207,FRAME,8315,24446,-261,-289,-219,-451,38
2026-07-02T20:14:46.645,7.191535,FRAME,8316,24447,-272,-281,-192,-497,38
2026-07-02T20:14:46.646,7.192876,FRAME,8317,24448,-248,-284,-188,-470,38
2026-07-02T20:14:46.647,7.194012,FRAME,8318,24449,-314,-316,-200,-519,38
2026-07-02T20:14:46.648,7.195052,FRAME,8319,24450,-299,-263,-209,-490,38
2026-07-02T20:14:46.649,7.196089,FRAME,8320,24451,-316,-345,-240,-522,38
2026-07-02T20:14:46.651,7.197284,FRAME,8321,24452,-313,-337,-218,-470,38
2026-07-02T20:14:46.652,7.198611,FRAME,8322,24453,-297,-328,-229,-506,38
2026-07-02T20:14:46.653,7.199692,FRAME,8323,24454,-346,-344,-240,-516,38
2026-07-02T20:14:46.654,7.200604,FRAME,8324,24455,-341,-352,-236,-481,38
2026-07-02T20:14:46.655,7.201509,FRAME,8325,24456,-386,-353,-250,-455,38
2026-07-02T20:14:46.656,7.202335,FRAME,8326,24457,-387,-312,-218,-447,38
2026-07-02T20:14:46.656,7.202944,FRAME,8327,24458,-385,-274,-199,-467,38
2026-07-02T20:14:46.657,7.203872,FRAME,8328,24459,-359,-309,-183,-457,38
2026-07-02T20:14:46.658,7.204799,FRAME,8329,24460,-357,-314,-274,-475,38
2026-07-02T20:14:46.659,7.205729,FRAME,8330,24461,-417,-318,-249,-500,38
2026-07-02T20:14:46.660,7.206641,FRAME,8331,24462,-418,-380,-209,-447,38
2026-07-02T20:14:46.661,7.207558,FRAME,8332,24463,-394,-343,-228,-522,38
2026-07-02T20:14:46.662,7.208493,FRAME,8333,24464,-364,-357,-253,-501,38
2026-07-02T20:14:46.663,7.209544,FRAME,8334,24465,-323,-349,-231,-511,38
2026-07-02T20:14:46.664,7.210575,FRAME,8335,24466,-312,-332,-266,-499,38
2026-07-02T20:14:46.665,7.211699,FRAME,8336,24467,-326,-274,-215,-502,38
2026-07-02T20:14:46.666,7.212604,FRAME,8337,24468,-303,-301,-207,-467,38
2026-07-02T20:14:46.667,7.213500,FRAME,8338,24469,-305,-309,-175,-451,38
2026-07-02T20:14:46.668,7.214480,FRAME,8339,24470,-263,-277,-179,-488,38
2026-07-02T20:14:46.669,7.215394,FRAME,8340,24471,-234,-213,-205,-404,38
2026-07-02T20:14:46.670,7.216215,FRAME,8341,24472,-239,-268,-198,-441,38
2026-07-02T20:14:46.670,7.216922,FRAME,8342,24473,-267,-225,-183,-430,38
2026-07-02T20:14:46.671,7.217608,FRAME,8343,24474,-340,-275,-210,-451,38
2026-07-02T20:14:46.672,7.218383,FRAME,8344,24475,-344,-309,-200,-480,38
2026-07-02T20:14:46.672,7.219150,FRAME,8345,24476,-327,-281,-193,-445,38
2026-07-02T20:14:46.673,7.220118,FRAME,8346,24477,-328,-329,-187,-460,38
2026-07-02T20:14:46.674,7.220829,FRAME,8347,24478,-316,-296,-196,-442,38
2026-07-02T20:14:46.675,7.221531,FRAME,8348,24479,-293,-309,-189,-467,38
2026-07-02T20:14:46.676,7.222237,FRAME,8349,24480,-330,-336,-243,-487,38
2026-07-02T20:14:46.676,7.222947,FRAME,8350,24481,-294,-335,-190,-503,38
2026-07-02T20:14:46.677,7.223669,FRAME,8351,24482,-224,-331,-176,-458,38
2026-07-02T20:14:46.678,7.224361,FRAME,8352,24483,-223,-332,-217,-490,38
2026-07-02T20:14:46.678,7.225085,FRAME,8353,24484,-189,-310,-217,-452,38
2026-07-02T20:14:46.679,7.226039,FRAME,8354,24485,-217,-282,-186,-474,38
2026-07-02T20:14:46.680,7.226760,FRAME,8355,24486,-243,-325,-223,-457,38
2026-07-02T20:14:46.681,7.227481,FRAME,8356,24487,-261,-345,-209,-471,38
2026-07-02T20:14:46.682,7.228213,FRAME,8357,24488,-326,-255,-198,-420,38
2026-07-02T20:14:46.682,7.228919,FRAME,8358,24489,-287,-250,-155,-436,38
2026-07-02T20:14:46.683,7.229619,FRAME,8359,24490,-271,-238,-191,-467,38
2026-07-02T20:14:46.684,7.230348,FRAME,8360,24491,-240,-210,-139,-395,38
2026-07-02T20:14:46.684,7.231072,FRAME,8361,24492,-200,-175,-142,-429,38
2026-07-02T20:14:46.685,7.232046,FRAME,8362,24493,-224,-200,-132,-429,38
2026-07-02T20:14:46.686,7.232787,FRAME,8363,24494,-216,-193,-139,-425,38
2026-07-02T20:14:46.687,7.233491,FRAME,8364,24495,-192,-209,-143,-460,38
2026-07-02T20:14:46.688,7.234441,FRAME,8365,24496,-155,-196,-174,-454,38
2026-07-02T20:14:46.689,7.235270,FRAME,8366,24497,-182,-222,-161,-439,38
2026-07-02T20:14:46.689,7.235889,FRAME,8367,24498,-172,-211,-131,-426,38
2026-07-02T20:14:46.690,7.236496,FRAME,8368,24499,-156,-190,-130,-443,38
2026-07-02T20:14:46.690,7.237116,FRAME,8369,24500,-190,-198,-118,-430,38
2026-07-02T20:14:46.691,7.237726,FRAME,8370,24501,-160,-197,-144,-457,38
2026-07-02T20:14:46.692,7.238339,FRAME,8371,24502,-147,-208,-108,-421,38
2026-07-02T20:14:46.692,7.238960,FRAME,8372,24503,-154,-190,-121,-422,38
2026-07-02T20:14:46.693,7.240120,FRAME,8373,24504,-148,-181,-71,-420,37
2026-07-02T20:14:46.694,7.240733,FRAME,8374,24505,-170,-184,-67,-416,37
2026-07-02T20:14:46.695,7.241317,FRAME,8375,24506,-176,-188,-74,-407,37
2026-07-02T20:14:46.695,7.241901,FRAME,8376,24507,-198,-189,-73,-407,37
2026-07-02T20:14:46.696,7.242502,FRAME,8377,24508,-183,-193,-139,-405,38
2026-07-02T20:14:46.696,7.243111,FRAME,8378,24509,-144,-173,-105,-386,38
2026-07-02T20:14:46.697,7.243736,FRAME,8379,24510,-137,-171,-94,-402,37
2026-07-02T20:14:46.698,7.244483,FRAME,8380,24511,-139,-144,-81,-390,37
2026-07-02T20:14:46.698,7.245152,FRAME,8381,24512,-57,-135,-67,-363,36
2026-07-02T20:14:46.699,7.245765,FRAME,8382,24513,-111,-145,-100,-413,38
2026-07-02T20:14:46.700,7.246338,FRAME,8383,24514,-73,-143,-71,-413,36
2026-07-02T20:14:46.700,7.246951,FRAME,8384,24515,-107,-148,-112,-436,38
2026-07-02T20:14:46.701,7.247611,FRAME,8385,24516,-56,-142,-92,-408,36
2026-07-02T20:14:46.702,7.248219,FRAME,8386,24517,-117,-144,-56,-421,37
2026-07-02T20:14:46.702,7.248832,FRAME,8387,24518,-87,-178,-98,-393,36
2026-07-02T20:14:46.703,7.249406,FRAME,8388,24519,-69,-165,-83,-413,36
2026-07-02T20:14:46.703,7.250031,FRAME,8389,24520,-116,-171,-47,-418,37
2026-07-02T20:14:46.704,7.250622,FRAME,8390,24521,-112,-123,-71,-392,37
2026-07-02T20:14:46.705,7.251204,FRAME,8391,24522,-61,-105,-97,-370,36
2026-07-02T20:14:46.705,7.251775,FRAME,8392,24523,-88,-121,-36,-389,36
2026-07-02T20:14:46.706,7.252327,FRAME,8393,24524,-53,-98,-31,-417,35
2026-07-02T20:14:46.706,7.252898,FRAME,8394,24525,-66,-129,-13,-387,36
2026-07-02T20:14:46.707,7.253475,FRAME,8395,24526,-67,-109,-31,-391,36
2026-07-02T20:14:46.707,7.254043,FRAME,8396,24527,-78,-95,-18,-387,35
2026-07-02T20:14:46.708,7.254607,FRAME,8397,24528,-62,-129,-42,-405,36
2026-07-02T20:14:46.708,7.255197,FRAME,8398,24529,-83,-116,-55,-392,36
2026-07-02T20:14:46.709,7.255831,FRAME,8399,24530,-86,-145,-46,-391,36
2026-07-02T20:14:46.710,7.256416,FRAME,8400,24531,-85,-127,-43,-405,36
2026-07-02T20:14:46.710,7.256978,FRAME,8401,24532,-61,-66,-51,-424,35
2026-07-02T20:14:46.711,7.257557,FRAME,8402,24533,-64,-144,-45,-437,36
2026-07-02T20:14:46.711,7.258153,FRAME,8403,24534,-73,-148,-48,-413,36
2026-07-02T20:14:46.712,7.258799,FRAME,8404,24535,-104,-133,-59,-413,37
2026-07-02T20:14:46.713,7.259821,FRAME,8405,24536,-114,-192,-49,-424,37
2026-07-02T20:14:46.737,7.283699,FRAME,8406,24537,-77,-172,-95,-431,36
2026-07-02T20:14:46.738,7.284682,FRAME,8407,24538,-112,-163,-87,-402,37
2026-07-02T20:14:46.739,7.285571,FRAME,8408,24539,-109,-147,-64,-400,37
2026-07-02T20:14:46.740,7.286551,FRAME,8409,24540,-121,-149,-70,-380,37
2026-07-02T20:14:46.741,7.287270,FRAME,8410,24541,-114,-88,-46,-361,36
2026-07-02T20:14:46.741,7.287938,FRAME,8411,24542,-89,-125,-67,-359,36
2026-07-02T20:14:46.742,7.288509,FRAME,8412,24543,-87,-101,-69,-431,36
2026-07-02T20:14:46.743,7.289633,FRAME,8413,24544,-78,-124,-97,-443,36
2026-07-02T20:14:46.744,7.290261,FRAME,8414,24545,-106,-88,-66,-412,36
2026-07-02T20:14:46.744,7.291068,FRAME,8415,24546,-142,-149,-70,-427,37
2026-07-02T20:14:46.745,7.291732,FRAME,8416,24547,-83,-132,-37,-426,36
2026-07-02T20:14:46.746,7.292404,FRAME,8417,24548,-88,-137,-57,-414,36
2026-07-02T20:14:46.747,7.293257,FRAME,8418,24549,-29,-147,-31,-447,36
2026-07-02T20:14:46.748,7.294209,FRAME,8419,24550,-45,-139,-33,-438,36
2026-07-02T20:14:46.748,7.295014,FRAME,8420,24551,-102,-149,-75,-433,37
2026-07-02T20:14:46.749,7.295712,FRAME,8421,24552,-74,-166,-120,-474,37
2026-07-02T20:14:46.750,7.296396,FRAME,8422,24553,-79,-220,-75,-413,36
2026-07-02T20:14:46.751,7.297407,FRAME,8423,24554,-111,-100,-55,-419,37
2026-07-02T20:14:46.752,7.298380,FRAME,8424,24555,-79,-168,-74,-420,36
2026-07-02T20:14:46.753,7.299345,FRAME,8425,24556,-46,-149,-67,-404,36
2026-07-02T20:14:46.754,7.300351,FRAME,8426,24557,-87,-116,-84,-420,36
2026-07-02T20:14:46.755,7.301361,FRAME,8427,24558,-102,-140,-107,-407,38
2026-07-02T20:14:46.756,7.302306,FRAME,8428,24559,-76,-150,-77,-423,36
2026-07-02T20:14:46.757,7.303324,FRAME,8429,24560,-147,-159,-122,-418,38
2026-07-02T20:14:46.758,7.304328,FRAME,8430,24561,-124,-156,-122,-445,38
2026-07-02T20:14:46.759,7.305331,FRAME,8431,24562,-169,-188,-100,-441,38
2026-07-02T20:14:46.759,7.306159,FRAME,8432,24563,-158,-216,-112,-423,38
2026-07-02T20:14:46.760,7.306796,FRAME,8433,24564,-134,-193,-100,-480,38
2026-07-02T20:14:46.761,7.307412,FRAME,8434,24565,-142,-203,-139,-435,38
2026-07-02T20:14:46.761,7.308044,FRAME,8435,24566,-155,-216,-158,-480,38
2026-07-02T20:14:46.762,7.308672,FRAME,8436,24567,-192,-209,-168,-463,38
2026-07-02T20:14:46.763,7.309285,FRAME,8437,24568,-203,-223,-171,-445,38
2026-07-02T20:14:46.763,7.309895,FRAME,8438,24569,-189,-243,-181,-447,38
2026-07-02T20:14:46.764,7.310550,FRAME,8439,24570,-184,-215,-136,-426,38
2026-07-02T20:14:46.764,7.311194,FRAME,8440,24571,-147,-207,-123,-461,38
2026-07-02T20:14:46.765,7.311792,FRAME,8441,24572,-158,-197,-91,-462,37
2026-07-02T20:14:46.766,7.312387,FRAME,8442,24573,-175,-169,-96,-434,37
2026-07-02T20:14:46.767,7.313362,FRAME,8443,24574,-194,-170,-97,-414,37
2026-07-02T20:14:46.768,7.314379,FRAME,8444,24575,-134,-115,-113,-379,38
2026-07-02T20:14:46.769,7.315527,FRAME,8445,24576,-118,-73,-93,-397,36
2026-07-02T20:14:46.770,7.316751,FRAME,8446,24577,-115,-122,-77,-403,37
2026-07-02T20:14:46.771,7.318023,FRAME,8447,24578,-138,-176,-103,-439,38
2026-07-02T20:14:46.772,7.319178,FRAME,8448,24579,-122,-115,-105,-429,38
2026-07-02T20:14:46.773,7.320155,FRAME,8449,24580,-87,-163,-97,-409,36
2026-07-02T20:14:46.774,7.321072,FRAME,8450,24581,-70,-87,-88,-430,35
2026-07-02T20:14:46.775,7.322030,FRAME,8451,24582,-60,-106,-114,-442,37
2026-07-02T20:14:46.776,7.323049,FRAME,8452,24583,-90,-100,-80,-415,36
2026-07-02T20:14:46.777,7.324034,FRAME,8453,24584,-47,-90,-92,-423,35
2026-07-02T20:14:46.778,7.325189,FRAME,8454,24585,-53,-73,-76,-379,35
2026-07-02T20:14:46.780,7.326265,FRAME,8455,24586,-51,-55,-99,-387,35
2026-07-02T20:14:46.781,7.327235,FRAME,8456,24587,-58,-18,-44,-378,35
2026-07-02T20:14:46.781,7.328151,FRAME,8457,24588,6,-20,-57,-379,33
2026-07-02T20:14:46.782,7.329063,FRAME,8458,24589,-55,-37,-44,-414,35
2026-07-02T20:14:46.783,7.329970,FRAME,8459,24590,-15,-42,-53,-346,35
2026-07-02T20:14:46.784,7.330941,FRAME,8460,24591,-11,-33,-36,-335,35
2026-07-02T20:14:46.785,7.331761,FRAME,8461,24592,5,1,-21,-390,31
2026-07-02T20:14:46.786,7.332596,FRAME,8462,24593,28,5,29,-372,31
2026-07-02T20:14:46.787,7.333467,FRAME,8463,24594,71,27,22,-344,32
2026-07-02T20:14:46.788,7.334323,FRAME,8464,24595,62,33,32,-375,32
2026-07-02T20:14:46.788,7.335180,FRAME,8465,24596,79,14,5,-362,31
2026-07-02T20:14:46.789,7.336047,FRAME,8466,24597,70,-5,37,-394,32
2026-07-02T20:14:46.790,7.336911,FRAME,8467,24598,77,52,11,-338,32
2026-07-02T20:14:46.791,7.337765,FRAME,8468,24599,90,43,5,-380,31
2026-07-02T20:14:46.792,7.338615,FRAME,8469,24600,118,21,34,-379,33
2026-07-02T20:14:46.793,7.339490,FRAME,8470,24601,123,52,22,-375,33
2026-07-02T20:14:46.794,7.340440,FRAME,8471,24602,141,37,45,-386,33
2026-07-02T20:14:46.795,7.341552,FRAME,8472,24603,148,65,48,-310,33
2026-07-02T20:14:46.796,7.342637,FRAME,8473,24604,78,50,70,-331,32
2026-07-02T20:14:46.797,7.343769,FRAME,8474,24605,150,63,55,-334,33
2026-07-02T20:14:46.798,7.344751,FRAME,8475,24606,140,75,36,-351,33
2026-07-02T20:14:46.799,7.345610,FRAME,8476,24607,137,75,38,-334,33
2026-07-02T20:14:46.800,7.346484,FRAME,8477,24608,98,71,45,-344,32
2026-07-02T20:14:46.801,7.347375,FRAME,8478,24609,105,65,29,-372,33
2026-07-02T20:14:46.802,7.348203,FRAME,8479,24610,83,52,2,-320,31
2026-07-02T20:14:46.802,7.349047,FRAME,8480,24611,84,47,12,-341,32
2026-07-02T20:14:46.803,7.349923,FRAME,8481,24612,76,29,-14,-375,33
2026-07-02T20:14:46.804,7.350845,FRAME,8482,24613,-4,-40,-13,-371,34
2026-07-02T20:14:46.805,7.351787,FRAME,8483,24614,-6,-101,-96,-412,35
2026-07-02T20:14:46.806,7.352768,FRAME,8484,24615,-53,-138,-156,-383,37
2026-07-02T20:14:46.807,7.353730,FRAME,8485,24616,-67,-150,-113,-408,37
2026-07-02T20:14:46.808,7.354734,FRAME,8486,24617,-119,-136,-111,-450,38
2026-07-02T20:14:46.809,7.355736,FRAME,8487,24618,-162,-178,-118,-425,38
2026-07-02T20:14:46.810,7.356846,FRAME,8488,24619,-191,-218,-140,-436,38
2026-07-02T20:14:46.811,7.358001,FRAME,8489,24620,-237,-210,-181,-450,38
2026-07-02T20:14:46.813,7.359240,FRAME,8490,24621,-271,-262,-204,-434,38
2026-07-02T20:14:46.814,7.360226,FRAME,8491,24622,-303,-300,-212,-423,38
2026-07-02T20:14:46.815,7.361207,FRAME,8492,24623,-315,-257,-210,-402,38
2026-07-02T20:14:46.815,7.361987,FRAME,8493,24624,-296,-259,-179,-437,38
2026-07-02T20:14:46.816,7.363040,FRAME,8494,24625,-289,-233,-183,-417,38
2026-07-02T20:14:46.817,7.363929,FRAME,8495,24626,-333,-257,-159,-441,38
2026-07-02T20:14:46.818,7.364858,FRAME,8496,24627,-287,-282,-183,-436,38
2026-07-02T20:14:46.819,7.365626,FRAME,8497,24628,-331,-269,-171,-486,38
2026-07-02T20:14:46.820,7.366254,FRAME,8498,24629,-312,-295,-185,-456,38
2026-07-02T20:14:46.821,7.367216,FRAME,8499,24630,-311,-349,-210,-459,38
2026-07-02T20:14:46.821,7.368181,FRAME,8500,24631,-346,-334,-242,-502,38
2026-07-02T20:14:46.822,7.369184,FRAME,8501,24632,-366,-367,-240,-507,38
2026-07-02T20:14:46.823,7.370115,FRAME,8502,24633,-405,-359,-243,-505,38
2026-07-02T20:14:46.824,7.371047,FRAME,8503,24634,-436,-382,-255,-509,38
2026-07-02T20:14:46.825,7.371963,FRAME,8504,24635,-424,-389,-316,-535,38
2026-07-02T20:14:46.826,7.372867,FRAME,8505,24636,-438,-398,-251,-522,38
2026-07-02T20:14:46.827,7.373834,FRAME,8506,24637,-420,-399,-311,-503,38
2026-07-02T20:14:46.828,7.374720,FRAME,8507,24638,-489,-352,-247,-503,38
2026-07-02T20:14:46.829,7.375721,FRAME,8508,24639,-502,-361,-265,-492,38
2026-07-02T20:14:46.830,7.376609,FRAME,8509,24640,-469,-350,-225,-481,38
2026-07-02T20:14:46.831,7.377586,FRAME,8510,24641,-403,-302,-260,-474,38
2026-07-02T20:14:46.832,7.378483,FRAME,8511,24642,-402,-293,-215,-454,38
2026-07-02T20:14:46.833,7.379277,FRAME,8512,24643,-377,-266,-251,-441,38
2026-07-02T20:14:46.833,7.379897,FRAME,8513,24644,-369,-272,-174,-447,38
2026-07-02T20:14:46.834,7.380537,FRAME,8514,24645,-382,-273,-186,-500,38
2026-07-02T20:14:46.834,7.381163,FRAME,8515,24646,-366,-279,-230,-459,38
2026-07-02T20:14:46.835,7.381805,FRAME,8516,24647,-366,-287,-255,-495,38
2026-07-02T20:14:46.836,7.382416,FRAME,8517,24648,-400,-315,-272,-482,38
2026-07-02T20:14:46.844,7.390673,FRAME,8518,24649,-429,-336,-276,-508,38
2026-07-02T20:14:46.845,7.391632,FRAME,8519,24650,-434,-370,-258,-475,38
2026-07-02T20:14:46.846,7.392537,FRAME,8520,24651,-406,-315,-285,-518,38
2026-07-02T20:14:46.847,7.393423,FRAME,8521,24652,-495,-346,-275,-493,38
2026-07-02T20:14:46.848,7.394343,FRAME,8522,24653,-490,-373,-301,-514,38
2026-07-02T20:14:46.849,7.395419,FRAME,8523,24654,-495,-364,-310,-507,38
2026-07-02T20:14:46.850,7.396568,FRAME,8524,24655,-464,-307,-294,-458,38
2026-07-02T20:14:46.851,7.397819,FRAME,8525,24656,-426,-366,-289,-486,38
2026-07-02T20:14:46.852,7.398939,FRAME,8526,24657,-468,-281,-281,-474,38
2026-07-02T20:14:46.853,7.399952,FRAME,8527,24658,-385,-333,-276,-453,38
2026-07-02T20:14:46.854,7.400946,FRAME,8528,24659,-362,-330,-281,-453,38
2026-07-02T20:14:46.855,7.401935,FRAME,8529,24660,-348,-293,-284,-500,38
2026-07-02T20:14:46.856,7.402933,FRAME,8530,24661,-358,-273,-270,-469,38
2026-07-02T20:14:46.857,7.404025,FRAME,8531,24662,-327,-252,-271,-475,38
2026-07-02T20:14:46.858,7.405129,FRAME,8532,24663,-297,-287,-245,-455,38
2026-07-02T20:14:46.859,7.406136,FRAME,8533,24664,-299,-325,-247,-446,38
2026-07-02T20:14:46.861,7.407289,FRAME,8534,24665,-301,-288,-219,-448,38
2026-07-02T20:14:46.862,7.408713,FRAME,8535,24666,-268,-280,-229,-467,38
2026-07-02T20:14:46.863,7.409868,FRAME,8536,24667,-271,-301,-178,-480,38
2026-07-02T20:14:46.864,7.410969,FRAME,8537,24668,-240,-290,-237,-454,38
2026-07-02T20:14:46.865,7.412016,FRAME,8538,24669,-236,-272,-179,-463,38
2026-07-02T20:14:46.866,7.413040,FRAME,8539,24670,-230,-272,-197,-443,38
2026-07-02T20:14:46.867,7.414084,FRAME,8540,24671,-203,-228,-186,-450,38
2026-07-02T20:14:46.868,7.415092,FRAME,8541,24672,-220,-215,-193,-424,38
2026-07-02T20:14:46.869,7.416092,FRAME,8542,24673,-212,-270,-183,-448,38
2026-07-02T20:14:46.870,7.417105,FRAME,8543,24674,-183,-242,-202,-446,38
2026-07-02T20:14:46.871,7.418142,FRAME,8544,24675,-219,-234,-176,-382,38
2026-07-02T20:14:46.872,7.419197,FRAME,8545,24676,-249,-245,-156,-442,38
2026-07-02T20:14:46.874,7.420249,FRAME,8546,24677,-219,-247,-161,-420,38
2026-07-02T20:14:46.875,7.421443,FRAME,8547,24678,-198,-188,-186,-396,38
2026-07-02T20:14:46.876,7.422520,FRAME,8548,24679,-164,-205,-152,-456,38
2026-07-02T20:14:46.877,7.423612,FRAME,8549,24680,-149,-191,-170,-410,38
2026-07-02T20:14:46.878,7.424794,FRAME,8550,24681,-120,-178,-119,-452,38
2026-07-02T20:14:46.879,7.426032,FRAME,8551,24682,-99,-257,-129,-447,37
2026-07-02T20:14:46.880,7.427056,FRAME,8552,24683,-115,-153,-165,-443,38
2026-07-02T20:14:46.881,7.428058,FRAME,8553,24684,-96,-222,-137,-471,37
2026-07-02T20:14:46.882,7.429078,FRAME,8554,24685,-150,-224,-116,-453,38
2026-07-02T20:14:46.883,7.430090,FRAME,8555,24686,-153,-206,-164,-427,38
2026-07-02T20:14:46.884,7.431104,FRAME,8556,24687,-181,-214,-130,-440,38
2026-07-02T20:14:46.886,7.432201,FRAME,8557,24688,-183,-216,-152,-446,38
2026-07-02T20:14:46.887,7.433226,FRAME,8558,24689,-164,-191,-187,-452,38
2026-07-02T20:14:46.888,7.434227,FRAME,8559,24690,-176,-236,-163,-460,38
2026-07-02T20:14:46.889,7.435227,FRAME,8560,24691,-227,-239,-193,-410,38
2026-07-02T20:14:46.890,7.436517,FRAME,8561,24692,-216,-243,-176,-490,38
2026-07-02T20:14:46.891,7.437539,FRAME,8562,24693,-270,-240,-195,-443,38
2026-07-02T20:14:46.892,7.438556,FRAME,8563,24694,-269,-276,-200,-472,38
2026-07-02T20:14:46.893,7.439562,FRAME,8564,24695,-266,-273,-213,-456,38
2026-07-02T20:14:46.894,7.440613,FRAME,8565,24696,-272,-324,-273,-492,38
2026-07-02T20:14:46.895,7.441779,FRAME,8566,24697,-320,-345,-250,-468,38
2026-07-02T20:14:46.897,7.443232,FRAME,8567,24698,-334,-369,-232,-516,38
2026-07-02T20:14:46.898,7.444737,FRAME,8568,24699,-349,-347,-247,-485,38
2026-07-02T20:14:46.899,7.445752,FRAME,8569,24700,-344,-356,-268,-481,38
2026-07-02T20:14:46.900,7.446771,FRAME,8570,24701,-349,-348,-279,-541,38
2026-07-02T20:14:46.901,7.447850,FRAME,8571,24702,-383,-367,-278,-498,38
2026-07-02T20:14:46.902,7.448862,FRAME,8572,24703,-405,-410,-317,-545,38
2026-07-02T20:14:46.903,7.449884,FRAME,8573,24704,-461,-406,-329,-487,38
2026-07-02T20:14:46.904,7.450910,FRAME,8574,24705,-478,-392,-284,-496,38
2026-07-02T20:14:46.905,7.451904,FRAME,8575,24706,-477,-450,-285,-517,38
2026-07-02T20:14:46.906,7.453033,FRAME,8576,24707,-444,-436,-299,-507,38
2026-07-02T20:14:46.907,7.454041,FRAME,8577,24708,-462,-395,-312,-487,38
2026-07-02T20:14:46.908,7.455050,FRAME,8578,24709,-460,-398,-308,-502,38
2026-07-02T20:14:46.909,7.456086,FRAME,8579,24710,-465,-424,-294,-508,38
2026-07-02T20:14:46.910,7.457150,FRAME,8580,24711,-455,-391,-330,-534,38
2026-07-02T20:14:46.911,7.457868,FRAME,8581,24712,-472,-418,-285,-493,38
2026-07-02T20:14:46.912,7.458502,FRAME,8582,24713,-456,-426,-276,-561,38
2026-07-02T20:14:46.912,7.459183,FRAME,8583,24714,-490,-439,-304,-535,38
2026-07-02T20:14:46.913,7.459898,FRAME,8584,24715,-469,-443,-330,-489,38
2026-07-02T20:14:46.914,7.460668,FRAME,8585,24716,-372,-383,-298,-497,38
2026-07-02T20:14:46.915,7.461417,FRAME,8586,24717,-356,-365,-282,-485,38
2026-07-02T20:14:46.915,7.462056,FRAME,8587,24718,-366,-367,-286,-502,38
2026-07-02T20:14:46.916,7.462702,FRAME,8588,24719,-289,-354,-269,-502,38
2026-07-02T20:14:46.917,7.463470,FRAME,8589,24720,-350,-319,-256,-459,38
2026-07-02T20:14:46.918,7.464325,FRAME,8590,24721,-297,-314,-253,-453,38
2026-07-02T20:14:46.918,7.465057,FRAME,8591,24722,-285,-295,-247,-478,38
2026-07-02T20:14:46.919,7.465686,FRAME,8592,24723,-257,-325,-254,-446,38
2026-07-02T20:14:46.920,7.466300,FRAME,8593,24724,-235,-297,-264,-439,38
2026-07-02T20:14:46.920,7.466915,FRAME,8594,24725,-244,-334,-239,-463,38
2026-07-02T20:14:46.921,7.467524,FRAME,8595,24726,-256,-357,-288,-450,38
2026-07-02T20:14:46.921,7.468153,FRAME,8596,24727,-293,-307,-251,-447,38
2026-07-02T20:14:46.922,7.468818,FRAME,8597,24728,-280,-305,-281,-463,38
2026-07-02T20:14:46.923,7.469432,FRAME,8598,24729,-294,-329,-223,-427,38
2026-07-02T20:14:46.923,7.470056,FRAME,8599,24730,-315,-281,-245,-478,38
2026-07-02T20:14:46.924,7.470667,FRAME,8600,24731,-262,-327,-251,-477,38
2026-07-02T20:14:46.925,7.471279,FRAME,8601,24732,-290,-327,-218,-494,38
2026-07-02T20:14:46.925,7.471891,FRAME,8602,24733,-265,-325,-253,-522,38
2026-07-02T20:14:46.926,7.472500,FRAME,8603,24734,-267,-301,-246,-501,38
2026-07-02T20:14:46.926,7.473143,FRAME,8604,24735,-254,-290,-241,-468,38
2026-07-02T20:14:46.927,7.473763,FRAME,8605,24736,-267,-323,-247,-478,38
2026-07-02T20:14:46.928,7.474479,FRAME,8606,24737,-252,-336,-228,-498,38
2026-07-02T20:14:46.928,7.475109,FRAME,8607,24738,-256,-308,-208,-460,38
2026-07-02T20:14:46.929,7.475727,FRAME,8608,24739,-256,-291,-247,-507,38
2026-07-02T20:14:46.930,7.476326,FRAME,8609,24740,-267,-254,-220,-458,38
2026-07-02T20:14:46.930,7.476931,FRAME,8610,24741,-229,-244,-199,-428,38
2026-07-02T20:14:46.931,7.477529,FRAME,8611,24742,-220,-227,-215,-424,38
2026-07-02T20:14:46.931,7.478143,FRAME,8612,24743,-201,-244,-182,-445,38
2026-07-02T20:14:46.932,7.478743,FRAME,8613,24744,-175,-185,-172,-428,38
2026-07-02T20:14:46.933,7.479356,FRAME,8614,24745,-166,-209,-188,-441,38
2026-07-02T20:14:46.933,7.479955,FRAME,8615,24746,-169,-214,-183,-437,38
2026-07-02T20:14:46.934,7.480600,FRAME,8616,24747,-131,-225,-173,-481,38
2026-07-02T20:14:46.935,7.481316,FRAME,8617,24748,-108,-219,-211,-434,38
2026-07-02T20:14:46.935,7.481915,FRAME,8618,24749,-94,-236,-166,-465,37
2026-07-02T20:14:46.936,7.482512,FRAME,8619,24750,-63,-219,-147,-445,37
2026-07-02T20:14:46.936,7.483124,FRAME,8620,24751,-61,-199,-145,-485,37
2026-07-02T20:14:46.937,7.483698,FRAME,8621,24752,15,-160,-156,-426,36
2026-07-02T20:14:46.938,7.484297,FRAME,8622,24753,-51,-146,-133,-407,37
2026-07-02T20:14:46.938,7.484852,FRAME,8623,24754,-1,-143,-67,-388,35
2026-07-02T20:14:46.939,7.485425,FRAME,8624,24755,11,-135,-98,-352,35
2026-07-02T20:14:46.952,7.498512,FRAME,8625,24756,16,-175,-80,-405,35
2026-07-02T20:14:46.953,7.499293,FRAME,8626,24757,20,-122,-95,-412,35
2026-07-02T20:14:46.953,7.499910,FRAME,8627,24758,28,-90,-66,-365,34
2026-07-02T20:14:46.954,7.500545,FRAME,8628,24759,24,-88,-34,-361,34
2026-07-02T20:14:46.954,7.501169,FRAME,8629,24760,56,-106,-69,-407,35
2026-07-02T20:14:46.955,7.501758,FRAME,8630,24761,54,-89,-52,-372,34
2026-07-02T20:14:46.956,7.502316,FRAME,8631,24762,63,-111,-45,-406,35
2026-07-02T20:14:46.956,7.502856,FRAME,8632,24763,54,-76,-50,-371,34
2026-07-02T20:14:46.957,7.503395,FRAME,8633,24764,45,-69,-36,-390,34
2026-07-02T20:14:46.957,7.503934,FRAME,8634,24765,42,-90,-57,-414,34
2026-07-02T20:14:46.958,7.504470,FRAME,8635,24766,22,-67,-55,-416,34
2026-07-02T20:14:46.958,7.505036,FRAME,8636,24767,-8,-114,-92,-428,35
2026-07-02T20:14:46.959,7.505656,FRAME,8637,24768,7,-132,-62,-419,34
2026-07-02T20:14:46.960,7.506263,FRAME,8638,24769,-33,-130,-80,-427,36
2026-07-02T20:14:46.960,7.506846,FRAME,8639,24770,-45,-160,-76,-423,36
2026-07-02T20:14:46.961,7.507426,FRAME,8640,24771,-60,-146,-97,-428,36
2026-07-02T20:14:46.961,7.508028,FRAME,8641,24772,-69,-163,-106,-428,37
2026-07-02T20:14:46.962,7.508623,FRAME,8642,24773,-91,-173,-120,-390,37
2026-07-02T20:14:46.963,7.509235,FRAME,8643,24774,-133,-143,-111,-420,38
2026-07-02T20:14:46.963,7.509844,FRAME,8644,24775,-169,-166,-120,-431,38
2026-07-02T20:14:46.964,7.510591,FRAME,8645,24776,-242,-165,-192,-450,38
2026-07-02T20:14:46.965,7.511557,FRAME,8646,24777,-210,-223,-185,-424,38
2026-07-02T20:14:46.966,7.512404,FRAME,8647,24778,-182,-202,-151,-445,38
2026-07-02T20:14:46.967,7.513349,FRAME,8648,24779,-234,-225,-171,-445,38
2026-07-02T20:14:46.968,7.514276,FRAME,8649,24780,-246,-271,-186,-496,38
2026-07-02T20:14:46.968,7.515189,FRAME,8650,24781,-285,-282,-227,-457,38
2026-07-02T20:14:46.969,7.516103,FRAME,8651,24782,-279,-302,-255,-517,38
2026-07-02T20:14:46.970,7.517126,FRAME,8652,24783,-307,-307,-246,-475,38
2026-07-02T20:14:46.971,7.518049,FRAME,8653,24784,-293,-328,-290,-516,38
2026-07-02T20:14:46.972,7.518963,FRAME,8654,24785,-365,-310,-253,-532,38
2026-07-02T20:14:46.973,7.519896,FRAME,8655,24786,-366,-375,-283,-535,38
2026-07-02T20:14:46.974,7.520827,FRAME,8656,24787,-392,-377,-266,-508,38
2026-07-02T20:14:46.975,7.521770,FRAME,8657,24788,-423,-379,-293,-478,38
2026-07-02T20:14:46.976,7.522583,FRAME,8658,24789,-410,-344,-275,-498,38
2026-07-02T20:14:46.977,7.523504,FRAME,8659,24790,-381,-363,-269,-487,38
2026-07-02T20:14:46.978,7.524411,FRAME,8660,24791,-383,-348,-273,-494,38
2026-07-02T20:14:46.979,7.525391,FRAME,8661,24792,-400,-314,-288,-502,38
2026-07-02T20:14:46.980,7.526309,FRAME,8662,24793,-391,-376,-276,-483,38
2026-07-02T20:14:46.980,7.527072,FRAME,8663,24794,-440,-368,-275,-467,38
2026-07-02T20:14:46.981,7.528090,FRAME,8664,24795,-447,-394,-273,-482,38
2026-07-02T20:14:46.982,7.529010,FRAME,8665,24796,-414,-380,-231,-499,38
2026-07-02T20:14:46.983,7.529961,FRAME,8666,24797,-405,-374,-246,-504,38
2026-07-02T20:14:46.984,7.530871,FRAME,8667,24798,-396,-394,-238,-521,38
2026-07-02T20:14:46.985,7.531774,FRAME,8668,24799,-366,-372,-281,-507,38
2026-07-02T20:14:46.986,7.532746,FRAME,8669,24800,-389,-346,-278,-486,38
2026-07-02T20:14:46.987,7.533644,FRAME,8670,24801,-373,-354,-222,-470,38
2026-07-02T20:14:46.988,7.534895,FRAME,8671,24802,-327,-296,-244,-477,38
2026-07-02T20:14:46.989,7.535620,FRAME,8672,24803,-345,-319,-222,-496,38
2026-07-02T20:14:46.990,7.536319,FRAME,8673,24804,-325,-316,-255,-460,38
2026-07-02T20:14:46.990,7.536970,FRAME,8674,24805,-326,-275,-200,-499,38
2026-07-02T20:14:46.991,7.537564,FRAME,8675,24806,-338,-312,-253,-459,38
2026-07-02T20:14:46.992,7.538322,FRAME,8676,24807,-347,-296,-229,-471,38
2026-07-02T20:14:46.992,7.538982,FRAME,8677,24808,-310,-330,-236,-439,38
2026-07-02T20:14:46.993,7.539608,FRAME,8678,24809,-370,-325,-246,-474,38
2026-07-02T20:14:46.994,7.540263,FRAME,8679,24810,-362,-282,-254,-419,38
2026-07-02T20:14:46.994,7.540878,FRAME,8680,24811,-357,-333,-265,-468,38
2026-07-02T20:14:46.995,7.541493,FRAME,8681,24812,-342,-344,-226,-478,38
2026-07-02T20:14:46.995,7.542166,FRAME,8682,24813,-366,-346,-248,-488,38
2026-07-02T20:14:46.996,7.542780,FRAME,8683,24814,-344,-324,-210,-545,38
2026-07-02T20:14:46.997,7.543398,FRAME,8684,24815,-341,-295,-224,-477,38
2026-07-02T20:14:46.997,7.544041,FRAME,8685,24816,-307,-300,-208,-473,38
2026-07-02T20:14:46.998,7.544646,FRAME,8686,24817,-328,-283,-248,-522,38
2026-07-02T20:14:46.999,7.545274,FRAME,8687,24818,-336,-273,-222,-495,38
2026-07-02T20:14:46.999,7.546006,FRAME,8688,24819,-315,-297,-246,-490,38
2026-07-02T20:14:47.000,7.546617,FRAME,8689,24820,-321,-284,-185,-472,38
2026-07-02T20:14:47.001,7.547236,FRAME,8690,24821,-294,-276,-191,-474,38
2026-07-02T20:14:47.001,7.547851,FRAME,8691,24822,-263,-290,-179,-423,38
2026-07-02T20:14:47.002,7.548477,FRAME,8692,24823,-307,-226,-188,-475,38
2026-07-02T20:14:47.002,7.549108,FRAME,8693,24824,-249,-219,-155,-394,38
2026-07-02T20:14:47.003,7.549721,FRAME,8694,24825,-195,-184,-120,-442,38
2026-07-02T20:14:47.004,7.550335,FRAME,8695,24826,-209,-200,-132,-425,38
2026-07-02T20:14:47.004,7.550947,FRAME,8696,24827,-161,-185,-136,-440,38
2026-07-02T20:14:47.005,7.551557,FRAME,8697,24828,-232,-194,-101,-448,38
2026-07-02T20:14:47.005,7.552170,FRAME,8698,24829,-183,-165,-95,-436,37
2026-07-02T20:14:47.006,7.552783,FRAME,8699,24830,-162,-223,-135,-430,38
2026-07-02T20:14:47.007,7.553404,FRAME,8700,24831,-223,-218,-121,-448,38
2026-07-02T20:14:47.007,7.554155,FRAME,8701,24832,-205,-203,-182,-458,38
2026-07-02T20:14:47.008,7.554780,FRAME,8702,24833,-222,-226,-176,-472,38
2026-07-02T20:14:47.009,7.555523,FRAME,8703,24834,-217,-217,-177,-477,38
2026-07-02T20:14:47.009,7.556162,FRAME,8704,24835,-196,-224,-143,-451,38
2026-07-02T20:14:47.010,7.556767,FRAME,8705,24836,-228,-224,-121,-462,38
2026-07-02T20:14:47.011,7.557376,FRAME,8706,24837,-242,-226,-145,-456,38
2026-07-02T20:14:47.011,7.557984,FRAME,8707,24838,-186,-217,-173,-453,38
2026-07-02T20:14:47.012,7.558633,FRAME,8708,24839,-210,-218,-164,-432,38
2026-07-02T20:14:47.013,7.559362,FRAME,8709,24840,-198,-210,-93,-448,37
2026-07-02T20:14:47.014,7.560236,FRAME,8710,24841,-174,-152,-106,-351,38
2026-07-02T20:14:47.014,7.560900,FRAME,8711,24842,-164,-199,-125,-419,38
2026-07-02T20:14:47.015,7.561511,FRAME,8712,24843,-108,-134,-95,-398,37
2026-07-02T20:14:47.016,7.562219,FRAME,8713,24844,-172,-119,-144,-399,38
2026-07-02T20:14:47.016,7.562813,FRAME,8714,24845,-147,-164,-97,-404,37
2026-07-02T20:14:47.017,7.563414,FRAME,8715,24846,-147,-173,-123,-435,38
2026-07-02T20:14:47.017,7.564022,FRAME,8716,24847,-158,-172,-106,-380,38
2026-07-02T20:14:47.018,7.564626,FRAME,8717,24848,-163,-176,-122,-448,38
2026-07-02T20:14:47.019,7.565238,FRAME,8718,24849,-166,-183,-147,-458,38
2026-07-02T20:14:47.019,7.565835,FRAME,8719,24850,-187,-202,-142,-448,38
2026-07-02T20:14:47.020,7.566433,FRAME,8720,24851,-210,-290,-142,-430,38
2026-07-02T20:14:47.020,7.567039,FRAME,8721,24852,-274,-247,-191,-485,38
2026-07-02T20:14:47.021,7.567625,FRAME,8722,24853,-323,-288,-203,-495,38
2026-07-02T20:14:47.022,7.568235,FRAME,8723,24854,-317,-323,-202,-478,38
2026-07-02T20:14:47.022,7.568833,FRAME,8724,24855,-328,-269,-233,-473,38
2026-07-02T20:14:47.023,7.569463,FRAME,8725,24856,-374,-289,-192,-477,38
2026-07-02T20:14:47.023,7.570082,FRAME,8726,24857,-356,-361,-214,-449,38
2026-07-02T20:14:47.024,7.570688,FRAME,8727,24858,-418,-324,-223,-447,38
2026-07-02T20:14:47.025,7.571289,FRAME,8728,24859,-372,-335,-239,-454,38
2026-07-02T20:14:47.025,7.571971,FRAME,8729,24860,-348,-371,-262,-459,38
2026-07-02T20:14:47.026,7.572592,FRAME,8730,24861,-380,-366,-247,-441,38
2026-07-02T20:14:47.027,7.573220,FRAME,8731,24862,-383,-331,-257,-472,38
2026-07-02T20:14:47.027,7.573843,FRAME,8732,24863,-345,-363,-287,-504,38
2026-07-02T20:14:47.061,7.607822,FRAME,8733,24864,-437,-359,-247,-516,38
2026-07-02T20:14:47.062,7.608866,FRAME,8734,24865,-374,-392,-283,-501,38
2026-07-02T20:14:47.063,7.609884,FRAME,8735,24866,-430,-392,-259,-470,38
2026-07-02T20:14:47.064,7.610816,FRAME,8736,24867,-448,-414,-307,-527,38
2026-07-02T20:14:47.065,7.611742,FRAME,8737,24868,-435,-417,-314,-567,38
2026-07-02T20:14:47.066,7.612686,FRAME,8738,24869,-456,-412,-287,-518,38
2026-07-02T20:14:47.067,7.613694,FRAME,8739,24870,-504,-451,-314,-523,38
2026-07-02T20:14:47.068,7.614703,FRAME,8740,24871,-497,-484,-301,-536,38
2026-07-02T20:14:47.069,7.615387,FRAME,8741,24872,-505,-440,-304,-485,38
2026-07-02T20:14:47.069,7.616128,FRAME,8742,24873,-524,-416,-312,-498,38
2026-07-02T20:14:47.070,7.616782,FRAME,8743,24874,-460,-412,-270,-501,38
2026-07-02T20:14:47.071,7.617392,FRAME,8744,24875,-491,-397,-277,-497,38
2026-07-02T20:14:47.071,7.618034,FRAME,8745,24876,-502,-412,-304,-517,38
2026-07-02T20:14:47.072,7.618665,FRAME,8746,24877,-437,-385,-283,-497,38
2026-07-02T20:14:47.073,7.619333,FRAME,8747,24878,-400,-382,-242,-485,38
2026-07-02T20:14:47.073,7.619950,FRAME,8748,24879,-376,-369,-233,-447,38
2026-07-02T20:14:47.074,7.620552,FRAME,8749,24880,-347,-359,-246,-489,38
2026-07-02T20:14:47.074,7.621186,FRAME,8750,24881,-298,-345,-248,-512,38
2026-07-02T20:14:47.075,7.621796,FRAME,8751,24882,-299,-308,-250,-496,38
2026-07-02T20:14:47.076,7.622397,FRAME,8752,24883,-282,-297,-199,-450,38
2026-07-02T20:14:47.076,7.623030,FRAME,8753,24884,-300,-314,-236,-515,38
2026-07-02T20:14:47.077,7.623734,FRAME,8754,24885,-297,-331,-240,-472,38
2026-07-02T20:14:47.078,7.624375,FRAME,8755,24886,-330,-310,-290,-474,38
2026-07-02T20:14:47.078,7.625024,FRAME,8756,24887,-348,-357,-314,-486,38
2026-07-02T20:14:47.079,7.625643,FRAME,8757,24888,-393,-367,-288,-479,38
2026-07-02T20:14:47.080,7.626281,FRAME,8758,24889,-371,-392,-302,-487,38
2026-07-02T20:14:47.080,7.626911,FRAME,8759,24890,-344,-353,-261,-512,38
2026-07-02T20:14:47.081,7.627528,FRAME,8760,24891,-317,-338,-281,-469,38
2026-07-02T20:14:47.081,7.628180,FRAME,8761,24892,-328,-355,-258,-475,38
2026-07-02T20:14:47.082,7.628819,FRAME,8762,24893,-377,-350,-285,-450,38
2026-07-02T20:14:47.083,7.629448,FRAME,8763,24894,-325,-317,-317,-510,38
2026-07-02T20:14:47.083,7.630084,FRAME,8764,24895,-267,-293,-281,-500,38
2026-07-02T20:14:47.084,7.630715,FRAME,8765,24896,-290,-300,-236,-458,38
2026-07-02T20:14:47.085,7.631344,FRAME,8766,24897,-286,-293,-248,-489,38
2026-07-02T20:14:47.085,7.632014,FRAME,8767,24898,-297,-323,-274,-467,38
2026-07-02T20:14:47.086,7.632665,FRAME,8768,24899,-251,-290,-236,-474,38
2026-07-02T20:14:47.087,7.633291,FRAME,8769,24900,-313,-310,-271,-480,38
2026-07-02T20:14:47.087,7.633917,FRAME,8770,24901,-281,-279,-261,-487,38
2026-07-02T20:14:47.088,7.634545,FRAME,8771,24902,-249,-262,-252,-490,38
2026-07-02T20:14:47.088,7.635183,FRAME,8772,24903,-205,-245,-233,-463,38
2026-07-02T20:14:47.089,7.635803,FRAME,8773,24904,-240,-199,-208,-434,38
2026-07-02T20:14:47.090,7.636433,FRAME,8774,24905,-178,-189,-170,-425,38
2026-07-02T20:14:47.090,7.637070,FRAME,8775,24906,-111,-188,-180,-423,38
2026-07-02T20:14:47.091,7.637721,FRAME,8776,24907,-166,-149,-149,-389,38
2026-07-02T20:14:47.092,7.638362,FRAME,8777,24908,-141,-152,-122,-376,38
2026-07-02T20:14:47.092,7.639161,FRAME,8778,24909,-143,-158,-102,-419,38
2026-07-02T20:14:47.093,7.639916,FRAME,8779,24910,-101,-112,-82,-403,37
2026-07-02T20:14:47.094,7.640585,FRAME,8780,24911,-66,-140,-103,-382,37
2026-07-02T20:14:47.094,7.641178,FRAME,8781,24912,-24,-83,-85,-400,35
2026-07-02T20:14:47.095,7.641773,FRAME,8782,24913,-64,-136,-40,-420,36
2026-07-02T20:14:47.096,7.642345,FRAME,8783,24914,-45,-99,-58,-428,35
2026-07-02T20:14:47.096,7.642970,FRAME,8784,24915,6,-114,-81,-431,34
2026-07-02T20:14:47.097,7.643549,FRAME,8785,24916,-6,-110,-112,-383,36
2026-07-02T20:14:47.097,7.644165,FRAME,8786,24917,-21,-111,-57,-411,36
2026-07-02T20:14:47.098,7.644731,FRAME,8787,24918,-9,-115,-17,-393,35
2026-07-02T20:14:47.099,7.645364,FRAME,8788,24919,-4,-89,-58,-399,34
2026-07-02T20:14:47.099,7.645921,FRAME,8789,24920,3,-111,-71,-375,34
2026-07-02T20:14:47.100,7.646482,FRAME,8790,24921,36,-119,-23,-389,35
2026-07-02T20:14:47.100,7.647028,FRAME,8791,24922,9,-94,-13,-417,33
2026-07-02T20:14:47.101,7.647571,FRAME,8792,24923,35,-54,-30,-347,34
2026-07-02T20:14:47.101,7.648122,FRAME,8793,24924,30,-29,-9,-383,33
2026-07-02T20:14:47.102,7.648674,FRAME,8794,24925,15,-52,-29,-356,34
2026-07-02T20:14:47.103,7.649227,FRAME,8795,24926,31,-53,-45,-402,34
2026-07-02T20:14:47.103,7.649776,FRAME,8796,24927,29,-89,-66,-389,34
2026-07-02T20:14:47.104,7.650331,FRAME,8797,24928,3,-83,-20,-411,33
2026-07-02T20:14:47.104,7.650880,FRAME,8798,24929,23,-73,-41,-364,34
2026-07-02T20:14:47.105,7.651457,FRAME,8799,24930,26,-157,-54,-419,35
2026-07-02T20:14:47.105,7.652056,FRAME,8800,24931,8,-146,-85,-431,34
2026-07-02T20:14:47.106,7.652642,FRAME,8801,24932,-28,-200,-74,-428,36
2026-07-02T20:14:47.107,7.653250,FRAME,8802,24933,-86,-198,-99,-429,36
2026-07-02T20:14:47.107,7.653860,FRAME,8803,24934,-119,-178,-169,-437,38
2026-07-02T20:14:47.108,7.654485,FRAME,8804,24935,-203,-250,-186,-450,38
2026-07-02T20:14:47.108,7.655129,FRAME,8805,24936,-164,-234,-154,-453,38
2026-07-02T20:14:47.109,7.655744,FRAME,8806,24937,-240,-252,-213,-461,38
2026-07-02T20:14:47.110,7.656361,FRAME,8807,24938,-313,-266,-212,-479,38
2026-07-02T20:14:47.110,7.656983,FRAME,8808,24939,-298,-313,-210,-427,38
2026-07-02T20:14:47.111,7.657596,FRAME,8809,24940,-276,-283,-195,-444,38
2026-07-02T20:14:47.112,7.658236,FRAME,8810,24941,-317,-290,-239,-454,38
2026-07-02T20:14:47.112,7.658861,FRAME,8811,24942,-298,-290,-206,-460,38
2026-07-02T20:14:47.113,7.659487,FRAME,8812,24943,-304,-304,-226,-441,38
2026-07-02T20:14:47.113,7.660122,FRAME,8813,24944,-333,-348,-242,-481,38
2026-07-02T20:14:47.114,7.660762,FRAME,8814,24945,-329,-306,-237,-474,38
2026-07-02T20:14:47.115,7.661371,FRAME,8815,24946,-332,-294,-253,-476,38
2026-07-02T20:14:47.115,7.661986,FRAME,8816,24947,-333,-327,-256,-486,38
2026-07-02T20:14:47.116,7.662584,FRAME,8817,24948,-321,-357,-204,-476,38
2026-07-02T20:14:47.117,7.663212,FRAME,8818,24949,-391,-360,-287,-529,38
2026-07-02T20:14:47.117,7.663826,FRAME,8819,24950,-414,-406,-304,-507,38
2026-07-02T20:14:47.118,7.664441,FRAME,8820,24951,-426,-426,-278,-513,38
2026-07-02T20:14:47.118,7.665063,FRAME,8821,24952,-414,-369,-285,-528,38
2026-07-02T20:14:47.119,7.665699,FRAME,8822,24953,-437,-414,-289,-509,38
2026-07-02T20:14:47.120,7.666455,FRAME,8823,24954,-499,-437,-291,-502,38
2026-07-02T20:14:47.120,7.667076,FRAME,8824,24955,-511,-439,-334,-525,38
2026-07-02T20:14:47.121,7.667686,FRAME,8825,24956,-476,-476,-305,-460,38
2026-07-02T20:14:47.122,7.668303,FRAME,8826,24957,-488,-437,-294,-470,38
2026-07-02T20:14:47.122,7.668912,FRAME,8827,24958,-483,-386,-301,-490,38
2026-07-02T20:14:47.123,7.669528,FRAME,8828,24959,-454,-324,-296,-482,38
2026-07-02T20:14:47.123,7.670165,FRAME,8829,24960,-370,-361,-270,-506,38
2026-07-02T20:14:47.124,7.670771,FRAME,8830,24961,-414,-334,-248,-434,38
2026-07-02T20:14:47.125,7.671392,FRAME,8831,24962,-327,-322,-232,-487,38
2026-07-02T20:14:47.125,7.672018,FRAME,8832,24963,-301,-288,-224,-424,38
2026-07-02T20:14:47.126,7.673161,FRAME,8833,24964,-268,-322,-239,-494,38
2026-07-02T20:14:47.127,7.674047,FRAME,8834,24965,-302,-290,-222,-524,38
2026-07-02T20:14:47.128,7.674996,FRAME,8835,24966,-330,-341,-251,-513,38
2026-07-02T20:14:47.129,7.675934,FRAME,8836,24967,-305,-359,-278,-500,38
2026-07-02T20:14:47.130,7.676899,FRAME,8837,24968,-328,-363,-271,-531,38
2026-07-02T20:14:47.131,7.677827,FRAME,8838,24969,-363,-383,-307,-483,38
2026-07-02T20:14:47.132,7.678746,FRAME,8839,24970,-429,-393,-276,-486,38
2026-07-02T20:14:47.133,7.679562,FRAME,8840,24971,-417,-341,-293,-545,38
2026-07-02T20:14:47.134,7.680481,FRAME,8841,24972,-458,-403,-309,-504,38
2026-07-02T20:14:47.169,7.715513,FRAME,8842,24973,-443,-388,-274,-448,38
2026-07-02T20:14:47.170,7.716289,FRAME,8843,24974,-391,-381,-274,-444,38
2026-07-02T20:14:47.170,7.716988,FRAME,8844,24975,-366,-397,-211,-498,38
2026-07-02T20:14:47.171,7.717682,FRAME,8845,24976,-343,-319,-300,-448,38
2026-07-02T20:14:47.172,7.718320,FRAME,8846,24977,-339,-328,-264,-479,38
2026-07-02T20:14:47.172,7.718916,FRAME,8847,24978,-336,-317,-273,-489,38
2026-07-02T20:14:47.173,7.719533,FRAME,8848,24979,-299,-334,-273,-475,38
2026-07-02T20:14:47.173,7.720146,FRAME,8849,24980,-283,-345,-224,-473,38
2026-07-02T20:14:47.174,7.720777,FRAME,8850,24981,-278,-333,-247,-476,38
2026-07-02T20:14:47.175,7.721374,FRAME,8851,24982,-283,-342,-209,-488,38
2026-07-02T20:14:47.175,7.721980,FRAME,8852,24983,-264,-292,-240,-443,38
2026-07-02T20:14:47.176,7.722576,FRAME,8853,24984,-243,-336,-223,-493,38
2026-07-02T20:14:47.176,7.723187,FRAME,8854,24985,-205,-336,-222,-481,38
2026-07-02T20:14:47.177,7.723790,FRAME,8855,24986,-235,-315,-224,-470,38
2026-07-02T20:14:47.178,7.724413,FRAME,8856,24987,-268,-283,-207,-448,38
2026-07-02T20:14:47.178,7.725043,FRAME,8857,24988,-209,-297,-206,-444,38
2026-07-02T20:14:47.179,7.725640,FRAME,8858,24989,-284,-282,-231,-446,38
2026-07-02T20:14:47.180,7.726262,FRAME,8859,24990,-257,-263,-193,-436,38
2026-07-02T20:14:47.180,7.726877,FRAME,8860,24991,-271,-279,-216,-449,38
2026-07-02T20:14:47.181,7.727499,FRAME,8861,24992,-252,-267,-218,-459,38
2026-07-02T20:14:47.181,7.728123,FRAME,8862,24993,-240,-293,-191,-426,38
2026-07-02T20:14:47.182,7.728760,FRAME,8863,24994,-207,-302,-192,-439,38
2026-07-02T20:14:47.183,7.729394,FRAME,8864,24995,-183,-264,-173,-453,38
2026-07-02T20:14:47.183,7.730044,FRAME,8865,24996,-261,-262,-174,-494,38
2026-07-02T20:14:47.184,7.730849,FRAME,8866,24997,-208,-264,-159,-508,38
2026-07-02T20:14:47.185,7.731505,FRAME,8867,24998,-251,-284,-138,-494,38
2026-07-02T20:14:47.185,7.732144,FRAME,8868,24999,-225,-272,-177,-452,38
2026-07-02T20:14:47.186,7.732755,FRAME,8869,25000,-226,-282,-194,-460,38
2026-07-02T20:14:47.187,7.733365,FRAME,8870,25001,-223,-260,-171,-488,38
2026-07-02T20:14:47.187,7.733983,FRAME,8871,25002,-181,-250,-164,-483,38
2026-07-02T20:14:47.188,7.734600,FRAME,8872,25003,-193,-210,-153,-384,38
2026-07-02T20:14:47.189,7.735239,FRAME,8873,25004,-199,-251,-145,-421,38
2026-07-02T20:14:47.189,7.735849,FRAME,8874,25005,-133,-229,-174,-449,38
2026-07-02T20:14:47.190,7.736456,FRAME,8875,25006,-158,-185,-141,-432,38
2026-07-02T20:14:47.190,7.737078,FRAME,8876,25007,-177,-210,-131,-427,38
2026-07-02T20:14:47.191,7.737695,FRAME,8877,25008,-188,-206,-159,-417,38
2026-07-02T20:14:47.192,7.738293,FRAME,8878,25009,-147,-186,-86,-407,37
2026-07-02T20:14:47.192,7.738923,FRAME,8879,25010,-169,-185,-127,-440,38
2026-07-02T20:14:47.193,7.739671,FRAME,8880,25011,-149,-179,-112,-437,38
2026-07-02T20:14:47.194,7.740407,FRAME,8881,25012,-144,-206,-158,-445,38
2026-07-02T20:14:47.194,7.741099,FRAME,8882,25013,-153,-173,-149,-451,38
2026-07-02T20:14:47.195,7.741694,FRAME,8883,25014,-211,-225,-134,-479,38
2026-07-02T20:14:47.196,7.742307,FRAME,8884,25015,-226,-258,-173,-460,38
2026-07-02T20:14:47.196,7.742902,FRAME,8885,25016,-225,-235,-179,-487,38
2026-07-02T20:14:47.197,7.743510,FRAME,8886,25017,-267,-272,-212,-458,38
2026-07-02T20:14:47.197,7.744134,FRAME,8887,25018,-295,-274,-232,-526,38
2026-07-02T20:14:47.198,7.744762,FRAME,8888,25019,-375,-314,-177,-475,38
2026-07-02T20:14:47.199,7.745396,FRAME,8889,25020,-341,-305,-240,-431,38
2026-07-02T20:14:47.199,7.746002,FRAME,8890,25021,-394,-336,-202,-493,38
2026-07-02T20:14:47.200,7.746638,FRAME,8891,25022,-433,-315,-234,-510,38
2026-07-02T20:14:47.201,7.747244,FRAME,8892,25023,-407,-342,-213,-465,38
2026-07-02T20:14:47.201,7.747939,FRAME,8893,25024,-392,-332,-256,-472,38
2026-07-02T20:14:47.202,7.748573,FRAME,8894,25025,-391,-335,-213,-497,38
2026-07-02T20:14:47.202,7.749187,FRAME,8895,25026,-420,-366,-241,-490,38
2026-07-02T20:14:47.203,7.749857,FRAME,8896,25027,-430,-339,-239,-509,38
2026-07-02T20:14:47.204,7.750450,FRAME,8897,25028,-413,-321,-269,-486,38
2026-07-02T20:14:47.204,7.751180,FRAME,8898,25029,-442,-332,-224,-490,38
2026-07-02T20:14:47.205,7.752040,FRAME,8899,25030,-463,-384,-252,-536,38
2026-07-02T20:14:47.206,7.752723,FRAME,8900,25031,-399,-408,-254,-497,38
2026-07-02T20:14:47.207,7.753631,FRAME,8901,25032,-432,-408,-279,-543,38
2026-07-02T20:14:47.208,7.754546,FRAME,8902,25033,-442,-367,-271,-524,38
2026-07-02T20:14:47.209,7.755476,FRAME,8903,25034,-432,-350,-270,-559,38
2026-07-02T20:14:47.210,7.756410,FRAME,8904,25035,-443,-425,-263,-532,38
2026-07-02T20:14:47.211,7.757333,FRAME,8905,25036,-485,-439,-299,-523,38
2026-07-02T20:14:47.211,7.758157,FRAME,8906,25037,-535,-436,-323,-510,38
2026-07-02T20:14:47.212,7.759027,FRAME,8907,25038,-492,-414,-280,-477,38
2026-07-02T20:14:47.213,7.759961,FRAME,8908,25039,-449,-378,-273,-512,38
2026-07-02T20:14:47.214,7.760891,FRAME,8909,25040,-421,-410,-274,-499,38
2026-07-02T20:14:47.215,7.761801,FRAME,8910,25041,-417,-375,-217,-486,38
2026-07-02T20:14:47.216,7.762713,FRAME,8911,25042,-373,-366,-222,-458,38
2026-07-02T20:14:47.217,7.763360,FRAME,8912,25043,-347,-318,-241,-454,38
2026-07-02T20:14:47.218,7.764232,FRAME,8913,25044,-329,-306,-205,-447,38
2026-07-02T20:14:47.218,7.764941,FRAME,8914,25045,-281,-279,-205,-463,38
2026-07-02T20:14:47.219,7.765891,FRAME,8915,25046,-326,-289,-195,-433,38
2026-07-02T20:14:47.220,7.766762,FRAME,8916,25047,-311,-286,-224,-471,38
2026-07-02T20:14:47.221,7.767452,FRAME,8917,25048,-358,-312,-237,-466,38
2026-07-02T20:14:47.221,7.768076,FRAME,8918,25049,-328,-359,-252,-509,38
2026-07-02T20:14:47.222,7.769125,FRAME,8919,25050,-388,-371,-244,-496,38
2026-07-02T20:14:47.223,7.770025,FRAME,8920,25051,-364,-371,-213,-499,38
2026-07-02T20:14:47.224,7.771070,FRAME,8921,25052,-391,-393,-229,-517,38
2026-07-02T20:14:47.225,7.772093,FRAME,8922,25053,-413,-373,-255,-509,38
2026-07-02T20:14:47.226,7.773103,FRAME,8923,25054,-426,-366,-213,-522,38
2026-07-02T20:14:47.227,7.774035,FRAME,8924,25055,-381,-329,-265,-505,38
2026-07-02T20:14:47.228,7.774994,FRAME,8925,25056,-368,-273,-229,-469,38
2026-07-02T20:14:47.229,7.775790,FRAME,8926,25057,-348,-315,-267,-463,38
2026-07-02T20:14:47.230,7.776515,FRAME,8927,25058,-371,-267,-191,-490,38
2026-07-02T20:14:47.230,7.777164,FRAME,8928,25059,-318,-273,-245,-491,38
2026-07-02T20:14:47.231,7.777782,FRAME,8929,25060,-309,-281,-228,-417,38
2026-07-02T20:14:47.232,7.778453,FRAME,8930,25061,-290,-290,-177,-485,38
2026-07-02T20:14:47.232,7.779072,FRAME,8931,25062,-296,-253,-186,-444,38
2026-07-02T20:14:47.233,7.779681,FRAME,8932,25063,-249,-282,-154,-485,38
2026-07-02T20:14:47.234,7.780345,FRAME,8933,25064,-188,-232,-196,-427,38
2026-07-02T20:14:47.234,7.781028,FRAME,8934,25065,-195,-221,-147,-458,38
2026-07-02T20:14:47.235,7.781680,FRAME,8935,25066,-152,-211,-136,-473,38
2026-07-02T20:14:47.236,7.782329,FRAME,8936,25067,-124,-178,-112,-475,38
2026-07-02T20:14:47.236,7.782990,FRAME,8937,25068,-57,-163,-123,-445,37
2026-07-02T20:14:47.237,7.783630,FRAME,8938,25069,-84,-192,-116,-443,37
2026-07-02T20:14:47.238,7.784270,FRAME,8939,25070,-55,-123,-94,-406,36
2026-07-02T20:14:47.238,7.784899,FRAME,8940,25071,-17,-133,-60,-361,36
2026-07-02T20:14:47.239,7.785507,FRAME,8941,25072,-2,-92,-70,-370,34
2026-07-02T20:14:47.239,7.786197,FRAME,8942,25073,-16,-93,-51,-384,35
2026-07-02T20:14:47.240,7.786733,FRAME,8943,25074,0,-79,-52,-418,33
2026-07-02T20:14:47.241,7.787320,FRAME,8944,25075,-18,-106,-40,-336,36
2026-07-02T20:14:47.241,7.788023,FRAME,8945,25076,51,-92,-54,-410,34
2026-07-02T20:14:47.242,7.788708,FRAME,8946,25077,58,-44,-40,-385,34
2026-07-02T20:14:47.243,7.789393,FRAME,8947,25078,68,-46,-13,-414,34
2026-07-02T20:14:47.243,7.790022,FRAME,8948,25079,57,-58,-54,-381,34
2026-07-02T20:14:47.244,7.790618,FRAME,8949,25080,96,-69,-69,-411,34
2026-07-02T20:14:47.277,7.823340,FRAME,8950,25081,84,-53,23,-425,33
2026-07-02T20:14:47.277,7.824078,FRAME,8951,25082,101,-16,-2,-385,34
2026-07-02T20:14:47.278,7.824783,FRAME,8952,25083,138,-44,-25,-417,35
2026-07-02T20:14:47.279,7.825478,FRAME,8953,25084,126,-67,-35,-378,35
2026-07-02T20:14:47.279,7.826169,FRAME,8954,25085,92,-109,-46,-374,35
2026-07-02T20:14:47.280,7.826774,FRAME,8955,25086,48,-63,-46,-387,34
2026-07-02T20:14:47.281,7.827399,FRAME,8956,25087,17,-101,-62,-388,35
2026-07-02T20:14:47.281,7.828096,FRAME,8957,25088,-32,-36,-122,-398,36
2026-07-02T20:14:47.282,7.828747,FRAME,8958,25089,-41,-113,-92,-403,36
2026-07-02T20:14:47.283,7.829415,FRAME,8959,25090,-54,-129,-74,-402,36
2026-07-02T20:14:47.283,7.830167,FRAME,8960,25091,-48,-145,-98,-427,36
2026-07-02T20:14:47.284,7.831002,FRAME,8961,25092,-105,-135,-109,-418,38
2026-07-02T20:14:47.285,7.831804,FRAME,8962,25093,-71,-144,-102,-421,37
2026-07-02T20:14:47.286,7.832441,FRAME,8963,25094,-95,-165,-134,-443,37
2026-07-02T20:14:47.286,7.833117,FRAME,8964,25095,-125,-177,-110,-500,38
2026-07-02T20:14:47.287,7.833811,FRAME,8965,25096,-146,-215,-157,-455,38
2026-07-02T20:14:47.288,7.834474,FRAME,8966,25097,-172,-193,-173,-447,38
2026-07-02T20:14:47.289,7.835538,FRAME,8967,25098,-164,-219,-119,-469,38
2026-07-02T20:14:47.290,7.836257,FRAME,8968,25099,-156,-208,-139,-469,38
2026-07-02T20:14:47.291,7.837250,FRAME,8969,25100,-199,-224,-157,-481,38
2026-07-02T20:14:47.292,7.838211,FRAME,8970,25101,-203,-247,-177,-482,38
2026-07-02T20:14:47.292,7.839167,FRAME,8971,25102,-251,-230,-181,-479,38
2026-07-02T20:14:47.293,7.840132,FRAME,8972,25103,-269,-281,-238,-499,38
2026-07-02T20:14:47.294,7.841089,FRAME,8973,25104,-258,-250,-228,-487,38
2026-07-02T20:14:47.295,7.841823,FRAME,8974,25105,-283,-235,-198,-466,38
2026-07-02T20:14:47.296,7.842736,FRAME,8975,25106,-289,-261,-211,-477,38
2026-07-02T20:14:47.297,7.843623,FRAME,8976,25107,-294,-259,-251,-497,38
2026-07-02T20:14:47.298,7.844524,FRAME,8977,25108,-321,-256,-204,-491,38
2026-07-02T20:14:47.299,7.845421,FRAME,8978,25109,-312,-282,-213,-453,38
2026-07-02T20:14:47.300,7.846321,FRAME,8979,25110,-323,-310,-256,-475,38
2026-07-02T20:14:47.300,7.847181,FRAME,8980,25111,-400,-309,-226,-461,38
2026-07-02T20:14:47.301,7.848037,FRAME,8981,25112,-386,-294,-268,-495,38
2026-07-02T20:14:47.302,7.848907,FRAME,8982,25113,-336,-327,-242,-532,38
2026-07-02T20:14:47.303,7.849505,FRAME,8983,25114,-346,-303,-247,-487,38
2026-07-02T20:14:47.304,7.850337,FRAME,8984,25115,-364,-346,-257,-542,38
2026-07-02T20:14:47.304,7.851073,FRAME,8985,25116,-356,-342,-286,-475,38
2026-07-02T20:14:47.305,7.851675,FRAME,8986,25117,-385,-323,-230,-488,38
2026-07-02T20:14:47.306,7.852663,FRAME,8987,25118,-348,-321,-266,-542,38
2026-07-02T20:14:47.307,7.853601,FRAME,8988,25119,-345,-313,-241,-518,38
2026-07-02T20:14:47.308,7.854517,FRAME,8989,25120,-371,-279,-247,-496,38
2026-07-02T20:14:47.309,7.855433,FRAME,8990,25121,-386,-280,-235,-433,38
2026-07-02T20:14:47.310,7.856365,FRAME,8991,25122,-322,-260,-250,-474,38
2026-07-02T20:14:47.311,7.857294,FRAME,8992,25123,-321,-250,-180,-458,38
2026-07-02T20:14:47.312,7.858229,FRAME,8993,25124,-283,-226,-236,-467,38
2026-07-02T20:14:47.313,7.859410,FRAME,8994,25125,-331,-272,-213,-453,38
2026-07-02T20:14:47.313,7.860179,FRAME,8995,25126,-322,-256,-219,-446,38
2026-07-02T20:14:47.314,7.860875,FRAME,8996,25127,-342,-261,-254,-478,38
2026-07-02T20:14:47.315,7.861479,FRAME,8997,25128,-344,-264,-249,-494,38
2026-07-02T20:14:47.315,7.862126,FRAME,8998,25129,-363,-278,-282,-478,38
2026-07-02T20:14:47.316,7.862734,FRAME,8999,25130,-331,-313,-274,-535,38
2026-07-02T20:14:47.317,7.863336,FRAME,9000,25131,-354,-297,-254,-509,38
2026-07-02T20:14:47.317,7.863990,FRAME,9001,25132,-366,-321,-266,-500,38
2026-07-02T20:14:47.318,7.864612,FRAME,9002,25133,-349,-346,-322,-555,38
2026-07-02T20:14:47.319,7.865362,FRAME,9003,25134,-357,-345,-306,-497,38
2026-07-02T20:14:47.319,7.866105,FRAME,9004,25135,-277,-302,-286,-540,38
2026-07-02T20:14:47.320,7.866776,FRAME,9005,25136,-314,-345,-270,-499,38
2026-07-02T20:14:47.321,7.867378,FRAME,9006,25137,-303,-358,-282,-505,38
2026-07-02T20:14:47.321,7.867982,FRAME,9007,25138,-336,-298,-316,-493,38
2026-07-02T20:14:47.322,7.868680,FRAME,9008,25139,-300,-277,-317,-493,38
2026-07-02T20:14:47.323,7.869292,FRAME,9009,25140,-338,-298,-292,-490,38
2026-07-02T20:14:47.323,7.869901,FRAME,9010,25141,-318,-212,-250,-485,38
2026-07-02T20:14:47.324,7.870514,FRAME,9011,25142,-264,-247,-248,-426,38
2026-07-02T20:14:47.324,7.871123,FRAME,9012,25143,-222,-234,-232,-493,38
2026-07-02T20:14:47.325,7.871743,FRAME,9013,25144,-198,-228,-206,-479,38
2026-07-02T20:14:47.326,7.872336,FRAME,9014,25145,-189,-236,-225,-449,38
2026-07-02T20:14:47.326,7.873031,FRAME,9015,25146,-178,-168,-223,-441,38
2026-07-02T20:14:47.327,7.873708,FRAME,9016,25147,-149,-189,-202,-467,38
2026-07-02T20:14:47.328,7.874386,FRAME,9017,25148,-172,-198,-209,-469,38
2026-07-02T20:14:47.328,7.875075,FRAME,9018,25149,-145,-191,-190,-501,38
2026-07-02T20:14:47.329,7.875748,FRAME,9019,25150,-186,-215,-235,-511,38
2026-07-02T20:14:47.330,7.876407,FRAME,9020,25151,-192,-207,-221,-469,38
2026-07-02T20:14:47.331,7.877229,FRAME,9021,25152,-217,-209,-251,-454,38
2026-07-02T20:14:47.332,7.878474,FRAME,9022,25153,-221,-242,-242,-477,38
2026-07-02T20:14:47.333,7.879721,FRAME,9023,25154,-232,-189,-256,-496,38
2026-07-02T20:14:47.334,7.880951,FRAME,9024,25155,-204,-262,-234,-494,38
2026-07-02T20:14:47.335,7.882176,FRAME,9025,25156,-233,-237,-208,-457,38
2026-07-02T20:14:47.337,7.883408,FRAME,9026,25157,-256,-233,-220,-478,38
2026-07-02T20:14:47.338,7.884631,FRAME,9027,25158,-244,-230,-213,-415,38
2026-07-02T20:14:47.339,7.885871,FRAME,9028,25159,-257,-265,-226,-428,38
2026-07-02T20:14:47.340,7.887150,FRAME,9029,25160,-236,-252,-188,-495,38
2026-07-02T20:14:47.342,7.888249,FRAME,9030,25161,-232,-234,-219,-466,38
2026-07-02T20:14:47.342,7.889194,FRAME,9031,25162,-206,-302,-218,-434,38
2026-07-02T20:14:47.344,7.890216,FRAME,9032,25163,-244,-287,-224,-449,38
2026-07-02T20:14:47.344,7.891195,FRAME,9033,25164,-218,-249,-213,-473,38
2026-07-02T20:14:47.345,7.892138,FRAME,9034,25165,-251,-271,-216,-475,38
2026-07-02T20:14:47.346,7.893035,FRAME,9035,25166,-188,-274,-198,-447,38
2026-07-02T20:14:47.347,7.893897,FRAME,9036,25167,-144,-258,-200,-422,38
2026-07-02T20:14:47.348,7.894767,FRAME,9037,25168,-145,-249,-165,-450,38
2026-07-02T20:14:47.349,7.895633,FRAME,9038,25169,-161,-240,-167,-461,38
2026-07-02T20:14:47.350,7.896519,FRAME,9039,25170,-187,-243,-200,-420,38
2026-07-02T20:14:47.351,7.897411,FRAME,9040,25171,-174,-257,-209,-404,38
2026-07-02T20:14:47.352,7.898325,FRAME,9041,25172,-229,-271,-191,-416,38
2026-07-02T20:14:47.353,7.899217,FRAME,9042,25173,-225,-276,-209,-416,38
2026-07-02T20:14:47.353,7.900095,FRAME,9043,25174,-227,-287,-211,-432,38
2026-07-02T20:14:47.354,7.900965,FRAME,9044,25175,-231,-271,-194,-448,38
2026-07-02T20:14:47.355,7.901830,FRAME,9045,25176,-244,-293,-186,-453,38
2026-07-02T20:14:47.356,7.902705,FRAME,9046,25177,-292,-313,-236,-469,38
2026-07-02T20:14:47.357,7.903564,FRAME,9047,25178,-321,-329,-274,-447,38
2026-07-02T20:14:47.358,7.904442,FRAME,9048,25179,-315,-350,-276,-474,38
2026-07-02T20:14:47.359,7.905318,FRAME,9049,25180,-338,-346,-266,-474,38
2026-07-02T20:14:47.360,7.906226,FRAME,9050,25181,-349,-370,-298,-473,38
2026-07-02T20:14:47.360,7.907127,FRAME,9051,25182,-304,-360,-263,-532,38
2026-07-02T20:14:47.361,7.908050,FRAME,9052,25183,-353,-353,-273,-493,38
2026-07-02T20:14:47.362,7.908965,FRAME,9053,25184,-311,-372,-295,-508,38
2026-07-02T20:14:47.363,7.909861,FRAME,9054,25185,-326,-395,-306,-504,38
2026-07-02T20:14:47.364,7.910767,FRAME,9055,25186,-326,-366,-317,-513,38
2026-07-02T20:14:47.365,7.911635,FRAME,9056,25187,-366,-411,-289,-501,38
2026-07-02T20:14:47.366,7.912511,FRAME,9057,25188,-411,-390,-324,-507,38
2026-07-02T20:14:47.386,7.932678,FRAME,9058,25189,-373,-426,-327,-501,38
2026-07-02T20:14:47.387,7.933718,FRAME,9059,25190,-396,-386,-321,-474,38
2026-07-02T20:14:47.388,7.934635,FRAME,9060,25191,-405,-389,-272,-495,38
2026-07-02T20:14:47.389,7.935447,FRAME,9061,25192,-372,-355,-286,-474,38
2026-07-02T20:14:47.390,7.936353,FRAME,9062,25193,-417,-371,-278,-493,38
2026-07-02T20:14:47.391,7.937233,FRAME,9063,25194,-338,-364,-264,-483,38
2026-07-02T20:14:47.391,7.937854,FRAME,9064,25195,-325,-341,-329,-512,38
2026-07-02T20:14:47.392,7.938842,FRAME,9065,25196,-336,-384,-305,-514,38
2026-07-02T20:14:47.393,7.939751,FRAME,9066,25197,-338,-383,-310,-521,38
2026-07-02T20:14:47.394,7.940722,FRAME,9067,25198,-319,-397,-300,-531,38
2026-07-02T20:14:47.395,7.941619,FRAME,9068,25199,-349,-379,-282,-537,38
2026-07-02T20:14:47.396,7.942706,FRAME,9069,25200,-350,-372,-290,-548,38
2026-07-02T20:14:47.397,7.943702,FRAME,9070,25201,-351,-331,-232,-507,38
2026-07-02T20:14:47.398,7.944610,FRAME,9071,25202,-363,-360,-262,-542,38
2026-07-02T20:14:47.399,7.945520,FRAME,9072,25203,-321,-360,-219,-493,38
2026-07-02T20:14:47.400,7.946269,FRAME,9073,25204,-355,-311,-254,-501,38
2026-07-02T20:14:47.401,7.947297,FRAME,9074,25205,-311,-271,-247,-490,38
2026-07-02T20:14:47.402,7.948359,FRAME,9075,25206,-273,-253,-228,-458,38
2026-07-02T20:14:47.403,7.949855,FRAME,9076,25207,-233,-234,-228,-454,38
2026-07-02T20:14:47.405,7.951325,FRAME,9077,25208,-275,-271,-196,-487,38
2026-07-02T20:14:47.406,7.952471,FRAME,9078,25209,-265,-284,-218,-509,38
2026-07-02T20:14:47.407,7.953570,FRAME,9079,25210,-271,-298,-250,-467,38
2026-07-02T20:14:47.408,7.954668,FRAME,9080,25211,-327,-295,-259,-470,38
2026-07-02T20:14:47.409,7.955871,FRAME,9081,25212,-319,-321,-176,-492,38
2026-07-02T20:14:47.410,7.956969,FRAME,9082,25213,-295,-330,-272,-482,38
2026-07-02T20:14:47.412,7.958330,FRAME,9083,25214,-308,-302,-258,-502,38
2026-07-02T20:14:47.413,7.959987,FRAME,9084,25215,-330,-309,-274,-546,38
2026-07-02T20:14:47.415,7.961659,FRAME,9085,25216,-297,-305,-312,-583,38
2026-07-02T20:14:47.416,7.962890,FRAME,9086,25217,-362,-282,-288,-520,38
2026-07-02T20:14:47.418,7.964554,FRAME,9087,25218,-321,-314,-248,-498,38
2026-07-02T20:14:47.420,7.966258,FRAME,9088,25219,-321,-318,-226,-451,38
2026-07-02T20:14:47.421,7.967869,FRAME,9089,25220,-349,-329,-257,-495,38
2026-07-02T20:14:47.422,7.968714,FRAME,9090,25221,-361,-316,-232,-473,38
2026-07-02T20:14:47.423,7.969338,FRAME,9091,25222,-335,-272,-246,-443,38
2026-07-02T20:14:47.423,7.970024,FRAME,9092,25223,-302,-249,-225,-466,38
2026-07-02T20:14:47.424,7.970718,FRAME,9093,25224,-321,-260,-190,-436,38
2026-07-02T20:14:47.425,7.971377,FRAME,9094,25225,-298,-258,-199,-453,38
2026-07-02T20:14:47.425,7.972018,FRAME,9095,25226,-282,-242,-201,-468,38
2026-07-02T20:14:47.426,7.972597,FRAME,9096,25227,-261,-229,-169,-441,38
2026-07-02T20:14:47.427,7.973210,FRAME,9097,25228,-259,-206,-166,-498,38
2026-07-02T20:14:47.427,7.973860,FRAME,9098,25229,-236,-184,-118,-422,38
2026-07-02T20:14:47.428,7.974525,FRAME,9099,25230,-208,-195,-138,-451,38
2026-07-02T20:14:47.428,7.975191,FRAME,9100,25231,-156,-144,-111,-451,38
2026-07-02T20:14:47.429,7.975778,FRAME,9101,25232,-169,-209,-86,-447,37
2026-07-02T20:14:47.430,7.976375,FRAME,9102,25233,-145,-141,-134,-413,38
2026-07-02T20:14:47.430,7.976991,FRAME,9103,25234,-154,-147,-141,-440,38
2026-07-02T20:14:47.431,7.977564,FRAME,9104,25235,-111,-144,-91,-447,37
2026-07-02T20:14:47.431,7.978171,FRAME,9105,25236,-101,-118,-104,-373,38
2026-07-02T20:14:47.432,7.978789,FRAME,9106,25237,-80,-122,-109,-453,37
2026-07-02T20:14:47.433,7.979373,FRAME,9107,25238,-102,-118,-66,-416,37
2026-07-02T20:14:47.433,7.979950,FRAME,9108,25239,-66,-150,-91,-369,36
2026-07-02T20:14:47.434,7.980525,FRAME,9109,25240,-34,-130,-90,-388,36
2026-07-02T20:14:47.434,7.981088,FRAME,9110,25241,-55,-62,-79,-413,35
2026-07-02T20:14:47.435,7.981630,FRAME,9111,25242,-57,-90,-71,-402,35
2026-07-02T20:14:47.435,7.982172,FRAME,9112,25243,9,-63,-73,-404,33
2026-07-02T20:14:47.436,7.982672,FRAME,9113,25244,5,-89,1,-382,31
2026-07-02T20:14:47.437,7.983213,FRAME,9114,25245,32,-78,-57,-398,34
2026-07-02T20:14:47.437,7.983760,FRAME,9115,25246,32,-39,-51,-389,34
2026-07-02T20:14:47.438,7.984315,FRAME,9116,25247,53,-25,-36,-391,34
2026-07-02T20:14:47.438,7.984873,FRAME,9117,25248,63,-70,-62,-387,34
2026-07-02T20:14:47.439,7.985434,FRAME,9118,25249,34,-104,-43,-398,35
2026-07-02T20:14:47.439,7.986100,FRAME,9119,25250,45,-60,-66,-413,34
2026-07-02T20:14:47.440,7.986712,FRAME,9120,25251,12,-71,-53,-409,34
2026-07-02T20:14:47.441,7.987242,FRAME,9121,25252,-8,-69,-67,-434,34
2026-07-02T20:14:47.441,7.987798,FRAME,9122,25253,-22,-139,-77,-425,36
2026-07-02T20:14:47.442,7.988354,FRAME,9123,25254,-42,-93,-89,-423,35
2026-07-02T20:14:47.442,7.988940,FRAME,9124,25255,-88,-150,-121,-407,37
2026-07-02T20:14:47.443,7.989621,FRAME,9125,25256,-97,-145,-105,-407,37
2026-07-02T20:14:47.444,7.990427,FRAME,9126,25257,-115,-188,-119,-418,38
2026-07-02T20:14:47.445,7.991252,FRAME,9127,25258,-127,-199,-117,-432,38
2026-07-02T20:14:47.445,7.992055,FRAME,9128,25259,-182,-203,-136,-450,38
2026-07-02T20:14:47.446,7.992698,FRAME,9129,25260,-175,-233,-199,-436,38
2026-07-02T20:14:47.447,7.993287,FRAME,9130,25261,-224,-224,-178,-446,38
2026-07-02T20:14:47.447,7.993998,FRAME,9131,25262,-248,-237,-200,-450,38
2026-07-02T20:14:47.448,7.994590,FRAME,9132,25263,-280,-285,-197,-488,38
2026-07-02T20:14:47.448,7.995197,FRAME,9133,25264,-307,-322,-210,-490,38
2026-07-02T20:14:47.449,7.995796,FRAME,9134,25265,-275,-330,-240,-493,38
2026-07-02T20:14:47.450,7.996401,FRAME,9135,25266,-296,-339,-227,-510,38
2026-07-02T20:14:47.450,7.997012,FRAME,9136,25267,-319,-369,-226,-502,38
2026-07-02T20:14:47.451,7.997597,FRAME,9137,25268,-336,-371,-242,-523,38
2026-07-02T20:14:47.452,7.998203,FRAME,9138,25269,-348,-379,-249,-537,38
2026-07-02T20:14:47.452,7.998801,FRAME,9139,25270,-409,-403,-273,-531,38
2026-07-02T20:14:47.453,7.999422,FRAME,9140,25271,-410,-400,-242,-500,38
2026-07-02T20:14:47.453,8.000033,FRAME,9141,25272,-404,-372,-226,-498,38
2026-07-02T20:14:47.454,8.000632,FRAME,9142,25273,-447,-343,-220,-446,38
2026-07-02T20:14:47.455,8.001260,FRAME,9143,25274,-437,-317,-218,-480,38
2026-07-02T20:14:47.455,8.001855,FRAME,9144,25275,-470,-330,-263,-494,38
2026-07-02T20:14:47.456,8.002559,FRAME,9145,25276,-403,-360,-216,-495,38
2026-07-02T20:14:47.456,8.003178,FRAME,9146,25277,-412,-339,-250,-474,38
2026-07-02T20:14:47.457,8.003777,FRAME,9147,25278,-447,-368,-232,-489,38
2026-07-02T20:14:47.458,8.004388,FRAME,9148,25279,-439,-331,-216,-476,38
2026-07-02T20:14:47.458,8.005058,FRAME,9149,25280,-443,-341,-232,-493,38
2026-07-02T20:14:47.460,8.006316,FRAME,9150,25281,-416,-362,-264,-519,38
2026-07-02T20:14:47.461,8.007255,FRAME,9151,25282,-388,-354,-239,-479,38
2026-07-02T20:14:47.461,8.008197,FRAME,9152,25283,-387,-332,-249,-507,38
2026-07-02T20:14:47.462,8.009133,FRAME,9153,25284,-420,-370,-278,-509,38
2026-07-02T20:14:47.463,8.010063,FRAME,9154,25285,-400,-355,-275,-524,38
2026-07-02T20:14:47.464,8.010992,FRAME,9155,25286,-444,-372,-234,-554,38
2026-07-02T20:14:47.465,8.011916,FRAME,9156,25287,-490,-376,-264,-518,38
2026-07-02T20:14:47.466,8.012562,FRAME,9157,25288,-460,-377,-291,-491,38
2026-07-02T20:14:47.467,8.013342,FRAME,9158,25289,-427,-362,-241,-497,38
2026-07-02T20:14:47.468,8.014216,FRAME,9159,25290,-384,-359,-247,-470,38
2026-07-02T20:14:47.468,8.015116,FRAME,9160,25291,-378,-322,-219,-508,38
2026-07-02T20:14:47.469,8.015872,FRAME,9161,25292,-297,-312,-208,-435,38
2026-07-02T20:14:47.470,8.016475,FRAME,9162,25293,-311,-314,-216,-466,38
2026-07-02T20:14:47.471,8.017384,FRAME,9163,25294,-284,-284,-217,-451,38
2026-07-02T20:14:47.472,8.018297,FRAME,9164,25295,-245,-292,-175,-447,38
2026-07-02T20:14:47.473,8.019211,FRAME,9165,25296,-230,-285,-206,-469,38
2026-07-02T20:14:47.493,8.039443,FRAME,9166,25297,-250,-307,-216,-477,38
2026-07-02T20:14:47.494,8.040220,FRAME,9167,25298,-224,-273,-194,-478,38
2026-07-02T20:14:47.494,8.040905,FRAME,9168,25299,-275,-325,-183,-517,38
2026-07-02T20:14:47.495,8.041599,FRAME,9169,25300,-239,-301,-207,-505,38
2026-07-02T20:14:47.496,8.042354,FRAME,9170,25301,-293,-305,-195,-479,38
2026-07-02T20:14:47.496,8.043095,FRAME,9171,25302,-313,-312,-219,-534,38
2026-07-02T20:14:47.497,8.043895,FRAME,9172,25303,-330,-297,-233,-512,38
2026-07-02T20:14:47.498,8.044565,FRAME,9173,25304,-300,-301,-226,-487,38
2026-07-02T20:14:47.498,8.045191,FRAME,9174,25305,-272,-320,-229,-529,38
2026-07-02T20:14:47.499,8.045882,FRAME,9175,25306,-285,-304,-198,-493,38
2026-07-02T20:14:47.500,8.047013,FRAME,9176,25307,-270,-307,-210,-489,38
2026-07-02T20:14:47.501,8.047978,FRAME,9177,25308,-255,-317,-203,-452,38
2026-07-02T20:14:47.502,8.048569,FRAME,9178,25309,-219,-260,-206,-463,38
2026-07-02T20:14:47.502,8.049174,FRAME,9179,25310,-203,-252,-229,-468,38
2026-07-02T20:14:47.503,8.049774,FRAME,9180,25311,-209,-306,-178,-463,38
2026-07-02T20:14:47.504,8.050380,FRAME,9181,25312,-199,-227,-183,-451,38
2026-07-02T20:14:47.504,8.050991,FRAME,9182,25313,-117,-215,-157,-467,38
2026-07-02T20:14:47.505,8.051575,FRAME,9183,25314,-123,-213,-145,-451,38
2026-07-02T20:14:47.505,8.052191,FRAME,9184,25315,-119,-194,-136,-448,38
2026-07-02T20:14:47.506,8.052759,FRAME,9185,25316,-61,-192,-91,-446,36
2026-07-02T20:14:47.507,8.053360,FRAME,9186,25317,-51,-191,-171,-453,37
2026-07-02T20:14:47.507,8.053963,FRAME,9187,25318,-35,-152,-140,-466,37
2026-07-02T20:14:47.508,8.054546,FRAME,9188,25319,-19,-130,-137,-427,37
2026-07-02T20:14:47.508,8.055155,FRAME,9189,25320,-49,-186,-151,-405,37
2026-07-02T20:14:47.509,8.055758,FRAME,9190,25321,-51,-137,-78,-437,36
2026-07-02T20:14:47.510,8.056337,FRAME,9191,25322,-39,-137,-78,-426,36
2026-07-02T20:14:47.510,8.056917,FRAME,9192,25323,-97,-183,-95,-412,36
2026-07-02T20:14:47.511,8.057528,FRAME,9193,25324,-54,-109,-133,-382,37
2026-07-02T20:14:47.511,8.058138,FRAME,9194,25325,-79,-136,-59,-409,36
2026-07-02T20:14:47.512,8.058873,FRAME,9195,25326,-32,-94,-59,-377,35
2026-07-02T20:14:47.513,8.059930,FRAME,9196,25327,-8,-57,-78,-346,34
2026-07-02T20:14:47.514,8.060706,FRAME,9197,25328,18,-117,-74,-430,35
2026-07-02T20:14:47.515,8.061275,FRAME,9198,25329,-10,-91,-81,-405,35
2026-07-02T20:14:47.515,8.061853,FRAME,9199,25330,-18,-118,-82,-430,36
2026-07-02T20:14:47.516,8.062392,FRAME,9200,25331,2,-99,-83,-419,33
2026-07-02T20:14:47.516,8.062979,FRAME,9201,25332,-16,-127,-73,-437,36
2026-07-02T20:14:47.517,8.063555,FRAME,9202,25333,-55,-107,-100,-456,37
2026-07-02T20:14:47.517,8.064152,FRAME,9203,25334,-88,-110,-120,-434,37
2026-07-02T20:14:47.518,8.064795,FRAME,9204,25335,-77,-169,-84,-418,36
2026-07-02T20:14:47.519,8.065369,FRAME,9205,25336,-81,-138,-97,-471,36
2026-07-02T20:14:47.519,8.065943,FRAME,9206,25337,-89,-81,-134,-414,36
2026-07-02T20:14:47.520,8.066531,FRAME,9207,25338,-25,-117,-110,-429,37
2026-07-02T20:14:47.520,8.067123,FRAME,9208,25339,-97,-103,-103,-423,37
2026-07-02T20:14:47.521,8.067687,FRAME,9209,25340,-56,-122,-86,-385,36
2026-07-02T20:14:47.522,8.068274,FRAME,9210,25341,-81,-111,-120,-430,37
2026-07-02T20:14:47.522,8.068857,FRAME,9211,25342,-70,-118,-106,-412,37
2026-07-02T20:14:47.523,8.069454,FRAME,9212,25343,-77,-123,-127,-422,37
2026-07-02T20:14:47.523,8.070075,FRAME,9213,25344,-134,-135,-93,-440,37
2026-07-02T20:14:47.524,8.070700,FRAME,9214,25345,-113,-128,-152,-445,38
2026-07-02T20:14:47.525,8.071309,FRAME,9215,25346,-159,-173,-162,-412,38
2026-07-02T20:14:47.525,8.071907,FRAME,9216,25347,-173,-192,-152,-482,38
2026-07-02T20:14:47.526,8.072506,FRAME,9217,25348,-180,-218,-191,-494,38
2026-07-02T20:14:47.526,8.073129,FRAME,9218,25349,-207,-276,-223,-473,38
2026-07-02T20:14:47.527,8.073730,FRAME,9219,25350,-266,-264,-210,-472,38
2026-07-02T20:14:47.528,8.074340,FRAME,9220,25351,-264,-271,-227,-516,38
2026-07-02T20:14:47.528,8.074947,FRAME,9221,25352,-281,-252,-260,-503,38
2026-07-02T20:14:47.529,8.075547,FRAME,9222,25353,-340,-293,-182,-471,38
2026-07-02T20:14:47.529,8.076172,FRAME,9223,25354,-384,-279,-255,-499,38
2026-07-02T20:14:47.530,8.076782,FRAME,9224,25355,-376,-359,-258,-472,38
2026-07-02T20:14:47.531,8.077806,FRAME,9225,25356,-346,-317,-248,-468,38
2026-07-02T20:14:47.532,8.079028,FRAME,9226,25357,-359,-312,-281,-454,38
2026-07-02T20:14:47.533,8.079663,FRAME,9227,25358,-381,-331,-240,-465,38
2026-07-02T20:14:47.534,8.080617,FRAME,9228,25359,-305,-304,-267,-481,38
2026-07-02T20:14:47.535,8.081632,FRAME,9229,25360,-363,-321,-255,-507,38
2026-07-02T20:14:47.536,8.082533,FRAME,9230,25361,-320,-366,-283,-488,38
2026-07-02T20:14:47.537,8.083422,FRAME,9231,25362,-334,-330,-250,-520,38
2026-07-02T20:14:47.538,8.084445,FRAME,9232,25363,-334,-332,-295,-512,38
2026-07-02T20:14:47.539,8.085355,FRAME,9233,25364,-308,-302,-260,-502,38
2026-07-02T20:14:47.539,8.086161,FRAME,9234,25365,-358,-324,-288,-515,38
2026-07-02T20:14:47.540,8.086998,FRAME,9235,25366,-373,-331,-242,-542,38
2026-07-02T20:14:47.541,8.088113,FRAME,9236,25367,-428,-348,-285,-538,38
2026-07-02T20:14:47.542,8.088945,FRAME,9237,25368,-408,-362,-280,-523,38
2026-07-02T20:14:47.543,8.089674,FRAME,9238,25369,-428,-361,-299,-523,38
2026-07-02T20:14:47.544,8.090517,FRAME,9239,25370,-455,-361,-275,-535,38
2026-07-02T20:14:47.545,8.091501,FRAME,9240,25371,-471,-383,-286,-486,38
2026-07-02T20:14:47.546,8.092396,FRAME,9241,25372,-427,-395,-284,-461,38
2026-07-02T20:14:47.547,8.093508,FRAME,9242,25373,-386,-354,-244,-466,38
2026-07-02T20:14:47.550,8.096286,FRAME,9243,25374,-329,-328,-230,-453,38
2026-07-02T20:14:47.550,8.097140,FRAME,9244,25375,-315,-310,-199,-468,38
2026-07-02T20:14:47.551,8.098051,FRAME,9245,25376,-261,-310,-162,-458,38
2026-07-02T20:14:47.552,8.099147,FRAME,9246,25377,-243,-243,-184,-475,38
2026-07-02T20:14:47.553,8.099864,FRAME,9247,25378,-221,-253,-183,-433,38
2026-07-02T20:14:47.554,8.100775,FRAME,9248,25379,-251,-260,-199,-425,38
2026-07-02T20:14:47.555,8.101523,FRAME,9249,25380,-257,-256,-162,-492,38
2026-07-02T20:14:47.556,8.102236,FRAME,9250,25381,-266,-224,-185,-511,38
2026-07-02T20:14:47.556,8.102853,FRAME,9251,25382,-302,-289,-199,-526,38
2026-07-02T20:14:47.557,8.103611,FRAME,9252,25383,-300,-300,-183,-446,38
2026-07-02T20:14:47.558,8.104362,FRAME,9253,25384,-289,-282,-168,-484,38
2026-07-02T20:14:47.558,8.105116,FRAME,9254,25385,-282,-293,-239,-495,38
2026-07-02T20:14:47.559,8.105799,FRAME,9255,25386,-304,-312,-186,-462,38
2026-07-02T20:14:47.560,8.106678,FRAME,9256,25387,-312,-279,-175,-430,38
2026-07-02T20:14:47.561,8.107431,FRAME,9257,25388,-314,-268,-183,-461,38
2026-07-02T20:14:47.562,8.108220,FRAME,9258,25389,-299,-288,-158,-433,38
2026-07-02T20:14:47.562,8.109057,FRAME,9259,25390,-244,-287,-189,-428,38
2026-07-02T20:14:47.563,8.109966,FRAME,9260,25391,-287,-276,-148,-438,38
2026-07-02T20:14:47.564,8.110774,FRAME,9261,25392,-237,-268,-127,-413,38
2026-07-02T20:14:47.565,8.111732,FRAME,9262,25393,-228,-256,-132,-448,38
2026-07-02T20:14:47.566,8.112701,FRAME,9263,25394,-201,-257,-141,-428,38
2026-07-02T20:14:47.567,8.113608,FRAME,9264,25395,-168,-213,-82,-390,37
2026-07-02T20:14:47.568,8.114499,FRAME,9265,25396,-171,-213,-119,-440,38
2026-07-02T20:14:47.569,8.115233,FRAME,9266,25397,-127,-192,-118,-414,38
2026-07-02T20:14:47.569,8.115892,FRAME,9267,25398,-123,-212,-73,-414,37
2026-07-02T20:14:47.570,8.116514,FRAME,9268,25399,-176,-185,-122,-488,38
2026-07-02T20:14:47.571,8.117223,FRAME,9269,25400,-125,-204,-118,-446,38
2026-07-02T20:14:47.571,8.118194,FRAME,9270,25401,-103,-209,-113,-432,38
2026-07-02T20:14:47.572,8.118972,FRAME,9271,25402,-83,-185,-79,-453,36
2026-07-02T20:14:47.573,8.119582,FRAME,9272,25403,-91,-151,-106,-438,37
2026-07-02T20:14:47.574,8.120212,FRAME,9273,25404,-67,-217,-90,-452,36
2026-07-02T20:14:47.602,8.148559,FRAME,9274,25405,-69,-181,-77,-437,36
2026-07-02T20:14:47.603,8.149505,FRAME,9275,25406,-78,-213,-90,-435,36
2026-07-02T20:14:47.604,8.150424,FRAME,9276,25407,-130,-233,-165,-411,38
2026-07-02T20:14:47.604,8.151162,FRAME,9277,25408,-108,-201,-92,-426,37
2026-07-02T20:14:47.605,8.151850,FRAME,9278,25409,-80,-186,-121,-398,37
2026-07-02T20:14:47.606,8.152449,FRAME,9279,25410,-40,-167,-102,-447,37
2026-07-02T20:14:47.606,8.153040,FRAME,9280,25411,-61,-169,-78,-429,36
2026-07-02T20:14:47.607,8.153612,FRAME,9281,25412,-77,-155,-84,-408,36
2026-07-02T20:14:47.608,8.154291,FRAME,9282,25413,-68,-172,-103,-468,37
2026-07-02T20:14:47.608,8.154868,FRAME,9283,25414,-40,-172,-90,-434,36
2026-07-02T20:14:47.609,8.155488,FRAME,9284,25415,-31,-153,-89,-442,36
2026-07-02T20:14:47.609,8.156121,FRAME,9285,25416,-54,-177,-68,-467,36
2026-07-02T20:14:47.610,8.156718,FRAME,9286,25417,-80,-161,-119,-398,37
2026-07-02T20:14:47.611,8.157322,FRAME,9287,25418,-84,-169,-125,-464,37
2026-07-02T20:14:47.611,8.157992,FRAME,9288,25419,-122,-219,-139,-410,38
2026-07-02T20:14:47.612,8.159150,FRAME,9289,25420,-152,-265,-148,-443,38
2026-07-02T20:14:47.613,8.159898,FRAME,9290,25421,-207,-284,-174,-442,38
2026-07-02T20:14:47.614,8.160831,FRAME,9291,25422,-236,-269,-174,-470,38
2026-07-02T20:14:47.615,8.161773,FRAME,9292,25423,-270,-302,-179,-452,38
2026-07-02T20:14:47.616,8.162722,FRAME,9293,25424,-279,-290,-199,-464,38
2026-07-02T20:14:47.617,8.163629,FRAME,9294,25425,-317,-306,-206,-455,38
2026-07-02T20:14:47.618,8.164596,FRAME,9295,25426,-279,-288,-197,-466,38
2026-07-02T20:14:47.619,8.165818,FRAME,9296,25427,-289,-275,-212,-464,38
2026-07-02T20:14:47.620,8.166758,FRAME,9297,25428,-305,-295,-213,-473,38
2026-07-02T20:14:47.621,8.167713,FRAME,9298,25429,-329,-295,-212,-503,38
2026-07-02T20:14:47.622,8.168579,FRAME,9299,25430,-291,-280,-209,-495,38
2026-07-02T20:14:47.623,8.169459,FRAME,9300,25431,-301,-318,-217,-480,38
2026-07-02T20:14:47.624,8.170334,FRAME,9301,25432,-332,-338,-243,-480,38
2026-07-02T20:14:47.624,8.171093,FRAME,9302,25433,-316,-353,-266,-518,38
2026-07-02T20:14:47.625,8.171870,FRAME,9303,25434,-334,-378,-232,-498,38
2026-07-02T20:14:47.626,8.172729,FRAME,9304,25435,-393,-386,-304,-524,38
2026-07-02T20:14:47.627,8.173606,FRAME,9305,25436,-397,-373,-279,-524,38
2026-07-02T20:14:47.628,8.174602,FRAME,9306,25437,-400,-363,-306,-529,38
2026-07-02T20:14:47.629,8.175248,FRAME,9307,25438,-445,-348,-297,-507,38
2026-07-02T20:14:47.629,8.176154,FRAME,9308,25439,-423,-363,-282,-495,38
2026-07-02T20:14:47.630,8.177048,FRAME,9309,25440,-421,-396,-276,-499,38
2026-07-02T20:14:47.631,8.177971,FRAME,9310,25441,-442,-375,-312,-505,38
2026-07-02T20:14:47.632,8.178909,FRAME,9311,25442,-487,-402,-286,-488,38
2026-07-02T20:14:47.633,8.179835,FRAME,9312,25443,-441,-388,-299,-508,38
2026-07-02T20:14:47.634,8.180771,FRAME,9313,25444,-444,-401,-296,-498,38
2026-07-02T20:14:47.635,8.181715,FRAME,9314,25445,-370,-389,-265,-492,38
2026-07-02T20:14:47.636,8.182642,FRAME,9315,25446,-394,-362,-260,-510,38
2026-07-02T20:14:47.637,8.183504,FRAME,9316,25447,-371,-314,-247,-473,38
2026-07-02T20:14:47.637,8.184142,FRAME,9317,25448,-298,-304,-223,-503,38
2026-07-02T20:14:47.638,8.184811,FRAME,9318,25449,-294,-308,-224,-465,38
2026-07-02T20:14:47.639,8.185612,FRAME,9319,25450,-284,-302,-195,-490,38
2026-07-02T20:14:47.640,8.186256,FRAME,9320,25451,-268,-293,-198,-474,38
2026-07-02T20:14:47.640,8.187173,FRAME,9321,25452,-281,-316,-281,-450,38
2026-07-02T20:14:47.641,8.188144,FRAME,9322,25453,-342,-350,-275,-540,38
2026-07-02T20:14:47.642,8.188858,FRAME,9323,25454,-337,-337,-263,-493,38
2026-07-02T20:14:47.643,8.189480,FRAME,9324,25455,-371,-344,-245,-453,38
2026-07-02T20:14:47.643,8.190120,FRAME,9325,25456,-367,-315,-250,-489,38
2026-07-02T20:14:47.644,8.190791,FRAME,9326,25457,-363,-334,-246,-473,38
2026-07-02T20:14:47.645,8.191413,FRAME,9327,25458,-363,-310,-268,-489,38
2026-07-02T20:14:47.645,8.192065,FRAME,9328,25459,-362,-282,-233,-445,38
2026-07-02T20:14:47.646,8.192688,FRAME,9329,25460,-329,-310,-223,-455,38
2026-07-02T20:14:47.647,8.193308,FRAME,9330,25461,-334,-298,-255,-478,38
2026-07-02T20:14:47.647,8.193940,FRAME,9331,25462,-265,-308,-235,-433,38
2026-07-02T20:14:47.648,8.194569,FRAME,9332,25463,-247,-289,-227,-495,38
2026-07-02T20:14:47.649,8.195282,FRAME,9333,25464,-262,-264,-209,-451,38
2026-07-02T20:14:47.649,8.195933,FRAME,9334,25465,-232,-309,-212,-467,38
2026-07-02T20:14:47.650,8.196540,FRAME,9335,25466,-172,-285,-188,-493,38
2026-07-02T20:14:47.650,8.197171,FRAME,9336,25467,-230,-293,-236,-459,38
2026-07-02T20:14:47.651,8.197787,FRAME,9337,25468,-221,-283,-208,-496,38
2026-07-02T20:14:47.652,8.198411,FRAME,9338,25469,-220,-341,-194,-453,38
2026-07-02T20:14:47.652,8.199049,FRAME,9339,25470,-226,-281,-173,-445,38
2026-07-02T20:14:47.653,8.199679,FRAME,9340,25471,-164,-267,-155,-419,38
2026-07-02T20:14:47.654,8.200305,FRAME,9341,25472,-172,-232,-123,-421,38
2026-07-02T20:14:47.654,8.200946,FRAME,9342,25473,-139,-207,-123,-372,38
2026-07-02T20:14:47.655,8.201674,FRAME,9343,25474,-122,-200,-135,-431,38
2026-07-02T20:14:47.656,8.202400,FRAME,9344,25475,-114,-182,-108,-378,38
2026-07-02T20:14:47.656,8.203039,FRAME,9345,25476,-110,-170,-109,-398,38
2026-07-02T20:14:47.657,8.203678,FRAME,9346,25477,-48,-161,-105,-396,37
2026-07-02T20:14:47.658,8.204299,FRAME,9347,25478,-25,-163,-85,-416,36
2026-07-02T20:14:47.658,8.204888,FRAME,9348,25479,8,-123,-67,-405,34
2026-07-02T20:14:47.659,8.205446,FRAME,9349,25480,34,-87,-69,-386,34
2026-07-02T20:14:47.659,8.206039,FRAME,9350,25481,57,-95,-74,-398,34
2026-07-02T20:14:47.660,8.206593,FRAME,9351,25482,87,-95,-19,-405,34
2026-07-02T20:14:47.660,8.207198,FRAME,9352,25483,67,-94,-65,-381,34
2026-07-02T20:14:47.661,8.207787,FRAME,9353,25484,50,-101,-60,-413,35
2026-07-02T20:14:47.662,8.208349,FRAME,9354,25485,48,-65,-89,-412,34
2026-07-02T20:14:47.662,8.208910,FRAME,9355,25486,19,-98,-57,-393,34
2026-07-02T20:14:47.663,8.209459,FRAME,9356,25487,28,-98,-79,-392,34
2026-07-02T20:14:47.663,8.210134,FRAME,9357,25488,58,-88,-72,-366,34
2026-07-02T20:14:47.664,8.210711,FRAME,9358,25489,80,-74,-73,-363,34
2026-07-02T20:14:47.665,8.211281,FRAME,9359,25490,72,-96,-66,-363,34
2026-07-02T20:14:47.665,8.211825,FRAME,9360,25491,73,-82,-18,-396,34
2026-07-02T20:14:47.666,8.212394,FRAME,9361,25492,115,-33,-31,-402,35
2026-07-02T20:14:47.666,8.212977,FRAME,9362,25493,102,-105,-53,-393,36
2026-07-02T20:14:47.667,8.213531,FRAME,9363,25494,76,-59,-66,-400,34
2026-07-02T20:14:47.667,8.214123,FRAME,9364,25495,115,-83,-72,-391,35
2026-07-02T20:14:47.668,8.214708,FRAME,9365,25496,107,-71,-69,-385,35
2026-07-02T20:14:47.669,8.215284,FRAME,9366,25497,95,-77,-42,-418,34
2026-07-02T20:14:47.669,8.215834,FRAME,9367,25498,81,-91,-94,-400,34
2026-07-02T20:14:47.670,8.216394,FRAME,9368,25499,99,-146,-59,-430,35
2026-07-02T20:14:47.670,8.216991,FRAME,9369,25500,-4,-139,-101,-466,36
2026-07-02T20:14:47.671,8.217644,FRAME,9370,25501,-93,-169,-158,-450,37
2026-07-02T20:14:47.672,8.218264,FRAME,9371,25502,-80,-195,-149,-455,37
2026-07-02T20:14:47.672,8.218873,FRAME,9372,25503,-107,-224,-164,-461,38
2026-07-02T20:14:47.673,8.219493,FRAME,9373,25504,-131,-227,-193,-458,38
2026-07-02T20:14:47.673,8.220169,FRAME,9374,25505,-195,-224,-212,-397,38
2026-07-02T20:14:47.674,8.220816,FRAME,9375,25506,-237,-293,-213,-430,38
2026-07-02T20:14:47.675,8.221431,FRAME,9376,25507,-227,-312,-247,-443,38
2026-07-02T20:14:47.675,8.222058,FRAME,9377,25508,-246,-264,-213,-449,38
2026-07-02T20:14:47.676,8.222672,FRAME,9378,25509,-263,-292,-234,-447,38
2026-07-02T20:14:47.677,8.223290,FRAME,9379,25510,-257,-293,-225,-476,38
2026-07-02T20:14:47.677,8.223902,FRAME,9380,25511,-271,-276,-234,-487,38
2026-07-02T20:14:47.678,8.224553,FRAME,9381,25512,-263,-335,-241,-475,38
2026-07-02T20:14:47.678,8.225187,FRAME,9382,25513,-313,-329,-274,-509,38
2026-07-02T20:14:47.709,8.255996,FRAME,9383,25514,-304,-326,-243,-508,38
2026-07-02T20:14:47.710,8.257079,FRAME,9384,25515,-286,-360,-259,-537,38
2026-07-02T20:14:47.711,8.258092,FRAME,9385,25516,-268,-342,-310,-505,38
2026-07-02T20:14:47.713,8.259198,FRAME,9386,25517,-297,-357,-286,-543,38
2026-07-02T20:14:47.714,8.260449,FRAME,9387,25518,-285,-369,-253,-521,38
2026-07-02T20:14:47.715,8.262156,FRAME,9388,25519,-346,-430,-331,-566,38
2026-07-02T20:14:47.716,8.262784,FRAME,9389,25520,-407,-400,-343,-555,38
2026-07-02T20:14:47.717,8.263420,FRAME,9390,25521,-443,-390,-325,-541,38
2026-07-02T20:14:47.717,8.264154,FRAME,9391,25522,-416,-416,-289,-508,38
2026-07-02T20:14:47.718,8.265036,FRAME,9392,25523,-445,-358,-311,-532,38
2026-07-02T20:14:47.719,8.266035,FRAME,9393,25524,-457,-410,-271,-507,38
2026-07-02T20:14:47.720,8.267116,FRAME,9394,25525,-385,-333,-318,-482,38
2026-07-02T20:14:47.721,8.267968,FRAME,9395,25526,-365,-342,-256,-490,38
2026-07-02T20:14:47.722,8.268784,FRAME,9396,25527,-309,-320,-229,-487,38
2026-07-02T20:14:47.723,8.269590,FRAME,9397,25528,-279,-303,-249,-464,38
2026-07-02T20:14:47.724,8.270312,FRAME,9398,25529,-258,-303,-226,-461,38
2026-07-02T20:14:47.724,8.270946,FRAME,9399,25530,-227,-267,-195,-491,38
2026-07-02T20:14:47.725,8.271543,FRAME,9400,25531,-177,-257,-212,-483,38
2026-07-02T20:14:47.725,8.272178,FRAME,9401,25532,-190,-260,-239,-501,38
2026-07-02T20:14:47.726,8.272794,FRAME,9402,25533,-253,-317,-284,-498,38
2026-07-02T20:14:47.727,8.273413,FRAME,9403,25534,-271,-309,-282,-509,38
2026-07-02T20:14:47.727,8.274058,FRAME,9404,25535,-318,-283,-255,-488,38
2026-07-02T20:14:47.728,8.274693,FRAME,9405,25536,-327,-346,-283,-525,38
2026-07-02T20:14:47.729,8.275315,FRAME,9406,25537,-385,-357,-301,-525,38
2026-07-02T20:14:47.729,8.275950,FRAME,9407,25538,-423,-386,-311,-525,38
2026-07-02T20:14:47.730,8.276605,FRAME,9408,25539,-373,-405,-339,-502,38
2026-07-02T20:14:47.731,8.277258,FRAME,9409,25540,-398,-389,-335,-493,38
2026-07-02T20:14:47.731,8.277893,FRAME,9410,25541,-376,-358,-294,-493,38
2026-07-02T20:14:47.732,8.278513,FRAME,9411,25542,-378,-335,-290,-502,38
2026-07-02T20:14:47.732,8.279176,FRAME,9412,25543,-385,-337,-257,-518,38
2026-07-02T20:14:47.733,8.279796,FRAME,9413,25544,-375,-323,-270,-483,38
2026-07-02T20:14:47.734,8.280418,FRAME,9414,25545,-308,-351,-264,-478,38
2026-07-02T20:14:47.734,8.281095,FRAME,9415,25546,-325,-313,-266,-536,38
2026-07-02T20:14:47.735,8.281822,FRAME,9416,25547,-304,-316,-234,-525,38
2026-07-02T20:14:47.736,8.282495,FRAME,9417,25548,-293,-338,-327,-523,38
2026-07-02T20:14:47.736,8.283144,FRAME,9418,25549,-317,-285,-260,-510,38
2026-07-02T20:14:47.737,8.283777,FRAME,9419,25550,-287,-266,-276,-504,38
2026-07-02T20:14:47.738,8.284592,FRAME,9420,25551,-241,-270,-205,-499,38
2026-07-02T20:14:47.739,8.285255,FRAME,9421,25552,-199,-250,-190,-480,38
2026-07-02T20:14:47.739,8.286153,FRAME,9422,25553,-212,-263,-193,-515,38
2026-07-02T20:14:47.740,8.287139,FRAME,9423,25554,-221,-261,-199,-485,38
2026-07-02T20:14:47.742,8.288235,FRAME,9424,25555,-250,-258,-243,-501,38
2026-07-02T20:14:47.743,8.289454,FRAME,9425,25556,-185,-245,-204,-467,38
2026-07-02T20:14:47.744,8.290461,FRAME,9426,25557,-232,-267,-177,-423,38
2026-07-02T20:14:47.745,8.291221,FRAME,9427,25558,-260,-232,-183,-439,38
2026-07-02T20:14:47.745,8.291856,FRAME,9428,25559,-216,-219,-201,-460,38
2026-07-02T20:14:47.746,8.292497,FRAME,9429,25560,-191,-235,-174,-450,38
2026-07-02T20:14:47.746,8.293144,FRAME,9430,25561,-202,-261,-159,-465,38
2026-07-02T20:14:47.747,8.293759,FRAME,9431,25562,-182,-239,-151,-469,38
2026-07-02T20:14:47.748,8.294398,FRAME,9432,25563,-156,-256,-116,-449,38
2026-07-02T20:14:47.748,8.295111,FRAME,9433,25564,-157,-216,-148,-480,38
2026-07-02T20:14:47.749,8.295794,FRAME,9434,25565,-167,-213,-173,-478,38
2026-07-02T20:14:47.750,8.296417,FRAME,9435,25566,-147,-215,-151,-473,38
2026-07-02T20:14:47.750,8.297061,FRAME,9436,25567,-149,-190,-175,-429,38
2026-07-02T20:14:47.751,8.297688,FRAME,9437,25568,-144,-190,-151,-432,38
2026-07-02T20:14:47.752,8.298307,FRAME,9438,25569,-123,-169,-146,-466,38
2026-07-02T20:14:47.752,8.298938,FRAME,9439,25570,-122,-200,-186,-433,38
2026-07-02T20:14:47.753,8.299553,FRAME,9440,25571,-143,-210,-134,-436,38
2026-07-02T20:14:47.754,8.300221,FRAME,9441,25572,-151,-185,-141,-411,38
2026-07-02T20:14:47.754,8.300830,FRAME,9442,25573,-163,-186,-137,-415,38
2026-07-02T20:14:47.755,8.301442,FRAME,9443,25574,-119,-181,-115,-453,38
2026-07-02T20:14:47.755,8.302170,FRAME,9444,25575,-175,-188,-169,-462,38
2026-07-02T20:14:47.756,8.302807,FRAME,9445,25576,-147,-201,-134,-441,38
2026-07-02T20:14:47.757,8.303422,FRAME,9446,25577,-164,-184,-147,-457,38
2026-07-02T20:14:47.757,8.304065,FRAME,9447,25578,-194,-213,-155,-421,38
2026-07-02T20:14:47.758,8.304667,FRAME,9448,25579,-176,-192,-197,-455,38
2026-07-02T20:14:47.759,8.305272,FRAME,9449,25580,-201,-219,-156,-448,38
2026-07-02T20:14:47.759,8.305883,FRAME,9450,25581,-198,-268,-188,-499,38
2026-07-02T20:14:47.760,8.306595,FRAME,9451,25582,-230,-290,-229,-481,38
2026-07-02T20:14:47.761,8.307240,FRAME,9452,25583,-262,-309,-212,-482,38
2026-07-02T20:14:47.761,8.307907,FRAME,9453,25584,-294,-321,-271,-502,38
2026-07-02T20:14:47.762,8.308526,FRAME,9454,25585,-293,-358,-260,-480,38
2026-07-02T20:14:47.763,8.309208,FRAME,9455,25586,-346,-338,-261,-480,38
2026-07-02T20:14:47.763,8.309892,FRAME,9456,25587,-330,-329,-268,-546,38
2026-07-02T20:14:47.764,8.310499,FRAME,9457,25588,-366,-371,-273,-523,38
2026-07-02T20:14:47.764,8.311143,FRAME,9458,25589,-381,-353,-278,-499,38
2026-07-02T20:14:47.765,8.311744,FRAME,9459,25590,-379,-379,-236,-474,38
2026-07-02T20:14:47.766,8.312353,FRAME,9460,25591,-377,-366,-266,-516,38
2026-07-02T20:14:47.766,8.312976,FRAME,9461,25592,-406,-372,-254,-487,38
2026-07-02T20:14:47.767,8.313614,FRAME,9462,25593,-383,-345,-281,-485,38
2026-07-02T20:14:47.768,8.314246,FRAME,9463,25594,-385,-381,-261,-502,38
2026-07-02T20:14:47.768,8.314876,FRAME,9464,25595,-393,-406,-301,-521,38
2026-07-02T20:14:47.769,8.315485,FRAME,9465,25596,-424,-387,-310,-511,38
2026-07-02T20:14:47.769,8.316132,FRAME,9466,25597,-427,-410,-288,-552,38
2026-07-02T20:14:47.770,8.316741,FRAME,9467,25598,-368,-402,-286,-534,38
2026-07-02T20:14:47.771,8.317353,FRAME,9468,25599,-398,-414,-282,-528,38
2026-07-02T20:14:47.771,8.318057,FRAME,9469,25600,-402,-460,-329,-534,38
2026-07-02T20:14:47.772,8.318666,FRAME,9470,25601,-439,-456,-285,-527,38
2026-07-02T20:14:47.773,8.319277,FRAME,9471,25602,-441,-416,-324,-525,38
2026-07-02T20:14:47.773,8.319883,FRAME,9472,25603,-472,-436,-336,-529,38
2026-07-02T20:14:47.774,8.320502,FRAME,9473,25604,-493,-432,-301,-517,38
2026-07-02T20:14:47.774,8.321140,FRAME,9474,25605,-538,-462,-307,-505,38
2026-07-02T20:14:47.775,8.321749,FRAME,9475,25606,-508,-446,-282,-502,38
2026-07-02T20:14:47.776,8.322382,FRAME,9476,25607,-496,-414,-286,-529,38
2026-07-02T20:14:47.776,8.323016,FRAME,9477,25608,-458,-353,-236,-485,38
2026-07-02T20:14:47.777,8.323639,FRAME,9478,25609,-385,-381,-232,-451,38
2026-07-02T20:14:47.778,8.324271,FRAME,9479,25610,-387,-340,-233,-459,38
2026-07-02T20:14:47.779,8.325294,FRAME,9480,25611,-372,-303,-228,-473,38
2026-07-02T20:14:47.779,8.325981,FRAME,9481,25612,-318,-314,-245,-462,38
2026-07-02T20:14:47.780,8.326752,FRAME,9482,25613,-320,-328,-238,-514,38
2026-07-02T20:14:47.781,8.327698,FRAME,9483,25614,-379,-337,-291,-504,38
2026-07-02T20:14:47.782,8.328618,FRAME,9484,25615,-380,-348,-255,-532,38
2026-07-02T20:14:47.783,8.329593,FRAME,9485,25616,-382,-358,-268,-517,38
2026-07-02T20:14:47.784,8.330729,FRAME,9486,25617,-401,-378,-305,-532,38
2026-07-02T20:14:47.785,8.331831,FRAME,9487,25618,-375,-375,-277,-502,38
2026-07-02T20:14:47.786,8.332583,FRAME,9488,25619,-411,-396,-294,-521,38
2026-07-02T20:14:47.787,8.333450,FRAME,9489,25620,-412,-398,-249,-505,38
2026-07-02T20:14:47.816,8.362351,FRAME,9490,25621,-439,-355,-266,-502,38
2026-07-02T20:14:47.816,8.363147,FRAME,9491,25622,-433,-355,-228,-490,38
2026-07-02T20:14:47.817,8.363924,FRAME,9492,25623,-488,-352,-223,-489,38
2026-07-02T20:14:47.818,8.364744,FRAME,9493,25624,-453,-309,-243,-481,38
2026-07-02T20:14:47.819,8.365367,FRAME,9494,25625,-396,-310,-240,-451,38
2026-07-02T20:14:47.819,8.365990,FRAME,9495,25626,-390,-279,-220,-456,38
2026-07-02T20:14:47.820,8.366586,FRAME,9496,25627,-366,-314,-184,-431,38
2026-07-02T20:14:47.821,8.367209,FRAME,9497,25628,-353,-267,-207,-462,38
2026-07-02T20:14:47.821,8.367860,FRAME,9498,25629,-319,-236,-187,-424,38
2026-07-02T20:14:47.822,8.368468,FRAME,9499,25630,-336,-196,-149,-453,38
2026-07-02T20:14:47.822,8.369083,FRAME,9500,25631,-259,-236,-149,-484,38
2026-07-02T20:14:47.823,8.369723,FRAME,9501,25632,-261,-179,-101,-457,38
2026-07-02T20:14:47.824,8.370338,FRAME,9502,25633,-216,-235,-157,-432,38
2026-07-02T20:14:47.824,8.370952,FRAME,9503,25634,-202,-188,-103,-449,38
2026-07-02T20:14:47.825,8.371627,FRAME,9504,25635,-199,-177,-112,-461,38
2026-07-02T20:14:47.826,8.372265,FRAME,9505,25636,-208,-182,-106,-407,38
2026-07-02T20:14:47.826,8.372866,FRAME,9506,25637,-157,-161,-131,-436,38
2026-07-02T20:14:47.827,8.373461,FRAME,9507,25638,-169,-141,-95,-425,37
2026-07-02T20:14:47.827,8.374068,FRAME,9508,25639,-190,-171,-83,-433,37
2026-07-02T20:14:47.828,8.374699,FRAME,9509,25640,-244,-184,-88,-424,37
2026-07-02T20:14:47.829,8.375315,FRAME,9510,25641,-183,-200,-125,-409,38
2026-07-02T20:14:47.829,8.375963,FRAME,9511,25642,-224,-196,-144,-404,38
2026-07-02T20:14:47.830,8.376686,FRAME,9512,25643,-194,-199,-102,-417,38
2026-07-02T20:14:47.831,8.377270,FRAME,9513,25644,-172,-139,-84,-453,37
2026-07-02T20:14:47.831,8.377856,FRAME,9514,25645,-161,-137,-76,-427,37
2026-07-02T20:14:47.832,8.378448,FRAME,9515,25646,-165,-167,-127,-439,38
2026-07-02T20:14:47.832,8.379063,FRAME,9516,25647,-148,-121,-112,-435,38
2026-07-02T20:14:47.833,8.379676,FRAME,9517,25648,-164,-148,-84,-465,37
2026-07-02T20:14:47.834,8.380286,FRAME,9518,25649,-149,-183,-130,-454,38
2026-07-02T20:14:47.834,8.380882,FRAME,9519,25650,-160,-178,-130,-512,38
2026-07-02T20:14:47.835,8.381474,FRAME,9520,25651,-143,-169,-129,-468,38
2026-07-02T20:14:47.836,8.383103,FRAME,9521,25652,-146,-211,-134,-445,38
2026-07-02T20:14:47.837,8.383697,FRAME,9522,25653,-128,-190,-142,-440,38
2026-07-02T20:14:47.838,8.384295,FRAME,9523,25654,-106,-131,-100,-432,38
2026-07-02T20:14:47.838,8.384883,FRAME,9524,25655,-76,-126,-120,-375,37
2026-07-02T20:14:47.839,8.385550,FRAME,9525,25656,-52,-133,-69,-382,36
2026-07-02T20:14:47.839,8.386160,FRAME,9526,25657,-57,-138,-72,-417,36
2026-07-02T20:14:47.840,8.386742,FRAME,9527,25658,-65,-115,-104,-394,37
2026-07-02T20:14:47.841,8.387341,FRAME,9528,25659,-36,-120,-67,-427,36
2026-07-02T20:14:47.841,8.388042,FRAME,9529,25660,-83,-102,-97,-391,36
2026-07-02T20:14:47.842,8.388704,FRAME,9530,25661,-46,-152,-117,-445,37
2026-07-02T20:14:47.843,8.389332,FRAME,9531,25662,-36,-110,-101,-397,37
2026-07-02T20:14:47.843,8.389909,FRAME,9532,25663,-74,-155,-44,-424,36
2026-07-02T20:14:47.844,8.390494,FRAME,9533,25664,-73,-183,-169,-469,37
2026-07-02T20:14:47.844,8.391109,FRAME,9534,25665,-67,-183,-149,-482,37
2026-07-02T20:14:47.845,8.391712,FRAME,9535,25666,-134,-187,-198,-496,38
2026-07-02T20:14:47.846,8.392315,FRAME,9536,25667,-161,-216,-169,-488,38
2026-07-02T20:14:47.846,8.392926,FRAME,9537,25668,-171,-250,-205,-464,38
2026-07-02T20:14:47.847,8.393513,FRAME,9538,25669,-236,-276,-200,-476,38
2026-07-02T20:14:47.847,8.394121,FRAME,9539,25670,-241,-282,-242,-473,38
2026-07-02T20:14:47.848,8.394715,FRAME,9540,25671,-279,-280,-210,-483,38
2026-07-02T20:14:47.849,8.395320,FRAME,9541,25672,-315,-299,-246,-463,38
2026-07-02T20:14:47.849,8.395923,FRAME,9542,25673,-308,-305,-252,-490,38
2026-07-02T20:14:47.850,8.396536,FRAME,9543,25674,-316,-316,-230,-464,38
2026-07-02T20:14:47.850,8.397155,FRAME,9544,25675,-337,-321,-219,-462,38
2026-07-02T20:14:47.851,8.397749,FRAME,9545,25676,-312,-323,-238,-462,38
2026-07-02T20:14:47.852,8.398368,FRAME,9546,25677,-360,-366,-245,-480,38
2026-07-02T20:14:47.852,8.398990,FRAME,9547,25678,-372,-347,-273,-470,38
2026-07-02T20:14:47.853,8.399572,FRAME,9548,25679,-368,-376,-305,-497,38
2026-07-02T20:14:47.853,8.400178,FRAME,9549,25680,-365,-381,-297,-508,38
2026-07-02T20:14:47.854,8.400776,FRAME,9550,25681,-350,-408,-271,-491,38
2026-07-02T20:14:47.855,8.401367,FRAME,9551,25682,-378,-378,-318,-541,38
2026-07-02T20:14:47.855,8.401971,FRAME,9552,25683,-426,-393,-343,-473,38
2026-07-02T20:14:47.856,8.402609,FRAME,9553,25684,-443,-430,-333,-503,38
2026-07-02T20:14:47.857,8.403218,FRAME,9554,25685,-437,-402,-303,-543,38
2026-07-02T20:14:47.857,8.403815,FRAME,9555,25686,-439,-410,-326,-544,38
2026-07-02T20:14:47.858,8.404412,FRAME,9556,25687,-499,-435,-331,-536,38
2026-07-02T20:14:47.858,8.405018,FRAME,9557,25688,-548,-484,-348,-473,38
2026-07-02T20:14:47.859,8.405598,FRAME,9558,25689,-541,-458,-336,-513,38
2026-07-02T20:14:47.860,8.406215,FRAME,9559,25690,-508,-441,-322,-512,38
2026-07-02T20:14:47.860,8.406811,FRAME,9560,25691,-494,-419,-274,-507,38
2026-07-02T20:14:47.861,8.407422,FRAME,9561,25692,-479,-383,-298,-458,38
2026-07-02T20:14:47.862,8.408335,FRAME,9562,25693,-467,-375,-276,-505,38
2026-07-02T20:14:47.862,8.409085,FRAME,9563,25694,-428,-371,-255,-492,38
2026-07-02T20:14:47.863,8.409891,FRAME,9564,25695,-358,-313,-225,-477,38
2026-07-02T20:14:47.864,8.410868,FRAME,9565,25696,-360,-323,-222,-517,38
2026-07-02T20:14:47.865,8.411777,FRAME,9566,25697,-331,-321,-246,-520,38
2026-07-02T20:14:47.866,8.412801,FRAME,9567,25698,-294,-306,-213,-523,38
2026-07-02T20:14:47.867,8.413725,FRAME,9568,25699,-317,-325,-261,-506,38
2026-07-02T20:14:47.868,8.414629,FRAME,9569,25700,-358,-344,-292,-488,38
2026-07-02T20:14:47.869,8.415549,FRAME,9570,25701,-338,-376,-244,-528,38
2026-07-02T20:14:47.870,8.416354,FRAME,9571,25702,-392,-345,-278,-514,38
2026-07-02T20:14:47.871,8.417300,FRAME,9572,25703,-426,-396,-279,-495,38
2026-07-02T20:14:47.872,8.418237,FRAME,9573,25704,-409,-343,-262,-517,38
2026-07-02T20:14:47.872,8.419169,FRAME,9574,25705,-444,-366,-305,-484,38
2026-07-02T20:14:47.873,8.420074,FRAME,9575,25706,-432,-352,-251,-514,38
2026-07-02T20:14:47.874,8.420871,FRAME,9576,25707,-439,-356,-322,-475,38
2026-07-02T20:14:47.875,8.421742,FRAME,9577,25708,-430,-384,-312,-481,38
2026-07-02T20:14:47.876,8.422679,FRAME,9578,25709,-395,-350,-288,-509,38
2026-07-02T20:14:47.877,8.423528,FRAME,9579,25710,-352,-365,-269,-500,38
2026-07-02T20:14:47.877,8.424174,FRAME,9580,25711,-281,-358,-299,-471,38
2026-07-02T20:14:47.878,8.424773,FRAME,9581,25712,-332,-349,-285,-476,38
2026-07-02T20:14:47.879,8.425877,FRAME,9582,25713,-301,-341,-253,-483,38
2026-07-02T20:14:47.880,8.426821,FRAME,9583,25714,-287,-373,-253,-517,38
2026-07-02T20:14:47.881,8.427750,FRAME,9584,25715,-278,-304,-268,-512,38
2026-07-02T20:14:47.882,8.428673,FRAME,9585,25716,-212,-290,-241,-516,38
2026-07-02T20:14:47.883,8.429582,FRAME,9586,25717,-193,-265,-261,-491,38
2026-07-02T20:14:47.884,8.430499,FRAME,9587,25718,-172,-298,-277,-481,38
2026-07-02T20:14:47.885,8.431431,FRAME,9588,25719,-178,-298,-228,-475,38
2026-07-02T20:14:47.886,8.432377,FRAME,9589,25720,-226,-271,-259,-485,38
2026-07-02T20:14:47.886,8.433116,FRAME,9590,25721,-227,-283,-236,-495,38
2026-07-02T20:14:47.887,8.433982,FRAME,9591,25722,-214,-268,-223,-472,38
2026-07-02T20:14:47.888,8.434730,FRAME,9592,25723,-257,-265,-242,-469,38
2026-07-02T20:14:47.889,8.435552,FRAME,9593,25724,-230,-244,-254,-428,38
2026-07-02T20:14:47.890,8.436482,FRAME,9594,25725,-237,-285,-281,-441,38
2026-07-02T20:14:47.891,8.437345,FRAME,9595,25726,-234,-262,-277,-481,38
2026-07-02T20:14:47.892,8.438501,FRAME,9596,25727,-254,-274,-262,-492,38
2026-07-02T20:14:47.925,8.471355,FRAME,9597,25728,-245,-257,-209,-456,38
2026-07-02T20:14:47.925,8.472098,FRAME,9598,25729,-287,-202,-239,-475,38
2026-07-02T20:14:47.926,8.472791,FRAME,9599,25730,-266,-207,-277,-432,38
2026-07-02T20:14:47.927,8.473468,FRAME,9600,25731,-174,-231,-230,-470,38
2026-07-02T20:14:47.927,8.474155,FRAME,9601,25732,-176,-252,-198,-536,38
2026-07-02T20:14:47.928,8.474764,FRAME,9602,25733,-218,-275,-261,-474,38
2026-07-02T20:14:47.929,8.475374,FRAME,9603,25734,-238,-281,-237,-473,38
2026-07-02T20:14:47.929,8.475989,FRAME,9604,25735,-223,-274,-206,-474,38
2026-07-02T20:14:47.930,8.476606,FRAME,9605,25736,-232,-256,-214,-455,38
2026-07-02T20:14:47.931,8.477369,FRAME,9606,25737,-186,-255,-243,-449,38
2026-07-02T20:14:47.931,8.478015,FRAME,9607,25738,-203,-227,-181,-438,38
2026-07-02T20:14:47.932,8.478769,FRAME,9608,25739,-168,-210,-214,-485,38
2026-07-02T20:14:47.933,8.479433,FRAME,9609,25740,-152,-187,-211,-471,38
2026-07-02T20:14:47.933,8.480045,FRAME,9610,25741,-175,-144,-185,-397,38
2026-07-02T20:14:47.934,8.480719,FRAME,9611,25742,-155,-169,-171,-424,38
2026-07-02T20:14:47.935,8.481315,FRAME,9612,25743,-126,-187,-218,-479,38
2026-07-02T20:14:47.935,8.481915,FRAME,9613,25744,-153,-185,-225,-436,38
2026-07-02T20:14:47.936,8.482526,FRAME,9614,25745,-127,-174,-170,-437,38
2026-07-02T20:14:47.936,8.483128,FRAME,9615,25746,-116,-202,-196,-450,38
2026-07-02T20:14:47.937,8.483721,FRAME,9616,25747,-169,-207,-135,-460,38
2026-07-02T20:14:47.938,8.484312,FRAME,9617,25748,-122,-164,-179,-524,38
2026-07-02T20:14:47.938,8.484904,FRAME,9618,25749,-200,-260,-183,-498,38
2026-07-02T20:14:47.939,8.485510,FRAME,9619,25750,-238,-237,-240,-511,38
2026-07-02T20:14:47.939,8.486126,FRAME,9620,25751,-237,-290,-217,-494,38
2026-07-02T20:14:47.940,8.486755,FRAME,9621,25752,-321,-259,-221,-514,38
2026-07-02T20:14:47.941,8.487363,FRAME,9622,25753,-322,-306,-260,-526,38
2026-07-02T20:14:47.941,8.488061,FRAME,9623,25754,-369,-300,-265,-501,38
2026-07-02T20:14:47.942,8.488721,FRAME,9624,25755,-348,-325,-241,-448,38
2026-07-02T20:14:47.943,8.489330,FRAME,9625,25756,-339,-337,-295,-457,38
2026-07-02T20:14:47.943,8.489984,FRAME,9626,25757,-373,-347,-273,-474,38
2026-07-02T20:14:47.944,8.490575,FRAME,9627,25758,-369,-323,-271,-517,38
2026-07-02T20:14:47.945,8.491254,FRAME,9628,25759,-324,-333,-267,-492,38
2026-07-02T20:14:47.946,8.492280,FRAME,9629,25760,-347,-312,-274,-440,38
2026-07-02T20:14:47.946,8.493026,FRAME,9630,25761,-336,-316,-285,-470,38
2026-07-02T20:14:47.947,8.493948,FRAME,9631,25762,-327,-324,-256,-475,38
2026-07-02T20:14:47.948,8.494964,FRAME,9632,25763,-346,-362,-284,-465,38
2026-07-02T20:14:47.949,8.495938,FRAME,9633,25764,-358,-345,-259,-530,38
2026-07-02T20:14:47.950,8.496856,FRAME,9634,25765,-361,-379,-303,-536,38
2026-07-02T20:14:47.951,8.497765,FRAME,9635,25766,-378,-400,-273,-536,38
2026-07-02T20:14:47.952,8.498713,FRAME,9636,25767,-395,-384,-321,-553,38
2026-07-02T20:14:47.953,8.499411,FRAME,9637,25768,-388,-378,-324,-529,38
2026-07-02T20:14:47.954,8.500340,FRAME,9638,25769,-462,-401,-334,-525,38
2026-07-02T20:14:47.955,8.501235,FRAME,9639,25770,-439,-422,-363,-515,38
2026-07-02T20:14:47.955,8.502137,FRAME,9640,25771,-457,-406,-335,-523,38
2026-07-02T20:14:47.956,8.503041,FRAME,9641,25772,-428,-409,-345,-501,38
2026-07-02T20:14:47.957,8.503789,FRAME,9642,25773,-463,-406,-313,-480,38
2026-07-02T20:14:47.958,8.504601,FRAME,9643,25774,-452,-383,-312,-505,38
2026-07-02T20:14:47.959,8.505466,FRAME,9644,25775,-409,-358,-305,-464,38
2026-07-02T20:14:47.960,8.506353,FRAME,9645,25776,-398,-391,-272,-438,38
2026-07-02T20:14:47.960,8.507177,FRAME,9646,25777,-409,-336,-287,-451,38
2026-07-02T20:14:47.961,8.507795,FRAME,9647,25778,-373,-297,-242,-438,38
2026-07-02T20:14:47.962,8.508794,FRAME,9648,25779,-314,-283,-263,-468,38
2026-07-02T20:14:47.963,8.509449,FRAME,9649,25780,-309,-265,-219,-440,38
2026-07-02T20:14:47.964,8.510314,FRAME,9650,25781,-278,-267,-206,-470,38
2026-07-02T20:14:47.965,8.511228,FRAME,9651,25782,-243,-285,-261,-502,38
2026-07-02T20:14:47.966,8.512228,FRAME,9652,25783,-255,-268,-249,-490,38
2026-07-02T20:14:47.966,8.513149,FRAME,9653,25784,-226,-295,-272,-524,38
2026-07-02T20:14:47.967,8.514071,FRAME,9654,25785,-301,-309,-292,-490,38
2026-07-02T20:14:47.968,8.514985,FRAME,9655,25786,-334,-318,-256,-483,38
2026-07-02T20:14:47.969,8.515905,FRAME,9656,25787,-362,-391,-294,-496,38
2026-07-02T20:14:47.970,8.516838,FRAME,9657,25788,-335,-359,-268,-468,38
2026-07-02T20:14:47.971,8.517697,FRAME,9658,25789,-338,-344,-288,-532,38
2026-07-02T20:14:47.972,8.518305,FRAME,9659,25790,-319,-392,-304,-489,38
2026-07-02T20:14:47.973,8.519233,FRAME,9660,25791,-309,-365,-304,-499,38
2026-07-02T20:14:47.973,8.519979,FRAME,9661,25792,-275,-340,-258,-454,38
2026-07-02T20:14:47.974,8.520831,FRAME,9662,25793,-289,-321,-235,-447,38
2026-07-02T20:14:47.975,8.521635,FRAME,9663,25794,-250,-324,-294,-467,38
2026-07-02T20:14:47.976,8.522422,FRAME,9664,25795,-283,-296,-238,-458,38
2026-07-02T20:14:47.977,8.523300,FRAME,9665,25796,-244,-303,-249,-477,38
2026-07-02T20:14:47.977,8.524188,FRAME,9666,25797,-266,-332,-250,-517,38
2026-07-02T20:14:47.978,8.524977,FRAME,9667,25798,-246,-314,-277,-516,38
2026-07-02T20:14:47.979,8.525662,FRAME,9668,25799,-249,-315,-269,-479,38
2026-07-02T20:14:47.980,8.526272,FRAME,9669,25800,-213,-285,-254,-467,38
2026-07-02T20:14:47.980,8.526935,FRAME,9670,25801,-169,-253,-205,-521,38
2026-07-02T20:14:47.981,8.527533,FRAME,9671,25802,-178,-242,-226,-507,38
2026-07-02T20:14:47.981,8.528147,FRAME,9672,25803,-144,-219,-232,-469,38
2026-07-02T20:14:47.982,8.528752,FRAME,9673,25804,-152,-214,-178,-439,38
2026-07-02T20:14:47.983,8.529367,FRAME,9674,25805,-100,-169,-160,-439,38
2026-07-02T20:14:47.983,8.529993,FRAME,9675,25806,-175,-186,-128,-443,38
2026-07-02T20:14:47.984,8.530589,FRAME,9676,25807,-94,-173,-150,-403,37
2026-07-02T20:14:47.984,8.531192,FRAME,9677,25808,-67,-134,-124,-384,37
2026-07-02T20:14:47.985,8.531888,FRAME,9678,25809,-91,-155,-119,-400,37
2026-07-02T20:14:47.986,8.532486,FRAME,9679,25810,-19,-103,-106,-426,37
2026-07-02T20:14:47.986,8.533087,FRAME,9680,25811,9,-134,-91,-383,34
2026-07-02T20:14:47.987,8.533627,FRAME,9681,25812,29,-66,-81,-389,34
2026-07-02T20:14:47.988,8.534199,FRAME,9682,25813,102,-65,-25,-361,35
2026-07-02T20:14:47.988,8.534766,FRAME,9683,25814,141,-25,-43,-396,35
2026-07-02T20:14:47.989,8.535342,FRAME,9684,25815,128,-36,-27,-407,35
2026-07-02T20:14:47.989,8.535906,FRAME,9685,25816,147,-47,-28,-431,35
2026-07-02T20:14:47.990,8.536820,FRAME,9686,25817,155,-75,-17,-409,35
2026-07-02T20:14:47.991,8.537586,FRAME,9687,25818,149,0,0,-395,31
2026-07-02T20:14:47.992,8.538516,FRAME,9688,25819,138,-4,-31,-387,34
2026-07-02T20:14:47.993,8.539477,FRAME,9689,25820,140,-13,-2,-373,34
2026-07-02T20:14:47.993,8.540159,FRAME,9690,25821,102,-32,-16,-364,35
2026-07-02T20:14:47.994,8.540756,FRAME,9691,25822,131,-18,-47,-366,35
2026-07-02T20:14:47.995,8.541303,FRAME,9692,25823,137,-2,-1,-382,33
2026-07-02T20:14:47.995,8.541846,FRAME,9693,25824,147,15,12,-389,33
2026-07-02T20:14:47.996,8.542521,FRAME,9694,25825,175,-19,-23,-399,35
2026-07-02T20:14:47.996,8.543111,FRAME,9695,25826,170,36,-21,-378,34
2026-07-02T20:14:47.997,8.543672,FRAME,9696,25827,163,-12,-21,-385,35
2026-07-02T20:14:47.998,8.544227,FRAME,9697,25828,164,-15,-10,-375,35
2026-07-02T20:14:47.998,8.544779,FRAME,9698,25829,138,-13,-30,-415,35
2026-07-02T20:14:47.999,8.545398,FRAME,9699,25830,127,-88,-15,-388,35
2026-07-02T20:14:47.999,8.545975,FRAME,9700,25831,144,-36,-58,-451,35
2026-07-02T20:14:48.000,8.546514,FRAME,9701,25832,55,-87,-52,-437,34
2026-07-02T20:14:48.000,8.547082,FRAME,9702,25833,53,-102,-77,-457,35
2026-07-02T20:14:48.001,8.547703,FRAME,9703,25834,-17,-159,-105,-478,37
2026-07-02T20:14:48.002,8.548268,FRAME,9704,25835,-33,-143,-87,-445,36
2026-07-02T20:14:48.002,8.548850,FRAME,9705,25836,-81,-185,-161,-451,37
2026-07-02T20:14:48.034,8.580677,FRAME,9706,25837,-159,-177,-157,-475,38
2026-07-02T20:14:48.035,8.581643,FRAME,9707,25838,-181,-181,-183,-443,38
2026-07-02T20:14:48.036,8.582572,FRAME,9708,25839,-188,-238,-210,-433,38
2026-07-02T20:14:48.037,8.583338,FRAME,9709,25840,-192,-252,-158,-463,38
2026-07-02T20:14:48.038,8.584249,FRAME,9710,25841,-220,-249,-168,-434,38
2026-07-02T20:14:48.038,8.585168,FRAME,9711,25842,-226,-237,-210,-485,38
2026-07-02T20:14:48.039,8.586103,FRAME,9712,25843,-195,-227,-182,-435,38
2026-07-02T20:14:48.040,8.587053,FRAME,9713,25844,-193,-237,-217,-458,38
2026-07-02T20:14:48.041,8.588032,FRAME,9714,25845,-187,-237,-211,-487,38
2026-07-02T20:14:48.042,8.588841,FRAME,9715,25846,-210,-240,-241,-513,38
2026-07-02T20:14:48.043,8.589710,FRAME,9716,25847,-232,-259,-216,-511,38
2026-07-02T20:14:48.044,8.590561,FRAME,9717,25848,-279,-234,-230,-488,38
2026-07-02T20:14:48.045,8.591375,FRAME,9718,25849,-274,-299,-271,-536,38
2026-07-02T20:14:48.045,8.592004,FRAME,9719,25850,-273,-339,-255,-529,38
2026-07-02T20:14:48.046,8.592950,FRAME,9720,25851,-341,-308,-208,-549,38
2026-07-02T20:14:48.047,8.593839,FRAME,9721,25852,-323,-339,-306,-537,38
2026-07-02T20:14:48.048,8.594739,FRAME,9722,25853,-370,-347,-242,-513,38
2026-07-02T20:14:48.049,8.595643,FRAME,9723,25854,-395,-376,-293,-531,38
2026-07-02T20:14:48.050,8.596542,FRAME,9724,25855,-392,-382,-297,-486,38
2026-07-02T20:14:48.051,8.597436,FRAME,9725,25856,-413,-381,-296,-526,38
2026-07-02T20:14:48.052,8.598331,FRAME,9726,25857,-380,-415,-281,-495,38
2026-07-02T20:14:48.053,8.599264,FRAME,9727,25858,-358,-374,-253,-495,38
2026-07-02T20:14:48.053,8.600197,FRAME,9728,25859,-295,-363,-268,-491,38
2026-07-02T20:14:48.054,8.601016,FRAME,9729,25860,-300,-342,-247,-464,38
2026-07-02T20:14:48.055,8.601712,FRAME,9730,25861,-240,-323,-210,-458,38
2026-07-02T20:14:48.056,8.602547,FRAME,9731,25862,-252,-290,-232,-464,38
2026-07-02T20:14:48.057,8.603304,FRAME,9732,25863,-219,-278,-225,-491,38
2026-07-02T20:14:48.057,8.604063,FRAME,9733,25864,-202,-243,-247,-494,38
2026-07-02T20:14:48.058,8.604893,FRAME,9734,25865,-178,-271,-217,-505,38
2026-07-02T20:14:48.059,8.605627,FRAME,9735,25866,-204,-261,-220,-516,38
2026-07-02T20:14:48.060,8.606516,FRAME,9736,25867,-212,-320,-275,-506,38
2026-07-02T20:14:48.061,8.607408,FRAME,9737,25868,-224,-302,-247,-491,38
2026-07-02T20:14:48.062,8.608254,FRAME,9738,25869,-216,-277,-267,-542,38
2026-07-02T20:14:48.062,8.608964,FRAME,9739,25870,-299,-320,-308,-521,38
2026-07-02T20:14:48.063,8.609717,FRAME,9740,25871,-338,-349,-258,-525,38
2026-07-02T20:14:48.064,8.610480,FRAME,9741,25872,-351,-310,-256,-478,38
2026-07-02T20:14:48.064,8.611177,FRAME,9742,25873,-341,-331,-278,-477,38
2026-07-02T20:14:48.065,8.611789,FRAME,9743,25874,-328,-328,-233,-475,38
2026-07-02T20:14:48.066,8.612404,FRAME,9744,25875,-277,-356,-310,-514,38
2026-07-02T20:14:48.066,8.613026,FRAME,9745,25876,-266,-322,-281,-492,38
2026-07-02T20:14:48.067,8.613627,FRAME,9746,25877,-224,-294,-248,-496,38
2026-07-02T20:14:48.068,8.614251,FRAME,9747,25878,-238,-279,-260,-476,38
2026-07-02T20:14:48.068,8.614872,FRAME,9748,25879,-216,-328,-223,-465,38
2026-07-02T20:14:48.069,8.615499,FRAME,9749,25880,-192,-303,-224,-502,38
2026-07-02T20:14:48.069,8.616121,FRAME,9750,25881,-201,-273,-183,-467,38
2026-07-02T20:14:48.070,8.616732,FRAME,9751,25882,-214,-282,-175,-461,38
2026-07-02T20:14:48.071,8.617341,FRAME,9752,25883,-193,-293,-205,-510,38
2026-07-02T20:14:48.071,8.617964,FRAME,9753,25884,-195,-248,-212,-500,38
2026-07-02T20:14:48.072,8.618557,FRAME,9754,25885,-221,-277,-222,-490,38
2026-07-02T20:14:48.072,8.619179,FRAME,9755,25886,-160,-244,-180,-479,38
2026-07-02T20:14:48.073,8.619790,FRAME,9756,25887,-183,-243,-189,-442,38
2026-07-02T20:14:48.074,8.620405,FRAME,9757,25888,-121,-214,-209,-451,38
2026-07-02T20:14:48.074,8.621165,FRAME,9758,25889,-187,-257,-171,-438,38
2026-07-02T20:14:48.075,8.621822,FRAME,9759,25890,-146,-219,-192,-461,38
2026-07-02T20:14:48.076,8.622523,FRAME,9760,25891,-202,-238,-199,-471,38
2026-07-02T20:14:48.076,8.623148,FRAME,9761,25892,-172,-245,-192,-447,38
2026-07-02T20:14:48.077,8.623753,FRAME,9762,25893,-177,-234,-168,-494,38
2026-07-02T20:14:48.078,8.624366,FRAME,9763,25894,-179,-223,-161,-456,38
2026-07-02T20:14:48.078,8.624990,FRAME,9764,25895,-138,-197,-217,-471,38
2026-07-02T20:14:48.079,8.625572,FRAME,9765,25896,-138,-262,-185,-444,38
2026-07-02T20:14:48.079,8.626197,FRAME,9766,25897,-112,-251,-186,-464,38
2026-07-02T20:14:48.080,8.626776,FRAME,9767,25898,-64,-218,-109,-452,37
2026-07-02T20:14:48.081,8.627353,FRAME,9768,25899,-42,-204,-162,-490,37
2026-07-02T20:14:48.081,8.627990,FRAME,9769,25900,-69,-206,-131,-484,37
2026-07-02T20:14:48.082,8.628560,FRAME,9770,25901,-63,-208,-197,-450,37
2026-07-02T20:14:48.082,8.629159,FRAME,9771,25902,-85,-209,-128,-456,37
2026-07-02T20:14:48.083,8.629751,FRAME,9772,25903,-80,-142,-123,-422,37
2026-07-02T20:14:48.084,8.630347,FRAME,9773,25904,-56,-164,-103,-433,37
2026-07-02T20:14:48.084,8.630951,FRAME,9774,25905,-73,-194,-134,-446,37
2026-07-02T20:14:48.085,8.631517,FRAME,9775,25906,-74,-124,-81,-402,36
2026-07-02T20:14:48.085,8.632094,FRAME,9776,25907,-50,-115,-71,-404,36
2026-07-02T20:14:48.086,8.632667,FRAME,9777,25908,-21,-118,-72,-403,36
2026-07-02T20:14:48.087,8.633213,FRAME,9778,25909,18,-119,-83,-358,35
2026-07-02T20:14:48.087,8.633824,FRAME,9779,25910,-55,-100,-126,-369,37
2026-07-02T20:14:48.088,8.634375,FRAME,9780,25911,-8,-96,-81,-400,34
2026-07-02T20:14:48.088,8.634966,FRAME,9781,25912,-16,-120,-66,-401,36
2026-07-02T20:14:48.089,8.635536,FRAME,9782,25913,-19,-129,-57,-435,36
2026-07-02T20:14:48.089,8.636144,FRAME,9783,25914,-50,-146,-93,-455,36
2026-07-02T20:14:48.090,8.636754,FRAME,9784,25915,-49,-150,-87,-456,36
2026-07-02T20:14:48.091,8.637351,FRAME,9785,25916,-108,-224,-158,-499,38
2026-07-02T20:14:48.091,8.638020,FRAME,9786,25917,-153,-191,-128,-467,38
2026-07-02T20:14:48.092,8.638728,FRAME,9787,25918,-146,-232,-183,-513,38
2026-07-02T20:14:48.093,8.639332,FRAME,9788,25919,-233,-243,-205,-488,38
2026-07-02T20:14:48.093,8.639938,FRAME,9789,25920,-227,-236,-217,-460,38
2026-07-02T20:14:48.094,8.640527,FRAME,9790,25921,-239,-256,-207,-463,38
2026-07-02T20:14:48.095,8.641207,FRAME,9791,25922,-245,-283,-222,-454,38
2026-07-02T20:14:48.095,8.641814,FRAME,9792,25923,-258,-232,-230,-481,38
2026-07-02T20:14:48.096,8.642422,FRAME,9793,25924,-259,-251,-206,-460,38
2026-07-02T20:14:48.096,8.643028,FRAME,9794,25925,-279,-257,-253,-438,38
2026-07-02T20:14:48.097,8.643607,FRAME,9795,25926,-307,-276,-252,-465,38
2026-07-02T20:14:48.098,8.644253,FRAME,9796,25927,-275,-274,-223,-497,38
2026-07-02T20:14:48.098,8.644850,FRAME,9797,25928,-247,-278,-230,-444,38
2026-07-02T20:14:48.099,8.645465,FRAME,9798,25929,-266,-267,-269,-461,38
2026-07-02T20:14:48.099,8.646111,FRAME,9799,25930,-273,-307,-249,-462,38
2026-07-02T20:14:48.100,8.646739,FRAME,9800,25931,-280,-337,-260,-443,38
2026-07-02T20:14:48.101,8.647347,FRAME,9801,25932,-307,-294,-246,-512,38
2026-07-02T20:14:48.101,8.647951,FRAME,9802,25933,-312,-334,-249,-525,38
2026-07-02T20:14:48.102,8.648548,FRAME,9803,25934,-303,-343,-256,-525,38
2026-07-02T20:14:48.102,8.649168,FRAME,9804,25935,-370,-364,-330,-467,38
2026-07-02T20:14:48.103,8.649763,FRAME,9805,25936,-308,-353,-280,-526,38
2026-07-02T20:14:48.104,8.650359,FRAME,9806,25937,-347,-378,-276,-522,38
2026-07-02T20:14:48.104,8.650963,FRAME,9807,25938,-406,-336,-302,-533,38
2026-07-02T20:14:48.105,8.651568,FRAME,9808,25939,-403,-361,-277,-504,38
2026-07-02T20:14:48.106,8.652207,FRAME,9809,25940,-350,-349,-256,-496,38
2026-07-02T20:14:48.106,8.652801,FRAME,9810,25941,-412,-360,-281,-470,38
2026-07-02T20:14:48.107,8.653445,FRAME,9811,25942,-323,-310,-277,-486,38
2026-07-02T20:14:48.107,8.654186,FRAME,9812,25943,-325,-322,-300,-497,38
2026-07-02T20:14:48.142,8.688381,FRAME,9813,25944,-316,-294,-236,-506,38
2026-07-02T20:14:48.142,8.689136,FRAME,9814,25945,-242,-245,-223,-465,38
2026-07-02T20:14:48.143,8.689825,FRAME,9815,25946,-214,-241,-234,-464,38
2026-07-02T20:14:48.144,8.690516,FRAME,9816,25947,-179,-205,-223,-499,38
2026-07-02T20:14:48.144,8.691166,FRAME,9817,25948,-208,-199,-169,-496,38
2026-07-02T20:14:48.145,8.691775,FRAME,9818,25949,-178,-211,-238,-477,38
2026-07-02T20:14:48.146,8.692441,FRAME,9819,25950,-167,-244,-248,-497,38
2026-07-02T20:14:48.146,8.693069,FRAME,9820,25951,-210,-237,-257,-472,38
2026-07-02T20:14:48.147,8.693684,FRAME,9821,25952,-251,-277,-254,-492,38
2026-07-02T20:14:48.148,8.694293,FRAME,9822,25953,-268,-271,-222,-481,38
2026-07-02T20:14:48.148,8.694904,FRAME,9823,25954,-259,-287,-237,-467,38
2026-07-02T20:14:48.149,8.695510,FRAME,9824,25955,-277,-284,-245,-481,38
2026-07-02T20:14:48.149,8.696124,FRAME,9825,25956,-249,-237,-215,-488,38
2026-07-02T20:14:48.150,8.696728,FRAME,9826,25957,-280,-264,-248,-489,38
2026-07-02T20:14:48.151,8.697334,FRAME,9827,25958,-254,-224,-232,-478,38
2026-07-02T20:14:48.151,8.697940,FRAME,9828,25959,-193,-218,-228,-458,38
2026-07-02T20:14:48.152,8.698534,FRAME,9829,25960,-212,-214,-213,-494,38
2026-07-02T20:14:48.152,8.699158,FRAME,9830,25961,-178,-218,-210,-488,38
2026-07-02T20:14:48.153,8.699760,FRAME,9831,25962,-173,-192,-179,-490,38
2026-07-02T20:14:48.154,8.700367,FRAME,9832,25963,-156,-206,-202,-461,38
2026-07-02T20:14:48.154,8.700981,FRAME,9833,25964,-128,-169,-174,-477,38
2026-07-02T20:14:48.155,8.701570,FRAME,9834,25965,-134,-168,-176,-494,38
2026-07-02T20:14:48.155,8.702177,FRAME,9835,25966,-127,-184,-139,-482,38
2026-07-02T20:14:48.156,8.702754,FRAME,9836,25967,-74,-155,-150,-435,37
2026-07-02T20:14:48.157,8.703351,FRAME,9837,25968,-100,-144,-138,-463,38
2026-07-02T20:14:48.157,8.703965,FRAME,9838,25969,-103,-140,-124,-468,38
2026-07-02T20:14:48.158,8.704535,FRAME,9839,25970,-90,-151,-120,-418,37
2026-07-02T20:14:48.159,8.705227,FRAME,9840,25971,-50,-112,-84,-388,36
2026-07-02T20:14:48.159,8.705849,FRAME,9841,25972,-40,-98,-114,-391,36
2026-07-02T20:14:48.160,8.706418,FRAME,9842,25973,-71,-52,-75,-400,35
2026-07-02T20:14:48.160,8.706986,FRAME,9843,25974,-16,-95,-67,-395,35
2026-07-02T20:14:48.161,8.707561,FRAME,9844,25975,-52,-85,-84,-387,35
2026-07-02T20:14:48.161,8.708142,FRAME,9845,25976,-46,-89,-88,-409,35
2026-07-02T20:14:48.162,8.708703,FRAME,9846,25977,-31,-54,-35,-393,35
2026-07-02T20:14:48.163,8.709268,FRAME,9847,25978,-19,-48,-38,-404,35
2026-07-02T20:14:48.163,8.709798,FRAME,9848,25979,6,-67,-60,-377,33
2026-07-02T20:14:48.164,8.710323,FRAME,9849,25980,8,-57,-56,-438,33
2026-07-02T20:14:48.164,8.710843,FRAME,9850,25981,66,-71,-6,-448,33
2026-07-02T20:14:48.165,8.711376,FRAME,9851,25982,32,-96,-2,-406,33
2026-07-02T20:14:48.165,8.711939,FRAME,9852,25983,-19,-47,-51,-429,35
2026-07-02T20:14:48.166,8.712462,FRAME,9853,25984,37,-33,-63,-405,34
2026-07-02T20:14:48.166,8.713012,FRAME,9854,25985,57,-52,-59,-431,34
2026-07-02T20:14:48.167,8.713537,FRAME,9855,25986,60,-49,-29,-399,34
2026-07-02T20:14:48.167,8.714063,FRAME,9856,25987,8,-53,-23,-402,33
2026-07-02T20:14:48.168,8.714596,FRAME,9857,25988,30,-29,-43,-436,34
2026-07-02T20:14:48.168,8.715127,FRAME,9858,25989,25,-35,14,-390,33
2026-07-02T20:14:48.169,8.715666,FRAME,9859,25990,33,-17,-35,-382,34
2026-07-02T20:14:48.170,8.716217,FRAME,9860,25991,42,-30,-32,-413,34
2026-07-02T20:14:48.170,8.716751,FRAME,9861,25992,19,-11,-47,-428,34
2026-07-02T20:14:48.171,8.717289,FRAME,9862,25993,46,-12,-33,-413,34
2026-07-02T20:14:48.171,8.717824,FRAME,9863,25994,23,-25,-41,-381,34
2026-07-02T20:14:48.172,8.718359,FRAME,9864,25995,18,-86,-68,-442,34
2026-07-02T20:14:48.172,8.718904,FRAME,9865,25996,50,-51,-67,-431,34
2026-07-02T20:14:48.173,8.719432,FRAME,9866,25997,43,-60,-74,-412,34
2026-07-02T20:14:48.173,8.719982,FRAME,9867,25998,15,-65,-21,-446,34
2026-07-02T20:14:48.174,8.720536,FRAME,9868,25999,-40,-139,-95,-461,36
2026-07-02T20:14:48.174,8.721141,FRAME,9869,26000,-132,-123,-128,-471,38
2026-07-02T20:14:48.175,8.721749,FRAME,9870,26001,-176,-165,-149,-487,38
2026-07-02T20:14:48.176,8.722353,FRAME,9871,26002,-192,-200,-185,-488,38
2026-07-02T20:14:48.176,8.722968,FRAME,9872,26003,-267,-202,-162,-492,38
2026-07-02T20:14:48.177,8.723547,FRAME,9873,26004,-265,-219,-181,-473,38
2026-07-02T20:14:48.177,8.724160,FRAME,9874,26005,-298,-275,-236,-487,38
2026-07-02T20:14:48.178,8.724772,FRAME,9875,26006,-335,-271,-228,-443,38
2026-07-02T20:14:48.179,8.725481,FRAME,9876,26007,-331,-243,-196,-471,38
2026-07-02T20:14:48.179,8.726149,FRAME,9877,26008,-376,-237,-207,-459,38
2026-07-02T20:14:48.180,8.726744,FRAME,9878,26009,-310,-241,-188,-466,38
2026-07-02T20:14:48.181,8.727350,FRAME,9879,26010,-308,-255,-226,-492,38
2026-07-02T20:14:48.181,8.727948,FRAME,9880,26011,-338,-285,-243,-467,38
2026-07-02T20:14:48.182,8.728574,FRAME,9881,26012,-332,-274,-192,-511,38
2026-07-02T20:14:48.183,8.729205,FRAME,9882,26013,-366,-305,-228,-497,38
2026-07-02T20:14:48.183,8.729800,FRAME,9883,26014,-346,-322,-219,-506,38
2026-07-02T20:14:48.184,8.730394,FRAME,9884,26015,-352,-346,-282,-538,38
2026-07-02T20:14:48.184,8.730998,FRAME,9885,26016,-393,-335,-259,-539,38
2026-07-02T20:14:48.185,8.731578,FRAME,9886,26017,-375,-342,-263,-520,38
2026-07-02T20:14:48.186,8.732224,FRAME,9887,26018,-414,-365,-286,-505,38
2026-07-02T20:14:48.187,8.733241,FRAME,9888,26019,-442,-364,-293,-526,38
2026-07-02T20:14:48.187,8.733957,FRAME,9889,26020,-476,-383,-277,-516,38
2026-07-02T20:14:48.188,8.734865,FRAME,9890,26021,-451,-390,-277,-476,38
2026-07-02T20:14:48.189,8.735774,FRAME,9891,26022,-500,-391,-309,-469,38
2026-07-02T20:14:48.190,8.736690,FRAME,9892,26023,-489,-356,-283,-481,38
2026-07-02T20:14:48.191,8.737635,FRAME,9893,26024,-483,-370,-245,-479,38
2026-07-02T20:14:48.192,8.738562,FRAME,9894,26025,-451,-365,-246,-457,38
2026-07-02T20:14:48.193,8.739413,FRAME,9895,26026,-372,-301,-221,-444,38
2026-07-02T20:14:48.194,8.740295,FRAME,9896,26027,-360,-298,-188,-477,38
2026-07-02T20:14:48.195,8.741241,FRAME,9897,26028,-358,-314,-202,-469,38
2026-07-02T20:14:48.195,8.742151,FRAME,9898,26029,-285,-216,-226,-453,38
2026-07-02T20:14:48.196,8.743095,FRAME,9899,26030,-290,-250,-173,-470,38
2026-07-02T20:14:48.197,8.744038,FRAME,9900,26031,-241,-263,-183,-502,38
2026-07-02T20:14:48.198,8.744919,FRAME,9901,26032,-253,-219,-194,-479,38
2026-07-02T20:14:48.199,8.745694,FRAME,9902,26033,-284,-278,-193,-517,38
2026-07-02T20:14:48.200,8.746550,FRAME,9903,26034,-267,-272,-220,-469,38
2026-07-02T20:14:48.201,8.747529,FRAME,9904,26035,-333,-297,-210,-492,38
2026-07-02T20:14:48.202,8.748229,FRAME,9905,26036,-325,-333,-236,-531,38
2026-07-02T20:14:48.202,8.748850,FRAME,9906,26037,-373,-306,-254,-484,38
2026-07-02T20:14:48.203,8.749787,FRAME,9907,26038,-386,-302,-247,-504,38
2026-07-02T20:14:48.204,8.750645,FRAME,9908,26039,-425,-333,-267,-469,38
2026-07-02T20:14:48.205,8.751536,FRAME,9909,26040,-434,-304,-206,-471,38
2026-07-02T20:14:48.206,8.752455,FRAME,9910,26041,-388,-326,-223,-475,38
2026-07-02T20:14:48.207,8.753348,FRAME,9911,26042,-375,-289,-203,-455,38
2026-07-02T20:14:48.211,8.757215,FRAME,9912,26043,-376,-301,-201,-488,38
2026-07-02T20:14:48.212,8.758358,FRAME,9913,26044,-314,-326,-197,-497,38
2026-07-02T20:14:48.213,8.759533,FRAME,9914,26045,-293,-283,-212,-475,38
2026-07-02T20:14:48.214,8.760616,FRAME,9915,26046,-299,-240,-193,-465,38
2026-07-02T20:14:48.215,8.761711,FRAME,9916,26047,-242,-304,-223,-441,38
2026-07-02T20:14:48.216,8.762790,FRAME,9917,26048,-288,-287,-198,-490,38
2026-07-02T20:14:48.217,8.763902,FRAME,9918,26049,-264,-240,-242,-489,38
2026-07-02T20:14:48.218,8.764981,FRAME,9919,26050,-261,-251,-193,-471,38
2026-07-02T20:14:48.219,8.766062,FRAME,9920,26051,-208,-241,-162,-459,38
2026-07-02T20:14:48.220,8.767120,FRAME,9921,26052,-191,-210,-151,-446,38
2026-07-02T20:14:48.221,8.768184,FRAME,9922,26053,-187,-214,-134,-452,38
2026-07-02T20:14:48.251,8.797218,FRAME,9923,26054,-223,-166,-140,-426,38
2026-07-02T20:14:48.251,8.797967,FRAME,9924,26055,-179,-189,-116,-439,38
2026-07-02T20:14:48.252,8.798634,FRAME,9925,26056,-188,-161,-94,-398,37
2026-07-02T20:14:48.253,8.799318,FRAME,9926,26057,-158,-109,-100,-405,38
2026-07-02T20:14:48.253,8.799972,FRAME,9927,26058,-140,-135,-98,-412,37
2026-07-02T20:14:48.254,8.800541,FRAME,9928,26059,-116,-123,-80,-413,37
2026-07-02T20:14:48.254,8.801120,FRAME,9929,26060,-67,-108,-55,-425,36
2026-07-02T20:14:48.255,8.801686,FRAME,9930,26061,-85,-103,-53,-401,36
2026-07-02T20:14:48.256,8.802275,FRAME,9931,26062,-65,-114,-70,-421,36
2026-07-02T20:14:48.256,8.802838,FRAME,9932,26063,-58,-110,-64,-405,36
2026-07-02T20:14:48.257,8.803420,FRAME,9933,26064,-37,-108,-43,-410,36
2026-07-02T20:14:48.257,8.804004,FRAME,9934,26065,-7,-115,-73,-406,35
2026-07-02T20:14:48.258,8.804559,FRAME,9935,26066,12,-114,-69,-434,35
2026-07-02T20:14:48.258,8.805123,FRAME,9936,26067,1,-110,-34,-410,34
2026-07-02T20:14:48.259,8.805676,FRAME,9937,26068,-9,-114,-64,-462,35
2026-07-02T20:14:48.260,8.806243,FRAME,9938,26069,16,-106,-82,-390,35
2026-07-02T20:14:48.260,8.806810,FRAME,9939,26070,-65,-120,-81,-422,36
2026-07-02T20:14:48.261,8.807415,FRAME,9940,26071,-100,-131,-76,-403,37
2026-07-02T20:14:48.261,8.808005,FRAME,9941,26072,-58,-135,-96,-426,36
2026-07-02T20:14:48.262,8.808593,FRAME,9942,26073,-96,-163,-115,-414,37
2026-07-02T20:14:48.262,8.809190,FRAME,9943,26074,-84,-181,-134,-399,37
2026-07-02T20:14:48.263,8.809783,FRAME,9944,26075,-133,-170,-139,-413,38
2026-07-02T20:14:48.264,8.810495,FRAME,9945,26076,-166,-198,-123,-408,38
2026-07-02T20:14:48.264,8.811164,FRAME,9946,26077,-179,-214,-194,-422,38
2026-07-02T20:14:48.265,8.811767,FRAME,9947,26078,-210,-239,-130,-460,38
2026-07-02T20:14:48.266,8.812371,FRAME,9948,26079,-227,-217,-179,-468,38
2026-07-02T20:14:48.266,8.812977,FRAME,9949,26080,-217,-225,-207,-427,38
2026-07-02T20:14:48.267,8.813584,FRAME,9950,26081,-228,-208,-179,-471,38
2026-07-02T20:14:48.267,8.814192,FRAME,9951,26082,-264,-211,-188,-485,38
2026-07-02T20:14:48.268,8.814780,FRAME,9952,26083,-258,-298,-243,-465,38
2026-07-02T20:14:48.269,8.815787,FRAME,9953,26084,-310,-250,-190,-504,38
2026-07-02T20:14:48.270,8.816452,FRAME,9954,26085,-278,-278,-196,-484,38
2026-07-02T20:14:48.271,8.817384,FRAME,9955,26086,-327,-292,-231,-477,38
2026-07-02T20:14:48.272,8.818319,FRAME,9956,26087,-397,-302,-220,-509,38
2026-07-02T20:14:48.273,8.819270,FRAME,9957,26088,-392,-321,-254,-490,38
2026-07-02T20:14:48.273,8.820191,FRAME,9958,26089,-382,-335,-215,-465,38
2026-07-02T20:14:48.274,8.821157,FRAME,9959,26090,-405,-337,-241,-468,38
2026-07-02T20:14:48.275,8.822146,FRAME,9960,26091,-413,-329,-260,-467,38
2026-07-02T20:14:48.276,8.823017,FRAME,9961,26092,-384,-301,-253,-483,38
2026-07-02T20:14:48.277,8.823924,FRAME,9962,26093,-388,-322,-285,-519,38
2026-07-02T20:14:48.278,8.824825,FRAME,9963,26094,-376,-295,-234,-537,38
2026-07-02T20:14:48.279,8.825733,FRAME,9964,26095,-464,-342,-268,-477,38
2026-07-02T20:14:48.280,8.826628,FRAME,9965,26096,-462,-355,-219,-512,38
2026-07-02T20:14:48.281,8.827456,FRAME,9966,26097,-419,-352,-259,-516,38
2026-07-02T20:14:48.282,8.828287,FRAME,9967,26098,-366,-338,-251,-518,38
2026-07-02T20:14:48.282,8.829162,FRAME,9968,26099,-305,-316,-265,-559,38
2026-07-02T20:14:48.283,8.830044,FRAME,9969,26100,-368,-322,-245,-521,38
2026-07-02T20:14:48.284,8.830777,FRAME,9970,26101,-328,-290,-196,-533,38
2026-07-02T20:14:48.285,8.831372,FRAME,9971,26102,-327,-327,-184,-504,38
2026-07-02T20:14:48.286,8.832371,FRAME,9972,26103,-304,-310,-191,-473,38
2026-07-02T20:14:48.287,8.833269,FRAME,9973,26104,-294,-302,-197,-477,38
2026-07-02T20:14:48.287,8.834191,FRAME,9974,26105,-276,-271,-193,-473,38
2026-07-02T20:14:48.288,8.835108,FRAME,9975,26106,-315,-288,-202,-473,38
2026-07-02T20:14:48.289,8.836036,FRAME,9976,26107,-320,-262,-222,-450,38
2026-07-02T20:14:48.290,8.836957,FRAME,9977,26108,-278,-285,-202,-452,38
2026-07-02T20:14:48.291,8.837872,FRAME,9978,26109,-318,-305,-230,-469,38
2026-07-02T20:14:48.292,8.838931,FRAME,9979,26110,-281,-301,-250,-485,38
2026-07-02T20:14:48.293,8.839615,FRAME,9980,26111,-281,-314,-204,-482,38
2026-07-02T20:14:48.294,8.840270,FRAME,9981,26112,-360,-348,-253,-478,38
2026-07-02T20:14:48.294,8.840925,FRAME,9982,26113,-308,-292,-205,-489,38
2026-07-02T20:14:48.295,8.841519,FRAME,9983,26114,-298,-239,-191,-509,38
2026-07-02T20:14:48.295,8.842135,FRAME,9984,26115,-271,-297,-207,-546,38
2026-07-02T20:14:48.296,8.842742,FRAME,9985,26116,-264,-250,-210,-511,38
2026-07-02T20:14:48.297,8.843346,FRAME,9986,26117,-258,-226,-233,-514,38
2026-07-02T20:14:48.297,8.843960,FRAME,9987,26118,-259,-243,-224,-511,38
2026-07-02T20:14:48.298,8.844564,FRAME,9988,26119,-311,-253,-230,-470,38
2026-07-02T20:14:48.298,8.845194,FRAME,9989,26120,-214,-258,-240,-450,38
2026-07-02T20:14:48.299,8.845791,FRAME,9990,26121,-230,-254,-242,-443,38
2026-07-02T20:14:48.300,8.846403,FRAME,9991,26122,-232,-246,-234,-461,38
2026-07-02T20:14:48.300,8.847022,FRAME,9992,26123,-298,-220,-210,-460,38
2026-07-02T20:14:48.301,8.847618,FRAME,9993,26124,-198,-212,-164,-416,38
2026-07-02T20:14:48.302,8.848235,FRAME,9994,26125,-192,-172,-122,-412,38
2026-07-02T20:14:48.302,8.848850,FRAME,9995,26126,-206,-139,-135,-429,38
2026-07-02T20:14:48.303,8.849436,FRAME,9996,26127,-133,-97,-144,-414,37
2026-07-02T20:14:48.303,8.850057,FRAME,9997,26128,-77,-173,-118,-419,37
2026-07-02T20:14:48.304,8.850622,FRAME,9998,26129,-76,-131,-81,-410,36
2026-07-02T20:14:48.305,8.851215,FRAME,9999,26130,-104,-86,-93,-364,36
2026-07-02T20:14:48.305,8.851808,FRAME,10000,26131,-69,-116,-64,-422,37
2026-07-02T20:14:48.306,8.852383,FRAME,10001,26132,-12,-81,-71,-402,36
2026-07-02T20:14:48.306,8.852994,FRAME,10002,26133,16,-68,-64,-399,35
2026-07-02T20:14:48.307,8.853569,FRAME,10003,26134,-19,-55,-70,-429,36
2026-07-02T20:14:48.308,8.854199,FRAME,10004,26135,17,-76,-83,-414,35
2026-07-02T20:14:48.308,8.854869,FRAME,10005,26136,10,-74,-8,-404,34
2026-07-02T20:14:48.309,8.855438,FRAME,10006,26137,28,-53,-56,-395,35
2026-07-02T20:14:48.309,8.856016,FRAME,10007,26138,17,-34,-40,-397,35
2026-07-02T20:14:48.310,8.856561,FRAME,10008,26139,4,-30,-70,-389,34
2026-07-02T20:14:48.310,8.857156,FRAME,10009,26140,-21,-40,-52,-409,36
2026-07-02T20:14:48.311,8.857728,FRAME,10010,26141,-33,-68,-62,-376,36
2026-07-02T20:14:48.312,8.858284,FRAME,10011,26142,-38,-57,-50,-391,36
2026-07-02T20:14:48.312,8.858848,FRAME,10012,26143,-47,-105,-59,-410,37
2026-07-02T20:14:48.313,8.859417,FRAME,10013,26144,-92,-67,-70,-375,36
2026-07-02T20:14:48.313,8.859989,FRAME,10014,26145,-54,-64,-67,-390,36
2026-07-02T20:14:48.314,8.860557,FRAME,10015,26146,-30,-51,-50,-400,36
2026-07-02T20:14:48.315,8.861422,FRAME,10016,26147,-14,-60,-49,-403,36
2026-07-02T20:14:48.315,8.862017,FRAME,10017,26148,9,-72,-57,-414,34
2026-07-02T20:14:48.316,8.862641,FRAME,10018,26149,39,-61,-57,-444,35
2026-07-02T20:14:48.317,8.863238,FRAME,10019,26150,-28,-101,-81,-433,37
2026-07-02T20:14:48.317,8.863825,FRAME,10020,26151,-20,-62,-103,-403,37
2026-07-02T20:14:48.318,8.864403,FRAME,10021,26152,-81,-86,-126,-431,37
2026-07-02T20:14:48.318,8.865007,FRAME,10022,26153,-84,-109,-142,-393,38
2026-07-02T20:14:48.319,8.865574,FRAME,10023,26154,-76,-95,-138,-422,37
2026-07-02T20:14:48.319,8.866191,FRAME,10024,26155,-91,-111,-106,-413,38
2026-07-02T20:14:48.320,8.866800,FRAME,10025,26156,-105,-118,-136,-376,39
2026-07-02T20:14:48.321,8.867409,FRAME,10026,26157,-153,-151,-129,-386,39
2026-07-02T20:14:48.321,8.868028,FRAME,10027,26158,-187,-151,-164,-468,39
2026-07-02T20:14:48.322,8.868678,FRAME,10028,26159,-227,-181,-189,-445,39
2026-07-02T20:14:48.323,8.869290,FRAME,10029,26160,-212,-193,-213,-426,39
2026-07-02T20:14:48.323,8.869910,FRAME,10030,26161,-232,-205,-214,-485,39
2026-07-02T20:14:48.324,8.870513,FRAME,10031,26162,-279,-184,-216,-430,39
2026-07-02T20:14:48.355,8.901527,FRAME,10032,26163,-231,-261,-222,-444,39
2026-07-02T20:14:48.356,8.902682,FRAME,10033,26164,-266,-212,-242,-460,39
2026-07-02T20:14:48.357,8.903591,FRAME,10034,26165,-227,-197,-190,-480,39
2026-07-02T20:14:48.358,8.904315,FRAME,10035,26166,-257,-263,-213,-506,39
2026-07-02T20:14:48.359,8.905425,FRAME,10036,26167,-290,-261,-238,-507,39
2026-07-02T20:14:48.360,8.906515,FRAME,10037,26168,-263,-294,-243,-472,39
2026-07-02T20:14:48.361,8.907523,FRAME,10038,26169,-323,-267,-250,-474,39
2026-07-02T20:14:48.362,8.908484,FRAME,10039,26170,-355,-255,-259,-518,39
2026-07-02T20:14:48.363,8.909494,FRAME,10040,26171,-403,-327,-261,-480,39
2026-07-02T20:14:48.364,8.910461,FRAME,10041,26172,-426,-328,-245,-495,39
2026-07-02T20:14:48.365,8.911466,FRAME,10042,26173,-403,-293,-276,-463,39
2026-07-02T20:14:48.366,8.912436,FRAME,10043,26174,-433,-326,-276,-480,39
2026-07-02T20:14:48.367,8.913211,FRAME,10044,26175,-440,-284,-250,-479,39
2026-07-02T20:14:48.367,8.913917,FRAME,10045,26176,-405,-371,-231,-501,39
2026-07-02T20:14:48.368,8.914741,FRAME,10046,26177,-437,-337,-284,-487,39
2026-07-02T20:14:48.369,8.915484,FRAME,10047,26178,-453,-343,-280,-514,39
2026-07-02T20:14:48.370,8.916219,FRAME,10048,26179,-446,-354,-257,-501,39
2026-07-02T20:14:48.370,8.916969,FRAME,10049,26180,-448,-371,-227,-473,39
2026-07-02T20:14:48.371,8.917636,FRAME,10050,26181,-448,-347,-233,-489,39
2026-07-02T20:14:48.372,8.918353,FRAME,10051,26182,-465,-338,-182,-523,39
2026-07-02T20:14:48.372,8.919074,FRAME,10052,26183,-380,-356,-165,-532,39
2026-07-02T20:14:48.373,8.919765,FRAME,10053,26184,-366,-325,-161,-477,39
2026-07-02T20:14:48.374,8.920448,FRAME,10054,26185,-360,-335,-196,-460,39
2026-07-02T20:14:48.375,8.921332,FRAME,10055,26186,-332,-302,-198,-477,39
2026-07-02T20:14:48.375,8.922132,FRAME,10056,26187,-329,-251,-181,-470,39
2026-07-02T20:14:48.376,8.922760,FRAME,10057,26188,-345,-269,-171,-426,39
2026-07-02T20:14:48.377,8.923410,FRAME,10058,26189,-354,-278,-228,-469,39
2026-07-02T20:14:48.377,8.924127,FRAME,10059,26190,-361,-304,-195,-491,39
2026-07-02T20:14:48.378,8.924769,FRAME,10060,26191,-366,-322,-219,-474,39
2026-07-02T20:14:48.379,8.925418,FRAME,10061,26192,-388,-310,-222,-481,39
2026-07-02T20:14:48.379,8.926099,FRAME,10062,26193,-359,-307,-219,-465,39
2026-07-02T20:14:48.380,8.926754,FRAME,10063,26194,-344,-280,-199,-504,39
2026-07-02T20:14:48.381,8.927423,FRAME,10064,26195,-303,-316,-178,-482,39
2026-07-02T20:14:48.381,8.928099,FRAME,10065,26196,-351,-352,-252,-501,39
2026-07-02T20:14:48.382,8.928744,FRAME,10066,26197,-320,-327,-210,-517,39
2026-07-02T20:14:48.383,8.929386,FRAME,10067,26198,-318,-293,-155,-498,39
2026-07-02T20:14:48.383,8.930082,FRAME,10068,26199,-338,-281,-184,-503,39
2026-07-02T20:14:48.384,8.930742,FRAME,10069,26200,-292,-322,-203,-473,39
2026-07-02T20:14:48.385,8.931390,FRAME,10070,26201,-304,-305,-212,-483,39
2026-07-02T20:14:48.385,8.932062,FRAME,10071,26202,-326,-258,-167,-509,39
2026-07-02T20:14:48.386,8.932706,FRAME,10072,26203,-324,-277,-165,-491,39
2026-07-02T20:14:48.387,8.933355,FRAME,10073,26204,-359,-289,-154,-444,39
2026-07-02T20:14:48.387,8.934034,FRAME,10074,26205,-267,-303,-173,-501,39
2026-07-02T20:14:48.388,8.934658,FRAME,10075,26206,-291,-266,-166,-480,39
2026-07-02T20:14:48.389,8.935345,FRAME,10076,26207,-241,-243,-120,-463,39
2026-07-02T20:14:48.389,8.936016,FRAME,10077,26208,-255,-261,-128,-461,39
2026-07-02T20:14:48.390,8.936622,FRAME,10078,26209,-213,-228,-149,-418,39
2026-07-02T20:14:48.391,8.937286,FRAME,10079,26210,-215,-203,-105,-443,39
2026-07-02T20:14:48.391,8.937937,FRAME,10080,26211,-197,-242,-105,-465,39
2026-07-02T20:14:48.392,8.938554,FRAME,10081,26212,-178,-238,-102,-479,39
2026-07-02T20:14:48.393,8.939215,FRAME,10082,26213,-101,-190,-71,-471,38
2026-07-02T20:14:48.393,8.939854,FRAME,10083,26214,-161,-228,-114,-412,39
2026-07-02T20:14:48.394,8.940531,FRAME,10084,26215,-131,-206,-131,-448,39
2026-07-02T20:14:48.395,8.941226,FRAME,10085,26216,-102,-195,-120,-446,39
2026-07-02T20:14:48.395,8.941881,FRAME,10086,26217,-104,-214,-118,-439,39
2026-07-02T20:14:48.396,8.942510,FRAME,10087,26218,-147,-216,-149,-465,39
2026-07-02T20:14:48.396,8.943185,FRAME,10088,26219,-133,-197,-111,-466,39
2026-07-02T20:14:48.397,8.943828,FRAME,10089,26220,-115,-230,-115,-474,39
2026-07-02T20:14:48.398,8.944469,FRAME,10090,26221,-137,-178,-152,-451,39
2026-07-02T20:14:48.398,8.945134,FRAME,10091,26222,-151,-165,-140,-439,39
2026-07-02T20:14:48.399,8.945773,FRAME,10092,26223,-171,-195,-100,-410,39
2026-07-02T20:14:48.400,8.946424,FRAME,10093,26224,-76,-145,-63,-412,37
2026-07-02T20:14:48.400,8.947101,FRAME,10094,26225,-98,-154,-72,-373,37
2026-07-02T20:14:48.401,8.947993,FRAME,10095,26226,-69,-140,-48,-367,37
2026-07-02T20:14:48.402,8.948566,FRAME,10096,26227,-70,-118,-46,-394,37
2026-07-02T20:14:48.402,8.949187,FRAME,10097,26228,-28,-103,-41,-426,37
2026-07-02T20:14:48.403,8.949784,FRAME,10098,26229,-47,-105,-77,-438,37
2026-07-02T20:14:48.404,8.950392,FRAME,10099,26230,-27,-120,-64,-427,37
2026-07-02T20:14:48.404,8.951043,FRAME,10100,26231,-39,-120,-90,-432,37
2026-07-02T20:14:48.405,8.951674,FRAME,10101,26232,-44,-137,-100,-436,38
2026-07-02T20:14:48.406,8.952299,FRAME,10102,26233,-47,-169,-83,-415,37
2026-07-02T20:14:48.406,8.952931,FRAME,10103,26234,-49,-154,-152,-450,38
2026-07-02T20:14:48.407,8.953548,FRAME,10104,26235,-124,-187,-160,-430,39
2026-07-02T20:14:48.408,8.954200,FRAME,10105,26236,-74,-215,-200,-426,38
2026-07-02T20:14:48.408,8.954833,FRAME,10106,26237,-122,-229,-128,-416,39
2026-07-02T20:14:48.409,8.955462,FRAME,10107,26238,-182,-242,-143,-467,39
2026-07-02T20:14:48.409,8.956168,FRAME,10108,26239,-232,-244,-148,-402,39
2026-07-02T20:14:48.410,8.956811,FRAME,10109,26240,-197,-210,-172,-437,39
2026-07-02T20:14:48.411,8.957460,FRAME,10110,26241,-176,-247,-141,-461,39
2026-07-02T20:14:48.411,8.958135,FRAME,10111,26242,-200,-214,-152,-430,39
2026-07-02T20:14:48.412,8.958774,FRAME,10112,26243,-187,-241,-201,-409,39
2026-07-02T20:14:48.413,8.959418,FRAME,10113,26244,-215,-231,-216,-465,39
2026-07-02T20:14:48.414,8.960265,FRAME,10114,26245,-237,-251,-182,-423,39
2026-07-02T20:14:48.414,8.961022,FRAME,10115,26246,-197,-267,-195,-439,39
2026-07-02T20:14:48.415,8.961628,FRAME,10116,26247,-202,-266,-181,-474,39
2026-07-02T20:14:48.416,8.962322,FRAME,10117,26248,-227,-263,-164,-497,39
2026-07-02T20:14:48.416,8.962974,FRAME,10118,26249,-227,-305,-211,-497,39
2026-07-02T20:14:48.417,8.963588,FRAME,10119,26250,-193,-325,-218,-463,39
2026-07-02T20:14:48.418,8.964250,FRAME,10120,26251,-244,-324,-235,-454,39
2026-07-02T20:14:48.418,8.964897,FRAME,10121,26252,-250,-328,-232,-467,39
2026-07-02T20:14:48.419,8.965520,FRAME,10122,26253,-244,-336,-235,-464,39
2026-07-02T20:14:48.419,8.966188,FRAME,10123,26254,-290,-375,-223,-473,39
2026-07-02T20:14:48.420,8.966825,FRAME,10124,26255,-311,-356,-240,-472,39
2026-07-02T20:14:48.421,8.967939,FRAME,10125,26256,-302,-389,-266,-467,39
2026-07-02T20:14:48.422,8.968678,FRAME,10126,26257,-318,-374,-223,-469,39
2026-07-02T20:14:48.423,8.969618,FRAME,10127,26258,-334,-306,-242,-487,39
2026-07-02T20:14:48.424,8.970574,FRAME,10128,26259,-318,-339,-241,-420,39
2026-07-02T20:14:48.425,8.971525,FRAME,10129,26260,-294,-356,-219,-420,39
2026-07-02T20:14:48.426,8.972494,FRAME,10130,26261,-223,-306,-191,-382,39
2026-07-02T20:14:48.427,8.973616,FRAME,10131,26262,-233,-306,-189,-441,39
2026-07-02T20:14:48.428,8.974578,FRAME,10132,26263,-210,-270,-170,-416,39
2026-07-02T20:14:48.429,8.975511,FRAME,10133,26264,-152,-270,-158,-451,39
2026-07-02T20:14:48.430,8.976455,FRAME,10134,26265,-143,-235,-135,-418,39
2026-07-02T20:14:48.431,8.977404,FRAME,10135,26266,-149,-253,-91,-467,38
2026-07-02T20:14:48.460,9.006524,FRAME,10136,26267,-169,-251,-140,-454,39
2026-07-02T20:14:48.461,9.007510,FRAME,10137,26268,-156,-242,-187,-425,39
2026-07-02T20:14:48.462,9.008383,FRAME,10138,26269,-224,-271,-152,-460,39
2026-07-02T20:14:48.462,9.009162,FRAME,10139,26270,-264,-252,-187,-484,39
2026-07-02T20:14:48.463,9.009794,FRAME,10140,26271,-246,-240,-189,-433,39
2026-07-02T20:14:48.464,9.010464,FRAME,10141,26272,-224,-218,-207,-442,39
2026-07-02T20:14:48.464,9.011127,FRAME,10142,26273,-260,-196,-176,-419,39
2026-07-02T20:14:48.465,9.011759,FRAME,10143,26274,-292,-222,-154,-429,39
2026-07-02T20:14:48.466,9.012447,FRAME,10144,26275,-262,-152,-132,-471,39
2026-07-02T20:14:48.466,9.013138,FRAME,10145,26276,-273,-176,-127,-423,39
2026-07-02T20:14:48.467,9.013762,FRAME,10146,26277,-232,-156,-124,-461,39
2026-07-02T20:14:48.468,9.014484,FRAME,10147,26278,-175,-168,-125,-428,39
2026-07-02T20:14:48.469,9.015207,FRAME,10148,26279,-179,-162,-101,-446,39
2026-07-02T20:14:48.469,9.015853,FRAME,10149,26280,-179,-152,-126,-436,39
2026-07-02T20:14:48.470,9.016474,FRAME,10150,26281,-154,-110,-86,-461,38
2026-07-02T20:14:48.470,9.017138,FRAME,10151,26282,-157,-121,-92,-452,38
2026-07-02T20:14:48.471,9.017777,FRAME,10152,26283,-121,-147,-139,-440,39
2026-07-02T20:14:48.472,9.018405,FRAME,10153,26284,-108,-155,-99,-440,38
2026-07-02T20:14:48.472,9.019062,FRAME,10154,26285,-87,-146,-136,-437,38
2026-07-02T20:14:48.473,9.019714,FRAME,10155,26286,-105,-101,-96,-458,38
2026-07-02T20:14:48.474,9.020380,FRAME,10156,26287,-139,-107,-134,-419,39
2026-07-02T20:14:48.474,9.021064,FRAME,10157,26288,-159,-115,-112,-414,39
2026-07-02T20:14:48.475,9.021961,FRAME,10158,26289,-124,-144,-143,-415,39
2026-07-02T20:14:48.476,9.022633,FRAME,10159,26290,-138,-127,-137,-431,39
2026-07-02T20:14:48.477,9.023329,FRAME,10160,26291,-164,-107,-111,-431,39
2026-07-02T20:14:48.477,9.024012,FRAME,10161,26292,-164,-108,-83,-399,38
2026-07-02T20:14:48.478,9.024595,FRAME,10162,26293,-108,-97,-80,-398,37
2026-07-02T20:14:48.479,9.025246,FRAME,10163,26294,-131,-94,-94,-439,37
2026-07-02T20:14:48.479,9.025869,FRAME,10164,26295,-94,-66,-100,-402,37
2026-07-02T20:14:48.480,9.026512,FRAME,10165,26296,-29,-108,-90,-427,37
2026-07-02T20:14:48.480,9.027180,FRAME,10166,26297,-80,-110,-108,-391,38
2026-07-02T20:14:48.481,9.027777,FRAME,10167,26298,-54,-94,-63,-412,36
2026-07-02T20:14:48.482,9.028376,FRAME,10168,26299,-61,-105,-87,-448,37
2026-07-02T20:14:48.482,9.029027,FRAME,10169,26300,-64,-133,-103,-435,38
2026-07-02T20:14:48.483,9.029618,FRAME,10170,26301,-76,-97,-83,-463,36
2026-07-02T20:14:48.484,9.030246,FRAME,10171,26302,-84,-72,-50,-440,36
2026-07-02T20:14:48.484,9.030903,FRAME,10172,26303,-102,-132,-100,-411,39
2026-07-02T20:14:48.485,9.031549,FRAME,10173,26304,-137,-120,-88,-442,38
2026-07-02T20:14:48.486,9.032214,FRAME,10174,26305,-130,-103,-120,-429,39
2026-07-02T20:14:48.486,9.032855,FRAME,10175,26306,-92,-181,-117,-441,38
2026-07-02T20:14:48.487,9.033480,FRAME,10176,26307,-99,-139,-110,-443,38
2026-07-02T20:14:48.487,9.034134,FRAME,10177,26308,-94,-157,-139,-452,38
2026-07-02T20:14:48.488,9.034777,FRAME,10178,26309,-168,-145,-129,-451,39
2026-07-02T20:14:48.489,9.035414,FRAME,10179,26310,-172,-202,-151,-441,39
2026-07-02T20:14:48.489,9.036121,FRAME,10180,26311,-206,-206,-162,-442,39
2026-07-02T20:14:48.490,9.036789,FRAME,10181,26312,-179,-213,-198,-404,39
2026-07-02T20:14:48.491,9.037438,FRAME,10182,26313,-226,-254,-168,-481,39
2026-07-02T20:14:48.491,9.038123,FRAME,10183,26314,-222,-222,-207,-450,39
2026-07-02T20:14:48.492,9.039000,FRAME,10184,26315,-204,-264,-211,-483,39
2026-07-02T20:14:48.493,9.039642,FRAME,10185,26316,-238,-284,-222,-491,39
2026-07-02T20:14:48.494,9.040313,FRAME,10186,26317,-270,-315,-186,-464,39
2026-07-02T20:14:48.494,9.040990,FRAME,10187,26318,-242,-294,-199,-485,39
2026-07-02T20:14:48.495,9.041605,FRAME,10188,26319,-261,-317,-236,-490,39
2026-07-02T20:14:48.496,9.042311,FRAME,10189,26320,-329,-348,-217,-453,39
2026-07-02T20:14:48.496,9.042989,FRAME,10190,26321,-341,-307,-233,-481,39
2026-07-02T20:14:48.497,9.043593,FRAME,10191,26322,-394,-335,-238,-438,39
2026-07-02T20:14:48.498,9.044257,FRAME,10192,26323,-416,-392,-262,-480,39
2026-07-02T20:14:48.498,9.044901,FRAME,10193,26324,-357,-381,-232,-417,39
2026-07-02T20:14:48.499,9.045532,FRAME,10194,26325,-399,-390,-283,-437,39
2026-07-02T20:14:48.500,9.046220,FRAME,10195,26326,-378,-372,-229,-473,39
2026-07-02T20:14:48.501,9.047256,FRAME,10196,26327,-414,-382,-273,-454,39
2026-07-02T20:14:48.501,9.047909,FRAME,10197,26328,-405,-332,-284,-477,39
2026-07-02T20:14:48.502,9.048846,FRAME,10198,26329,-393,-384,-298,-494,39
2026-07-02T20:14:48.503,9.049797,FRAME,10199,26330,-375,-412,-271,-499,39
2026-07-02T20:14:48.504,9.050741,FRAME,10200,26331,-412,-406,-280,-506,39
2026-07-02T20:14:48.505,9.051700,FRAME,10201,26332,-367,-350,-256,-508,39
2026-07-02T20:14:48.506,9.052667,FRAME,10202,26333,-432,-390,-310,-478,39
2026-07-02T20:14:48.507,9.053606,FRAME,10203,26334,-361,-383,-270,-501,39
2026-07-02T20:14:48.508,9.054617,FRAME,10204,26335,-346,-374,-254,-456,39
2026-07-02T20:14:48.509,9.055524,FRAME,10205,26336,-310,-348,-240,-445,39
2026-07-02T20:14:48.510,9.056371,FRAME,10206,26337,-331,-365,-238,-465,39
2026-07-02T20:14:48.510,9.057080,FRAME,10207,26338,-360,-350,-213,-460,39
2026-07-02T20:14:48.511,9.058039,FRAME,10208,26339,-301,-358,-220,-433,39
2026-07-02T20:14:48.512,9.059196,FRAME,10209,26340,-280,-311,-212,-504,39
2026-07-02T20:14:48.514,9.060346,FRAME,10210,26341,-305,-337,-218,-463,39
2026-07-02T20:14:48.515,9.061208,FRAME,10211,26342,-276,-298,-191,-459,39
2026-07-02T20:14:48.515,9.062021,FRAME,10212,26343,-346,-366,-222,-431,39
2026-07-02T20:14:48.516,9.062792,FRAME,10213,26344,-313,-352,-200,-459,39
2026-07-02T20:14:48.517,9.063688,FRAME,10214,26345,-310,-339,-240,-490,39
2026-07-02T20:14:48.518,9.064619,FRAME,10215,26346,-330,-339,-221,-515,39
2026-07-02T20:14:48.519,9.065277,FRAME,10216,26347,-335,-352,-233,-483,39
2026-07-02T20:14:48.519,9.066040,FRAME,10217,26348,-373,-315,-263,-515,39
2026-07-02T20:14:48.520,9.066762,FRAME,10218,26349,-336,-340,-262,-502,39
2026-07-02T20:14:48.521,9.067573,FRAME,10219,26350,-338,-369,-274,-542,39
2026-07-02T20:14:48.522,9.068641,FRAME,10220,26351,-298,-377,-261,-511,39
2026-07-02T20:14:48.523,9.069606,FRAME,10221,26352,-319,-358,-274,-505,39
2026-07-02T20:14:48.524,9.070554,FRAME,10222,26353,-297,-345,-275,-491,39
2026-07-02T20:14:48.525,9.071498,FRAME,10223,26354,-284,-314,-285,-477,39
2026-07-02T20:14:48.526,9.072625,FRAME,10224,26355,-322,-352,-253,-512,39
2026-07-02T20:14:48.527,9.073598,FRAME,10225,26356,-298,-330,-245,-479,39
2026-07-02T20:14:48.528,9.074686,FRAME,10226,26357,-266,-325,-273,-440,39
2026-07-02T20:14:48.529,9.075630,FRAME,10227,26358,-252,-290,-207,-465,39
2026-07-02T20:14:48.530,9.076490,FRAME,10228,26359,-237,-263,-174,-438,39
2026-07-02T20:14:48.531,9.077452,FRAME,10229,26360,-216,-232,-158,-455,39
2026-07-02T20:14:48.532,9.078509,FRAME,10230,26361,-174,-215,-157,-419,39
2026-07-02T20:14:48.533,9.079750,FRAME,10231,26362,-178,-258,-164,-467,39
2026-07-02T20:14:48.534,9.081105,FRAME,10232,26363,-175,-257,-157,-468,39
2026-07-02T20:14:48.536,9.082267,FRAME,10233,26364,-135,-211,-129,-434,39
2026-07-02T20:14:48.537,9.083290,FRAME,10234,26365,-94,-142,-90,-434,37
2026-07-02T20:14:48.538,9.084325,FRAME,10235,26366,-66,-160,-105,-392,38
2026-07-02T20:14:48.539,9.085836,FRAME,10236,26367,-30,-161,-84,-439,37
2026-07-02T20:14:48.541,9.087374,FRAME,10237,26368,-14,-129,-94,-407,37
2026-07-02T20:14:48.542,9.088779,FRAME,10238,26369,25,-114,-77,-424,36
2026-07-02T20:14:48.543,9.089962,FRAME,10239,26370,-41,-151,-70,-364,37
2026-07-02T20:14:48.545,9.091532,FRAME,10240,26371,-18,-114,-76,-417,37
2026-07-02T20:14:48.565,9.111441,FRAME,10241,26372,-6,-135,-82,-398,36
2026-07-02T20:14:48.566,9.112297,FRAME,10242,26373,-25,-62,-57,-396,36
2026-07-02T20:14:48.566,9.113134,FRAME,10243,26374,-27,-108,-71,-376,37
2026-07-02T20:14:48.567,9.113958,FRAME,10244,26375,-13,-100,-32,-382,37
2026-07-02T20:14:48.568,9.114507,FRAME,10245,26376,24,-81,-39,-393,35
2026-07-02T20:14:48.568,9.115105,FRAME,10246,26377,-13,-76,-6,-423,35
2026-07-02T20:14:48.569,9.115642,FRAME,10247,26378,62,-37,-3,-382,34
2026-07-02T20:14:48.570,9.116265,FRAME,10248,26379,66,-69,-20,-371,35
2026-07-02T20:14:48.570,9.116818,FRAME,10249,26380,85,-67,1,-419,33
2026-07-02T20:14:48.571,9.117384,FRAME,10250,26381,49,-87,-7,-384,34
2026-07-02T20:14:48.571,9.117996,FRAME,10251,26382,87,-55,-26,-395,35
2026-07-02T20:14:48.572,9.118541,FRAME,10252,26383,49,-52,-23,-399,35
2026-07-02T20:14:48.572,9.119151,FRAME,10253,26384,-3,-88,-40,-433,35
2026-07-02T20:14:48.573,9.119769,FRAME,10254,26385,-44,-113,-74,-407,37
2026-07-02T20:14:48.574,9.120369,FRAME,10255,26386,-36,-98,-69,-430,36
2026-07-02T20:14:48.574,9.121024,FRAME,10256,26387,-114,-98,-111,-442,38
2026-07-02T20:14:48.575,9.121822,FRAME,10257,26388,-117,-185,-57,-407,38
2026-07-02T20:14:48.576,9.122533,FRAME,10258,26389,-184,-143,-83,-422,38
2026-07-02T20:14:48.576,9.123194,FRAME,10259,26390,-157,-166,-130,-426,39
2026-07-02T20:14:48.577,9.123815,FRAME,10260,26391,-202,-232,-168,-399,39
2026-07-02T20:14:48.578,9.124457,FRAME,10261,26392,-219,-200,-125,-437,39
2026-07-02T20:14:48.578,9.125138,FRAME,10262,26393,-238,-194,-140,-435,39
2026-07-02T20:14:48.579,9.125785,FRAME,10263,26394,-227,-242,-157,-470,39
2026-07-02T20:14:48.580,9.126419,FRAME,10264,26395,-260,-227,-169,-474,39
2026-07-02T20:14:48.580,9.127120,FRAME,10265,26396,-274,-252,-201,-467,39
2026-07-02T20:14:48.581,9.127763,FRAME,10266,26397,-255,-258,-221,-526,39
2026-07-02T20:14:48.582,9.128403,FRAME,10267,26398,-243,-251,-195,-470,39
2026-07-02T20:14:48.582,9.129071,FRAME,10268,26399,-260,-233,-217,-515,39
2026-07-02T20:14:48.583,9.129699,FRAME,10269,26400,-280,-274,-225,-514,39
2026-07-02T20:14:48.584,9.130338,FRAME,10270,26401,-264,-313,-183,-481,39
2026-07-02T20:14:48.584,9.131010,FRAME,10271,26402,-262,-281,-197,-481,39
2026-07-02T20:14:48.585,9.131619,FRAME,10272,26403,-309,-297,-264,-475,39
2026-07-02T20:14:48.586,9.132313,FRAME,10273,26404,-391,-363,-263,-506,39
2026-07-02T20:14:48.587,9.133352,FRAME,10274,26405,-378,-350,-264,-471,39
2026-07-02T20:14:48.587,9.134017,FRAME,10275,26406,-405,-371,-266,-481,39
2026-07-02T20:14:48.588,9.134922,FRAME,10276,26407,-386,-321,-262,-483,39
2026-07-02T20:14:48.589,9.135876,FRAME,10277,26408,-362,-357,-309,-496,39
2026-07-02T20:14:48.590,9.136817,FRAME,10278,26409,-411,-343,-264,-519,39
2026-07-02T20:14:48.591,9.137773,FRAME,10279,26410,-402,-301,-261,-512,39
2026-07-02T20:14:48.592,9.138825,FRAME,10280,26411,-396,-336,-321,-513,39
2026-07-02T20:14:48.593,9.139897,FRAME,10281,26412,-417,-383,-305,-499,39
2026-07-02T20:14:48.594,9.140527,FRAME,10282,26413,-443,-316,-277,-469,39
2026-07-02T20:14:48.595,9.141415,FRAME,10283,26414,-391,-308,-246,-508,39
2026-07-02T20:14:48.596,9.142350,FRAME,10284,26415,-380,-272,-249,-495,39
2026-07-02T20:14:48.597,9.143307,FRAME,10285,26416,-334,-275,-226,-509,39
2026-07-02T20:14:48.598,9.144243,FRAME,10286,26417,-336,-267,-201,-506,39
2026-07-02T20:14:48.598,9.145131,FRAME,10287,26418,-276,-285,-195,-503,39
2026-07-02T20:14:48.599,9.146021,FRAME,10288,26419,-318,-267,-211,-478,39
2026-07-02T20:14:48.600,9.146904,FRAME,10289,26420,-297,-253,-185,-482,39
2026-07-02T20:14:48.601,9.147807,FRAME,10290,26421,-336,-277,-192,-503,39
2026-07-02T20:14:48.602,9.148682,FRAME,10291,26422,-341,-309,-208,-472,39
2026-07-02T20:14:48.603,9.149322,FRAME,10292,26423,-368,-260,-263,-460,39
2026-07-02T20:14:48.604,9.150324,FRAME,10293,26424,-378,-287,-247,-495,39
2026-07-02T20:14:48.605,9.151272,FRAME,10294,26425,-383,-351,-239,-473,39
2026-07-02T20:14:48.606,9.152226,FRAME,10295,26426,-399,-313,-241,-477,39
2026-07-02T20:14:48.606,9.153158,FRAME,10296,26427,-418,-301,-223,-477,39
2026-07-02T20:14:48.607,9.154132,FRAME,10297,26428,-419,-313,-263,-494,39
2026-07-02T20:14:48.609,9.155212,FRAME,10298,26429,-437,-344,-265,-487,39
2026-07-02T20:14:48.609,9.156173,FRAME,10299,26430,-414,-368,-218,-469,39
2026-07-02T20:14:48.610,9.157128,FRAME,10300,26431,-367,-286,-214,-499,39
2026-07-02T20:14:48.611,9.158000,FRAME,10301,26432,-376,-278,-185,-505,39
2026-07-02T20:14:48.612,9.158893,FRAME,10302,26433,-399,-284,-205,-483,39
2026-07-02T20:14:48.613,9.159568,FRAME,10303,26434,-347,-252,-206,-494,39
2026-07-02T20:14:48.614,9.160257,FRAME,10304,26435,-384,-253,-215,-511,39
2026-07-02T20:14:48.614,9.160957,FRAME,10305,26436,-358,-246,-184,-452,39
2026-07-02T20:14:48.615,9.161576,FRAME,10306,26437,-349,-229,-164,-462,39
2026-07-02T20:14:48.616,9.162270,FRAME,10307,26438,-355,-243,-160,-458,39
2026-07-02T20:14:48.616,9.162930,FRAME,10308,26439,-324,-211,-171,-476,39
2026-07-02T20:14:48.617,9.163560,FRAME,10309,26440,-342,-288,-162,-425,39
2026-07-02T20:14:48.618,9.164269,FRAME,10310,26441,-299,-232,-155,-440,39
2026-07-02T20:14:48.618,9.164912,FRAME,10311,26442,-332,-263,-152,-423,39
2026-07-02T20:14:48.619,9.165532,FRAME,10312,26443,-360,-236,-172,-415,39
2026-07-02T20:14:48.620,9.166205,FRAME,10313,26444,-322,-201,-178,-460,39
2026-07-02T20:14:48.620,9.166840,FRAME,10314,26445,-255,-185,-152,-458,39
2026-07-02T20:14:48.621,9.167475,FRAME,10315,26446,-251,-206,-141,-460,39
2026-07-02T20:14:48.621,9.168141,FRAME,10316,26447,-229,-154,-172,-435,39
2026-07-02T20:14:48.622,9.168774,FRAME,10317,26448,-220,-184,-164,-407,39
2026-07-02T20:14:48.623,9.169407,FRAME,10318,26449,-197,-171,-136,-418,39
2026-07-02T20:14:48.623,9.170118,FRAME,10319,26450,-180,-185,-155,-470,39
2026-07-02T20:14:48.624,9.170749,FRAME,10320,26451,-176,-168,-132,-458,39
2026-07-02T20:14:48.625,9.171460,FRAME,10321,26452,-200,-198,-184,-463,39
2026-07-02T20:14:48.627,9.173924,FRAME,10322,26453,-258,-225,-192,-448,39
2026-07-02T20:14:48.628,9.174591,FRAME,10323,26454,-247,-256,-202,-477,39
2026-07-02T20:14:48.629,9.175304,FRAME,10324,26455,-285,-246,-223,-456,39
2026-07-02T20:14:48.629,9.175997,FRAME,10325,26456,-323,-224,-214,-471,39
2026-07-02T20:14:48.630,9.176961,FRAME,10326,26457,-324,-261,-224,-471,39
2026-07-02T20:14:48.631,9.177624,FRAME,10327,26458,-324,-274,-238,-446,39
2026-07-02T20:14:48.632,9.178341,FRAME,10328,26459,-372,-297,-239,-444,39
2026-07-02T20:14:48.632,9.179071,FRAME,10329,26460,-349,-293,-294,-466,39
2026-07-02T20:14:48.633,9.179760,FRAME,10330,26461,-334,-267,-197,-466,39
2026-07-02T20:14:48.634,9.180458,FRAME,10331,26462,-295,-261,-156,-473,39
2026-07-02T20:14:48.634,9.181157,FRAME,10332,26463,-217,-223,-156,-429,39
2026-07-02T20:14:48.635,9.181817,FRAME,10333,26464,-239,-193,-186,-464,39
2026-07-02T20:14:48.636,9.182480,FRAME,10334,26465,-228,-205,-108,-443,39
2026-07-02T20:14:48.636,9.183189,FRAME,10335,26466,-184,-191,-146,-448,39
2026-07-02T20:14:48.637,9.183844,FRAME,10336,26467,-215,-222,-162,-471,39
2026-07-02T20:14:48.638,9.184460,FRAME,10337,26468,-185,-192,-105,-477,39
2026-07-02T20:14:48.638,9.185101,FRAME,10338,26469,-209,-234,-144,-493,39
2026-07-02T20:14:48.639,9.185776,FRAME,10339,26470,-223,-216,-159,-435,39
2026-07-02T20:14:48.640,9.186478,FRAME,10340,26471,-243,-179,-143,-463,39
2026-07-02T20:14:48.640,9.187171,FRAME,10341,26472,-230,-192,-145,-402,39
2026-07-02T20:14:48.641,9.187797,FRAME,10342,26473,-182,-196,-203,-439,39
2026-07-02T20:14:48.642,9.188569,FRAME,10343,26474,-264,-253,-168,-439,39
2026-07-02T20:14:48.643,9.189363,FRAME,10344,26475,-271,-206,-192,-477,39
2026-07-02T20:14:48.643,9.190026,FRAME,10345,26476,-261,-260,-215,-462,39
2026-07-02T20:14:48.674,9.220593,FRAME,10346,26477,-301,-252,-188,-436,39
2026-07-02T20:14:48.675,9.221771,FRAME,10347,26478,-304,-235,-229,-470,39
2026-07-02T20:14:48.676,9.222578,FRAME,10348,26479,-277,-280,-189,-482,39
2026-07-02T20:14:48.677,9.223547,FRAME,10349,26480,-318,-270,-226,-500,39
2026-07-02T20:14:48.678,9.224489,FRAME,10350,26481,-275,-295,-207,-503,39
2026-07-02T20:14:48.679,9.225491,FRAME,10351,26482,-280,-260,-187,-483,39
2026-07-02T20:14:48.680,9.226458,FRAME,10352,26483,-291,-292,-222,-495,39
2026-07-02T20:14:48.681,9.227431,FRAME,10353,26484,-292,-241,-186,-485,39
2026-07-02T20:14:48.682,9.228426,FRAME,10354,26485,-293,-280,-206,-497,39
2026-07-02T20:14:48.683,9.229387,FRAME,10355,26486,-328,-233,-227,-490,39
2026-07-02T20:14:48.683,9.230114,FRAME,10356,26487,-338,-346,-221,-461,39
2026-07-02T20:14:48.684,9.231070,FRAME,10357,26488,-369,-350,-204,-470,39
2026-07-02T20:14:48.685,9.231889,FRAME,10358,26489,-382,-308,-217,-517,39
2026-07-02T20:14:48.686,9.232811,FRAME,10359,26490,-365,-287,-199,-465,39
2026-07-02T20:14:48.687,9.233744,FRAME,10360,26491,-396,-336,-199,-508,39
2026-07-02T20:14:48.688,9.234663,FRAME,10361,26492,-378,-310,-228,-485,39
2026-07-02T20:14:48.689,9.235310,FRAME,10362,26493,-398,-326,-225,-490,39
2026-07-02T20:14:48.689,9.236072,FRAME,10363,26494,-379,-334,-214,-494,39
2026-07-02T20:14:48.690,9.237150,FRAME,10364,26495,-350,-294,-250,-510,39
2026-07-02T20:14:48.691,9.238090,FRAME,10365,26496,-351,-340,-227,-505,39
2026-07-02T20:14:48.693,9.239274,FRAME,10366,26497,-410,-305,-239,-478,39
2026-07-02T20:14:48.694,9.240376,FRAME,10367,26498,-335,-294,-204,-498,39
2026-07-02T20:14:48.695,9.241358,FRAME,10368,26499,-366,-274,-243,-574,39
2026-07-02T20:14:48.696,9.242340,FRAME,10369,26500,-324,-251,-226,-499,39
2026-07-02T20:14:48.697,9.243327,FRAME,10370,26501,-268,-251,-212,-505,39
2026-07-02T20:14:48.698,9.244260,FRAME,10371,26502,-284,-238,-218,-497,39
2026-07-02T20:14:48.698,9.245100,FRAME,10372,26503,-293,-227,-209,-500,39
2026-07-02T20:14:48.699,9.245955,FRAME,10373,26504,-241,-183,-219,-458,39
2026-07-02T20:14:48.700,9.246778,FRAME,10374,26505,-249,-197,-150,-465,39
2026-07-02T20:14:48.701,9.247578,FRAME,10375,26506,-260,-208,-174,-465,39
2026-07-02T20:14:48.702,9.248338,FRAME,10376,26507,-258,-236,-203,-439,39
2026-07-02T20:14:48.702,9.249074,FRAME,10377,26508,-257,-230,-204,-479,39
2026-07-02T20:14:48.703,9.249769,FRAME,10378,26509,-296,-224,-227,-448,39
2026-07-02T20:14:48.704,9.250509,FRAME,10379,26510,-328,-240,-233,-491,39
2026-07-02T20:14:48.705,9.251433,FRAME,10380,26511,-314,-306,-263,-491,39
2026-07-02T20:14:48.706,9.252266,FRAME,10381,26512,-320,-298,-261,-502,39
2026-07-02T20:14:48.706,9.253051,FRAME,10382,26513,-316,-264,-261,-515,39
2026-07-02T20:14:48.707,9.253689,FRAME,10383,26514,-297,-302,-251,-486,39
2026-07-02T20:14:48.708,9.254591,FRAME,10384,26515,-284,-269,-205,-517,39
2026-07-02T20:14:48.709,9.256034,FRAME,10385,26516,-276,-248,-209,-499,39
2026-07-02T20:14:48.710,9.257028,FRAME,10386,26517,-295,-227,-199,-538,39
2026-07-02T20:14:48.711,9.258013,FRAME,10387,26518,-297,-272,-221,-479,39
2026-07-02T20:14:48.712,9.259005,FRAME,10388,26519,-297,-259,-203,-524,39
2026-07-02T20:14:48.713,9.259997,FRAME,10389,26520,-284,-239,-208,-524,39
2026-07-02T20:14:48.714,9.261000,FRAME,10390,26521,-321,-222,-224,-512,39
2026-07-02T20:14:48.715,9.262005,FRAME,10391,26522,-296,-227,-200,-490,39
2026-07-02T20:14:48.716,9.262987,FRAME,10392,26523,-274,-195,-203,-493,39
2026-07-02T20:14:48.717,9.263966,FRAME,10393,26524,-268,-212,-179,-461,39
2026-07-02T20:14:48.718,9.264961,FRAME,10394,26525,-236,-213,-168,-446,39
2026-07-02T20:14:48.719,9.265947,FRAME,10395,26526,-166,-171,-175,-419,39
2026-07-02T20:14:48.720,9.266962,FRAME,10396,26527,-170,-155,-176,-434,39
2026-07-02T20:14:48.721,9.267898,FRAME,10397,26528,-142,-139,-103,-424,39
2026-07-02T20:14:48.722,9.268797,FRAME,10398,26529,-138,-108,-158,-468,39
2026-07-02T20:14:48.723,9.269592,FRAME,10399,26530,-193,-181,-118,-434,39
2026-07-02T20:14:48.724,9.270423,FRAME,10400,26531,-120,-145,-137,-472,39
2026-07-02T20:14:48.724,9.271165,FRAME,10401,26532,-143,-169,-126,-476,39
2026-07-02T20:14:48.725,9.271780,FRAME,10402,26533,-114,-102,-122,-485,39
2026-07-02T20:14:48.726,9.272701,FRAME,10403,26534,-113,-126,-111,-465,39
2026-07-02T20:14:48.727,9.273484,FRAME,10404,26535,-112,-118,-125,-422,39
2026-07-02T20:14:48.727,9.274154,FRAME,10405,26536,-127,-123,-133,-417,39
2026-07-02T20:14:48.728,9.274752,FRAME,10406,26537,-71,-88,-130,-443,37
2026-07-02T20:14:48.729,9.275374,FRAME,10407,26538,-78,-86,-122,-434,37
2026-07-02T20:14:48.729,9.276012,FRAME,10408,26539,-37,-69,-100,-425,37
2026-07-02T20:14:48.730,9.276608,FRAME,10409,26540,-47,-62,-114,-387,37
2026-07-02T20:14:48.731,9.277209,FRAME,10410,26541,27,-44,-110,-407,36
2026-07-02T20:14:48.731,9.277761,FRAME,10411,26542,15,-37,-77,-381,35
2026-07-02T20:14:48.732,9.278342,FRAME,10412,26543,74,-19,-44,-355,35
2026-07-02T20:14:48.732,9.278889,FRAME,10413,26544,83,31,-20,-361,34
2026-07-02T20:14:48.733,9.279465,FRAME,10414,26545,106,-15,-37,-412,36
2026-07-02T20:14:48.733,9.280047,FRAME,10415,26546,110,0,-57,-405,34
2026-07-02T20:14:48.734,9.280601,FRAME,10416,26547,141,-29,-23,-407,36
2026-07-02T20:14:48.734,9.281172,FRAME,10417,26548,150,-4,1,-385,33
2026-07-02T20:14:48.735,9.281785,FRAME,10418,26549,136,-2,-10,-393,35
2026-07-02T20:14:48.736,9.282435,FRAME,10419,26550,148,-32,-37,-391,36
2026-07-02T20:14:48.736,9.283026,FRAME,10420,26551,163,-3,-41,-375,35
2026-07-02T20:14:48.737,9.283581,FRAME,10421,26552,108,-33,-25,-378,36
2026-07-02T20:14:48.737,9.284169,FRAME,10422,26553,60,-32,-68,-362,35
2026-07-02T20:14:48.738,9.284746,FRAME,10423,26554,-10,-68,-82,-390,36
2026-07-02T20:14:48.739,9.285312,FRAME,10424,26555,2,-63,-90,-372,34
2026-07-02T20:14:48.739,9.285887,FRAME,10425,26556,-38,-88,-80,-412,36
2026-07-02T20:14:48.740,9.286465,FRAME,10426,26557,-32,-90,-70,-389,36
2026-07-02T20:14:48.740,9.287110,FRAME,10427,26558,-28,-78,-82,-381,36
2026-07-02T20:14:48.741,9.287690,FRAME,10428,26559,-16,-102,-22,-411,37
2026-07-02T20:14:48.742,9.288356,FRAME,10429,26560,-22,-75,-87,-403,36
2026-07-02T20:14:48.743,9.289245,FRAME,10430,26561,-11,-49,-84,-433,36
2026-07-02T20:14:48.743,9.289840,FRAME,10431,26562,-13,-147,-91,-408,37
2026-07-02T20:14:48.744,9.290462,FRAME,10432,26563,-39,-117,-112,-436,38
2026-07-02T20:14:48.744,9.291113,FRAME,10433,26564,-72,-171,-100,-392,38
2026-07-02T20:14:48.745,9.291718,FRAME,10434,26565,-10,-127,-126,-451,38
2026-07-02T20:14:48.746,9.292368,FRAME,10435,26566,-25,-151,-88,-432,37
2026-07-02T20:14:48.746,9.292997,FRAME,10436,26567,-58,-156,-107,-399,38
2026-07-02T20:14:48.747,9.293576,FRAME,10437,26568,-83,-161,-154,-448,38
2026-07-02T20:14:48.748,9.294209,FRAME,10438,26569,-80,-181,-142,-420,38
2026-07-02T20:14:48.748,9.294802,FRAME,10439,26570,-93,-196,-147,-422,38
2026-07-02T20:14:48.749,9.295436,FRAME,10440,26571,-159,-182,-155,-405,39
2026-07-02T20:14:48.749,9.296097,FRAME,10441,26572,-111,-223,-149,-410,39
2026-07-02T20:14:48.750,9.296724,FRAME,10442,26573,-138,-236,-147,-406,39
2026-07-02T20:14:48.751,9.297353,FRAME,10443,26574,-157,-156,-138,-437,39
2026-07-02T20:14:48.751,9.297991,FRAME,10444,26575,-89,-189,-110,-450,38
2026-07-02T20:14:48.752,9.298618,FRAME,10445,26576,-112,-216,-152,-424,39
2026-07-02T20:14:48.753,9.299276,FRAME,10446,26577,-104,-172,-123,-434,39
2026-07-02T20:14:48.753,9.299896,FRAME,10447,26578,-137,-202,-140,-424,39
2026-07-02T20:14:48.754,9.300523,FRAME,10448,26579,-146,-181,-164,-384,39
2026-07-02T20:14:48.754,9.301167,FRAME,10449,26580,-130,-179,-136,-444,39
2026-07-02T20:14:48.755,9.301759,FRAME,10450,26581,-78,-193,-102,-423,38
2026-07-02T20:14:48.756,9.302381,FRAME,10451,26582,-63,-160,-147,-440,38
2026-07-02T20:14:48.781,9.327399,FRAME,10452,26583,-99,-194,-93,-450,37
2026-07-02T20:14:48.782,9.328290,FRAME,10453,26584,-48,-168,-107,-467,38
2026-07-02T20:14:48.782,9.328915,FRAME,10454,26585,-46,-176,-141,-428,38
2026-07-02T20:14:48.783,9.329603,FRAME,10455,26586,-69,-145,-114,-443,38
2026-07-02T20:14:48.784,9.330494,FRAME,10456,26587,-67,-152,-105,-443,38
2026-07-02T20:14:48.785,9.331254,FRAME,10457,26588,-99,-123,-160,-375,38
2026-07-02T20:14:48.785,9.332197,FRAME,10458,26589,-142,-139,-107,-381,39
2026-07-02T20:14:48.786,9.332886,FRAME,10459,26590,-193,-134,-156,-436,39
2026-07-02T20:14:48.787,9.333534,FRAME,10460,26591,-136,-187,-184,-439,39
2026-07-02T20:14:48.787,9.334191,FRAME,10461,26592,-203,-195,-171,-419,39
2026-07-02T20:14:48.788,9.334848,FRAME,10462,26593,-188,-190,-147,-461,39
2026-07-02T20:14:48.789,9.335503,FRAME,10463,26594,-187,-162,-160,-451,39
2026-07-02T20:14:48.789,9.336168,FRAME,10464,26595,-179,-202,-157,-463,39
2026-07-02T20:14:48.790,9.336848,FRAME,10465,26596,-175,-180,-192,-494,39
2026-07-02T20:14:48.791,9.337504,FRAME,10466,26597,-147,-251,-207,-449,39
2026-07-02T20:14:48.791,9.338173,FRAME,10467,26598,-215,-235,-181,-484,39
2026-07-02T20:14:48.792,9.338837,FRAME,10468,26599,-215,-203,-166,-481,39
2026-07-02T20:14:48.793,9.339621,FRAME,10469,26600,-203,-238,-188,-492,39
2026-07-02T20:14:48.794,9.340339,FRAME,10470,26601,-224,-253,-200,-464,39
2026-07-02T20:14:48.794,9.341024,FRAME,10471,26602,-265,-239,-165,-467,39
2026-07-02T20:14:48.795,9.341701,FRAME,10472,26603,-265,-240,-179,-456,39
2026-07-02T20:14:48.796,9.342374,FRAME,10473,26604,-255,-249,-221,-451,39
2026-07-02T20:14:48.796,9.343065,FRAME,10474,26605,-285,-254,-184,-446,39
2026-07-02T20:14:48.797,9.343754,FRAME,10475,26606,-272,-244,-169,-393,39
2026-07-02T20:14:48.798,9.344430,FRAME,10476,26607,-253,-229,-163,-427,39
2026-07-02T20:14:48.798,9.345117,FRAME,10477,26608,-221,-215,-161,-427,39
2026-07-02T20:14:48.799,9.345781,FRAME,10478,26609,-241,-213,-93,-442,38
2026-07-02T20:14:48.800,9.346474,FRAME,10479,26610,-206,-217,-139,-454,39
2026-07-02T20:14:48.800,9.347143,FRAME,10480,26611,-155,-197,-74,-349,38
2026-07-02T20:14:48.801,9.347805,FRAME,10481,26612,-138,-172,-58,-399,38
2026-07-02T20:14:48.802,9.348468,FRAME,10482,26613,-111,-142,-120,-403,39
2026-07-02T20:14:48.802,9.349130,FRAME,10483,26614,-71,-141,-44,-445,37
2026-07-02T20:14:48.803,9.349777,FRAME,10484,26615,-57,-189,-67,-422,37
2026-07-02T20:14:48.804,9.350389,FRAME,10485,26616,36,-145,-76,-448,36
2026-07-02T20:14:48.804,9.351041,FRAME,10486,26617,-47,-132,-46,-371,37
2026-07-02T20:14:48.805,9.351643,FRAME,10487,26618,-39,-143,-7,-412,36
2026-07-02T20:14:48.806,9.352286,FRAME,10488,26619,-19,-133,-19,-427,37
2026-07-02T20:14:48.806,9.352898,FRAME,10489,26620,-1,-60,-23,-374,35
2026-07-02T20:14:48.807,9.353498,FRAME,10490,26621,6,-87,-16,-402,34
2026-07-02T20:14:48.807,9.354139,FRAME,10491,26622,30,-66,-16,-375,35
2026-07-02T20:14:48.808,9.354724,FRAME,10492,26623,50,-93,8,-386,33
2026-07-02T20:14:48.809,9.355397,FRAME,10493,26624,24,-42,8,-341,33
2026-07-02T20:14:48.809,9.356054,FRAME,10494,26625,124,-54,45,-375,35
2026-07-02T20:14:48.810,9.356635,FRAME,10495,26626,51,-35,18,-321,34
2026-07-02T20:14:48.811,9.357257,FRAME,10496,26627,120,-16,33,-342,35
2026-07-02T20:14:48.811,9.357847,FRAME,10497,26628,158,4,42,-346,33
2026-07-02T20:14:48.812,9.358436,FRAME,10498,26629,169,35,50,-403,34
2026-07-02T20:14:48.812,9.359048,FRAME,10499,26630,198,16,64,-364,34
2026-07-02T20:14:48.813,9.359631,FRAME,10500,26631,213,29,53,-379,34
2026-07-02T20:14:48.814,9.360249,FRAME,10501,26632,203,54,46,-406,34
2026-07-02T20:14:48.814,9.360836,FRAME,10502,26633,211,21,78,-368,34
2026-07-02T20:14:48.815,9.361606,FRAME,10503,26634,209,22,104,-373,35
2026-07-02T20:14:48.816,9.362214,FRAME,10504,26635,206,32,50,-352,34
2026-07-02T20:14:48.816,9.362791,FRAME,10505,26636,208,3,36,-370,33
2026-07-02T20:14:48.817,9.363373,FRAME,10506,26637,195,21,38,-406,34
2026-07-02T20:14:48.817,9.363957,FRAME,10507,26638,133,9,60,-342,33
2026-07-02T20:14:48.818,9.364530,FRAME,10508,26639,151,12,35,-355,34
2026-07-02T20:14:48.818,9.365171,FRAME,10509,26640,110,-52,60,-355,35
2026-07-02T20:14:48.819,9.365765,FRAME,10510,26641,120,-8,21,-388,34
2026-07-02T20:14:48.820,9.366334,FRAME,10511,26642,98,-28,2,-395,33
2026-07-02T20:14:48.820,9.366951,FRAME,10512,26643,82,-61,-11,-399,35
2026-07-02T20:14:48.821,9.367543,FRAME,10513,26644,39,-83,-67,-389,35
2026-07-02T20:14:48.821,9.368145,FRAME,10514,26645,0,-74,-11,-394,34
2026-07-02T20:14:48.822,9.368788,FRAME,10515,26646,-30,-118,-63,-414,37
2026-07-02T20:14:48.823,9.369424,FRAME,10516,26647,-61,-143,-88,-441,37
2026-07-02T20:14:48.823,9.370095,FRAME,10517,26648,-103,-137,-99,-434,38
2026-07-02T20:14:48.824,9.370739,FRAME,10518,26649,-79,-149,-79,-425,37
2026-07-02T20:14:48.825,9.371393,FRAME,10519,26650,-118,-167,-139,-475,39
2026-07-02T20:14:48.825,9.372074,FRAME,10520,26651,-153,-234,-146,-491,39
2026-07-02T20:14:48.826,9.372881,FRAME,10521,26652,-183,-212,-126,-480,39
2026-07-02T20:14:48.827,9.373559,FRAME,10522,26653,-188,-219,-160,-487,39
2026-07-02T20:14:48.828,9.374247,FRAME,10523,26654,-254,-219,-158,-467,39
2026-07-02T20:14:48.828,9.374941,FRAME,10524,26655,-311,-209,-250,-444,39
2026-07-02T20:14:48.829,9.375598,FRAME,10525,26656,-290,-267,-188,-471,39
2026-07-02T20:14:48.830,9.376281,FRAME,10526,26657,-263,-247,-193,-457,39
2026-07-02T20:14:48.830,9.376978,FRAME,10527,26658,-331,-267,-243,-484,39
2026-07-02T20:14:48.831,9.377667,FRAME,10528,26659,-318,-254,-207,-483,39
2026-07-02T20:14:48.832,9.378338,FRAME,10529,26660,-300,-313,-229,-472,39
2026-07-02T20:14:48.832,9.379007,FRAME,10530,26661,-327,-283,-231,-444,39
2026-07-02T20:14:48.833,9.379696,FRAME,10531,26662,-322,-294,-233,-502,39
2026-07-02T20:14:48.834,9.380373,FRAME,10532,26663,-331,-330,-236,-506,39
2026-07-02T20:14:48.834,9.381058,FRAME,10533,26664,-327,-307,-281,-533,39
2026-07-02T20:14:48.835,9.381717,FRAME,10534,26665,-345,-300,-290,-510,39
2026-07-02T20:14:48.836,9.382816,FRAME,10535,26666,-322,-330,-218,-485,39
2026-07-02T20:14:48.837,9.383486,FRAME,10536,26667,-316,-348,-239,-525,39
2026-07-02T20:14:48.838,9.384409,FRAME,10537,26668,-317,-335,-270,-506,39
2026-07-02T20:14:48.839,9.385366,FRAME,10538,26669,-387,-386,-323,-494,39
2026-07-02T20:14:48.840,9.386319,FRAME,10539,26670,-444,-381,-320,-471,39
2026-07-02T20:14:48.841,9.387249,FRAME,10540,26671,-406,-395,-284,-487,39
2026-07-02T20:14:48.841,9.388195,FRAME,10541,26672,-387,-389,-284,-492,39
2026-07-02T20:14:48.842,9.389126,FRAME,10542,26673,-400,-339,-282,-456,39
2026-07-02T20:14:48.843,9.389977,FRAME,10543,26674,-297,-304,-264,-446,39
2026-07-02T20:14:48.844,9.390901,FRAME,10544,26675,-317,-323,-260,-467,39
2026-07-02T20:14:48.845,9.391816,FRAME,10545,26676,-321,-277,-254,-460,39
2026-07-02T20:14:48.846,9.392841,FRAME,10546,26677,-251,-260,-244,-458,39
2026-07-02T20:14:48.847,9.393752,FRAME,10547,26678,-266,-308,-263,-488,39
2026-07-02T20:14:48.848,9.394560,FRAME,10548,26679,-345,-345,-267,-468,39
2026-07-02T20:14:48.849,9.395436,FRAME,10549,26680,-288,-315,-261,-469,39
2026-07-02T20:14:48.850,9.396309,FRAME,10550,26681,-339,-329,-259,-471,39
2026-07-02T20:14:48.851,9.397220,FRAME,10551,26682,-344,-316,-275,-511,39
2026-07-02T20:14:48.851,9.397844,FRAME,10552,26683,-351,-376,-289,-528,39
2026-07-02T20:14:48.852,9.398574,FRAME,10553,26684,-371,-323,-271,-514,39
2026-07-02T20:14:48.853,9.399567,FRAME,10554,26685,-372,-362,-296,-491,39
2026-07-02T20:14:48.854,9.400396,FRAME,10555,26686,-379,-380,-268,-515,39
2026-07-02T20:14:48.854,9.401193,FRAME,10556,26687,-388,-365,-304,-502,39
2026-07-02T20:14:48.855,9.401960,FRAME,10557,26688,-374,-422,-298,-514,39
2026-07-02T20:14:48.856,9.402665,FRAME,10558,26689,-406,-383,-331,-464,39
2026-07-02T20:14:48.857,9.403593,FRAME,10559,26690,-402,-373,-293,-468,39
2026-07-02T20:14:48.884,9.430252,FRAME,10560,26691,-367,-376,-268,-477,39
2026-07-02T20:14:48.884,9.431029,FRAME,10561,26692,-401,-329,-280,-480,39
2026-07-02T20:14:48.885,9.431775,FRAME,10562,26693,-353,-308,-266,-452,39
2026-07-02T20:14:48.886,9.432526,FRAME,10563,26694,-287,-305,-233,-504,39
2026-07-02T20:14:48.887,9.433208,FRAME,10564,26695,-279,-319,-236,-453,39
2026-07-02T20:14:48.887,9.433820,FRAME,10565,26696,-250,-315,-210,-440,39
2026-07-02T20:14:48.888,9.434427,FRAME,10566,26697,-233,-292,-190,-463,39
2026-07-02T20:14:48.888,9.435061,FRAME,10567,26698,-225,-268,-176,-461,39
2026-07-02T20:14:48.889,9.435818,FRAME,10568,26699,-192,-281,-176,-478,39
2026-07-02T20:14:48.890,9.436445,FRAME,10569,26700,-216,-297,-177,-491,39
2026-07-02T20:14:48.890,9.437154,FRAME,10570,26701,-216,-283,-209,-489,39
2026-07-02T20:14:48.891,9.437769,FRAME,10571,26702,-248,-305,-218,-487,39
2026-07-02T20:14:48.892,9.438395,FRAME,10572,26703,-279,-268,-222,-463,39
2026-07-02T20:14:48.892,9.439056,FRAME,10573,26704,-277,-322,-203,-465,39
2026-07-02T20:14:48.893,9.439826,FRAME,10574,26705,-247,-308,-294,-463,39
2026-07-02T20:14:48.894,9.440441,FRAME,10575,26706,-287,-341,-234,-461,39
2026-07-02T20:14:48.894,9.441092,FRAME,10576,26707,-293,-350,-177,-500,39
2026-07-02T20:14:48.895,9.441887,FRAME,10577,26708,-273,-315,-181,-436,39
2026-07-02T20:14:48.896,9.442521,FRAME,10578,26709,-301,-328,-207,-470,39
2026-07-02T20:14:48.896,9.443174,FRAME,10579,26710,-272,-327,-182,-475,39
2026-07-02T20:14:48.897,9.443804,FRAME,10580,26711,-279,-333,-185,-459,39
2026-07-02T20:14:48.898,9.444429,FRAME,10581,26712,-226,-301,-176,-445,39
2026-07-02T20:14:48.898,9.445065,FRAME,10582,26713,-223,-301,-174,-467,39
2026-07-02T20:14:48.899,9.445679,FRAME,10583,26714,-203,-254,-152,-483,39
2026-07-02T20:14:48.900,9.446302,FRAME,10584,26715,-173,-254,-144,-473,39
2026-07-02T20:14:48.900,9.446928,FRAME,10585,26716,-149,-209,-148,-484,39
2026-07-02T20:14:48.901,9.447667,FRAME,10586,26717,-156,-252,-184,-448,39
2026-07-02T20:14:48.902,9.448296,FRAME,10587,26718,-195,-260,-176,-437,39
2026-07-02T20:14:48.902,9.448930,FRAME,10588,26719,-179,-261,-200,-454,39
2026-07-02T20:14:48.903,9.449527,FRAME,10589,26720,-225,-256,-155,-456,39
2026-07-02T20:14:48.903,9.450156,FRAME,10590,26721,-209,-300,-209,-460,39
2026-07-02T20:14:48.904,9.450766,FRAME,10591,26722,-234,-275,-205,-442,39
2026-07-02T20:14:48.905,9.451376,FRAME,10592,26723,-264,-295,-191,-456,39
2026-07-02T20:14:48.905,9.452007,FRAME,10593,26724,-277,-297,-226,-442,39
2026-07-02T20:14:48.906,9.452612,FRAME,10594,26725,-294,-327,-176,-477,39
2026-07-02T20:14:48.907,9.453362,FRAME,10595,26726,-325,-327,-248,-481,39
2026-07-02T20:14:48.907,9.453995,FRAME,10596,26727,-360,-326,-222,-475,39
2026-07-02T20:14:48.908,9.454604,FRAME,10597,26728,-372,-347,-220,-464,39
2026-07-02T20:14:48.909,9.455322,FRAME,10598,26729,-363,-351,-250,-457,39
2026-07-02T20:14:48.909,9.456041,FRAME,10599,26730,-384,-366,-239,-492,39
2026-07-02T20:14:48.910,9.456681,FRAME,10600,26731,-342,-402,-254,-521,39
2026-07-02T20:14:48.911,9.457313,FRAME,10601,26732,-376,-376,-291,-517,39
2026-07-02T20:14:48.911,9.457987,FRAME,10602,26733,-427,-388,-252,-494,39
2026-07-02T20:14:48.912,9.458759,FRAME,10603,26734,-389,-371,-299,-546,39
2026-07-02T20:14:48.913,9.459390,FRAME,10604,26735,-432,-402,-259,-535,39
2026-07-02T20:14:48.913,9.460022,FRAME,10605,26736,-455,-420,-315,-542,39
2026-07-02T20:14:48.914,9.460624,FRAME,10606,26737,-493,-422,-331,-522,39
2026-07-02T20:14:48.915,9.461585,FRAME,10607,26738,-502,-434,-363,-526,39
2026-07-02T20:14:48.916,9.462287,FRAME,10608,26739,-515,-435,-314,-523,39
2026-07-02T20:14:48.916,9.463176,FRAME,10609,26740,-470,-460,-329,-523,39
2026-07-02T20:14:48.917,9.464115,FRAME,10610,26741,-505,-403,-316,-507,39
2026-07-02T20:14:48.918,9.465045,FRAME,10611,26742,-529,-470,-319,-501,39
2026-07-02T20:14:48.919,9.465979,FRAME,10612,26743,-517,-460,-361,-527,39
2026-07-02T20:14:48.920,9.466900,FRAME,10613,26744,-547,-419,-358,-478,39
2026-07-02T20:14:48.921,9.467822,FRAME,10614,26745,-502,-461,-358,-511,39
2026-07-02T20:14:48.922,9.468739,FRAME,10615,26746,-541,-457,-312,-491,39
2026-07-02T20:14:48.923,9.469575,FRAME,10616,26747,-520,-441,-327,-518,39
2026-07-02T20:14:48.924,9.470524,FRAME,10617,26748,-491,-478,-297,-555,39
2026-07-02T20:14:48.925,9.471461,FRAME,10618,26749,-417,-444,-331,-555,39
2026-07-02T20:14:48.926,9.472409,FRAME,10619,26750,-449,-443,-312,-523,39
2026-07-02T20:14:48.927,9.473467,FRAME,10620,26751,-415,-398,-296,-513,39
2026-07-02T20:14:48.928,9.474457,FRAME,10621,26752,-383,-380,-268,-528,39
2026-07-02T20:14:48.928,9.475197,FRAME,10622,26753,-355,-388,-266,-512,39
2026-07-02T20:14:48.929,9.476057,FRAME,10623,26754,-345,-388,-242,-514,39
2026-07-02T20:14:48.930,9.476974,FRAME,10624,26755,-378,-344,-248,-473,39
2026-07-02T20:14:48.931,9.477674,FRAME,10625,26756,-381,-393,-239,-478,39
2026-07-02T20:14:48.932,9.478351,FRAME,10626,26757,-365,-369,-263,-476,39
2026-07-02T20:14:48.933,9.479204,FRAME,10627,26758,-392,-345,-260,-473,39
2026-07-02T20:14:48.934,9.480295,FRAME,10628,26759,-408,-366,-247,-487,39
2026-07-02T20:14:48.935,9.481231,FRAME,10629,26760,-423,-363,-271,-502,39
2026-07-02T20:14:48.935,9.482176,FRAME,10630,26761,-391,-412,-308,-513,39
2026-07-02T20:14:48.936,9.483094,FRAME,10631,26762,-430,-389,-273,-482,39
2026-07-02T20:14:48.937,9.484033,FRAME,10632,26763,-388,-380,-289,-500,39
2026-07-02T20:14:48.938,9.484948,FRAME,10633,26764,-403,-347,-285,-525,39
2026-07-02T20:14:48.939,9.485970,FRAME,10634,26765,-378,-340,-290,-512,39
2026-07-02T20:14:48.940,9.486906,FRAME,10635,26766,-363,-341,-293,-497,39
2026-07-02T20:14:48.941,9.487740,FRAME,10636,26767,-376,-366,-251,-459,39
2026-07-02T20:14:48.942,9.488547,FRAME,10637,26768,-388,-361,-242,-463,39
2026-07-02T20:14:48.943,9.489403,FRAME,10638,26769,-368,-320,-249,-493,39
2026-07-02T20:14:48.944,9.490243,FRAME,10639,26770,-411,-288,-268,-465,39
2026-07-02T20:14:48.944,9.491181,FRAME,10640,26771,-395,-289,-257,-501,39
2026-07-02T20:14:48.945,9.491991,FRAME,10641,26772,-358,-335,-252,-467,39
2026-07-02T20:14:48.946,9.492909,FRAME,10642,26773,-348,-321,-227,-457,39
2026-07-02T20:14:48.947,9.493523,FRAME,10643,26774,-308,-269,-221,-458,39
2026-07-02T20:14:48.947,9.494167,FRAME,10644,26775,-331,-285,-193,-450,39
2026-07-02T20:14:48.948,9.494792,FRAME,10645,26776,-303,-245,-168,-450,39
2026-07-02T20:14:48.949,9.495432,FRAME,10646,26777,-252,-212,-165,-451,39
2026-07-02T20:14:48.949,9.496068,FRAME,10647,26778,-212,-197,-145,-416,39
2026-07-02T20:14:48.950,9.496706,FRAME,10648,26779,-194,-205,-183,-398,39
2026-07-02T20:14:48.951,9.497342,FRAME,10649,26780,-136,-199,-141,-455,39
2026-07-02T20:14:48.951,9.497975,FRAME,10650,26781,-127,-181,-135,-394,39
2026-07-02T20:14:48.952,9.498587,FRAME,10651,26782,-101,-165,-144,-414,39
2026-07-02T20:14:48.952,9.499188,FRAME,10652,26783,-72,-144,-99,-440,37
2026-07-02T20:14:48.953,9.499938,FRAME,10653,26784,-57,-114,-131,-374,38
2026-07-02T20:14:48.954,9.500520,FRAME,10654,26785,-27,-95,-74,-363,36
2026-07-02T20:14:48.954,9.501129,FRAME,10655,26786,-36,-120,-67,-423,37
2026-07-02T20:14:48.955,9.501719,FRAME,10656,26787,-40,-84,-110,-410,37
2026-07-02T20:14:48.956,9.502331,FRAME,10657,26788,-58,-105,-138,-383,38
2026-07-02T20:14:48.956,9.502938,FRAME,10658,26789,-29,-127,-90,-404,37
2026-07-02T20:14:48.957,9.503535,FRAME,10659,26790,-32,-27,-87,-396,36
2026-07-02T20:14:48.957,9.504150,FRAME,10660,26791,-32,-71,-104,-368,37
2026-07-02T20:14:48.958,9.504705,FRAME,10661,26792,7,-54,-98,-414,34
2026-07-02T20:14:48.959,9.505255,FRAME,10662,26793,9,-88,-75,-351,34
2026-07-02T20:14:48.959,9.505905,FRAME,10663,26794,-57,-29,-87,-373,36
2026-07-02T20:14:48.960,9.506603,FRAME,10664,26795,-64,-61,-39,-399,36
2026-07-02T20:14:48.988,9.535180,FRAME,10665,26796,9,-59,-101,-429,35
2026-07-02T20:14:48.989,9.535877,FRAME,10666,26797,23,-49,-14,-421,35
2026-07-02T20:14:48.990,9.536486,FRAME,10667,26798,6,-47,-54,-405,34
2026-07-02T20:14:48.990,9.537124,FRAME,10668,26799,34,-76,-88,-409,35
2026-07-02T20:14:48.991,9.537766,FRAME,10669,26800,-13,-81,-83,-475,36
2026-07-02T20:14:48.992,9.538361,FRAME,10670,26801,-17,-63,-92,-423,36
2026-07-02T20:14:48.992,9.538954,FRAME,10671,26802,-35,-86,-93,-412,36
2026-07-02T20:14:48.993,9.539740,FRAME,10672,26803,-108,-147,-131,-444,39
2026-07-02T20:14:48.994,9.540352,FRAME,10673,26804,-143,-124,-155,-407,39
2026-07-02T20:14:48.994,9.540997,FRAME,10674,26805,-164,-128,-129,-415,39
2026-07-02T20:14:48.995,9.541607,FRAME,10675,26806,-176,-173,-151,-437,39
2026-07-02T20:14:48.996,9.542597,FRAME,10676,26807,-180,-135,-242,-423,39
2026-07-02T20:14:48.997,9.543392,FRAME,10677,26808,-217,-148,-139,-450,39
2026-07-02T20:14:48.998,9.544288,FRAME,10678,26809,-222,-191,-144,-414,39
2026-07-02T20:14:48.999,9.545239,FRAME,10679,26810,-218,-174,-148,-451,39
2026-07-02T20:14:48.999,9.546175,FRAME,10680,26811,-217,-191,-173,-460,39
2026-07-02T20:14:49.001,9.547374,FRAME,10681,26812,-182,-142,-175,-444,39
2026-07-02T20:14:49.002,9.548346,FRAME,10682,26813,-201,-184,-149,-434,39
2026-07-02T20:14:49.003,9.549305,FRAME,10683,26814,-241,-205,-208,-417,39
2026-07-02T20:14:49.003,9.550169,FRAME,10684,26815,-192,-224,-175,-462,39
2026-07-02T20:14:49.004,9.551030,FRAME,10685,26816,-233,-230,-189,-474,39
2026-07-02T20:14:49.005,9.551965,FRAME,10686,26817,-243,-199,-221,-484,39
2026-07-02T20:14:49.006,9.552891,FRAME,10687,26818,-275,-228,-227,-482,39
2026-07-02T20:14:49.007,9.553806,FRAME,10688,26819,-292,-260,-217,-518,39
2026-07-02T20:14:49.008,9.554734,FRAME,10689,26820,-321,-278,-266,-502,39
2026-07-02T20:14:49.009,9.555487,FRAME,10690,26821,-336,-339,-274,-481,39
2026-07-02T20:14:49.010,9.556350,FRAME,10691,26822,-361,-305,-241,-490,39
2026-07-02T20:14:49.010,9.557155,FRAME,10692,26823,-379,-344,-256,-517,39
2026-07-02T20:14:49.011,9.558070,FRAME,10693,26824,-371,-273,-253,-475,39
2026-07-02T20:14:49.012,9.558953,FRAME,10694,26825,-384,-301,-257,-457,39
2026-07-02T20:14:49.013,9.559575,FRAME,10695,26826,-363,-241,-199,-489,39
2026-07-02T20:14:49.014,9.560563,FRAME,10696,26827,-328,-252,-237,-440,39
2026-07-02T20:14:49.015,9.561437,FRAME,10697,26828,-260,-278,-248,-473,39
2026-07-02T20:14:49.016,9.562371,FRAME,10698,26829,-265,-289,-214,-498,39
2026-07-02T20:14:49.017,9.563297,FRAME,10699,26830,-236,-304,-177,-465,39
2026-07-02T20:14:49.018,9.564224,FRAME,10700,26831,-212,-267,-205,-465,39
2026-07-02T20:14:49.018,9.565145,FRAME,10701,26832,-183,-245,-153,-456,39
2026-07-02T20:14:49.019,9.566118,FRAME,10702,26833,-164,-256,-198,-444,39
2026-07-02T20:14:49.020,9.567058,FRAME,10703,26834,-185,-270,-154,-474,39
2026-07-02T20:14:49.021,9.567997,FRAME,10704,26835,-197,-232,-227,-488,39
2026-07-02T20:14:49.022,9.568818,FRAME,10705,26836,-261,-264,-232,-431,39
2026-07-02T20:14:49.023,9.569523,FRAME,10706,26837,-262,-292,-236,-431,39
2026-07-02T20:14:49.024,9.570369,FRAME,10707,26838,-266,-310,-230,-483,39
2026-07-02T20:14:49.025,9.571232,FRAME,10708,26839,-307,-317,-254,-480,39
2026-07-02T20:14:49.025,9.572107,FRAME,10709,26840,-317,-324,-216,-481,39
2026-07-02T20:14:49.026,9.573068,FRAME,10710,26841,-346,-314,-224,-464,39
2026-07-02T20:14:49.027,9.573925,FRAME,10711,26842,-323,-311,-246,-466,39
2026-07-02T20:14:49.028,9.574823,FRAME,10712,26843,-307,-285,-249,-486,39
2026-07-02T20:14:49.029,9.575678,FRAME,10713,26844,-319,-351,-258,-470,39
2026-07-02T20:14:49.030,9.576409,FRAME,10714,26845,-343,-335,-262,-483,39
2026-07-02T20:14:49.030,9.577101,FRAME,10715,26846,-306,-302,-272,-467,39
2026-07-02T20:14:49.031,9.577896,FRAME,10716,26847,-267,-308,-227,-479,39
2026-07-02T20:14:49.032,9.578597,FRAME,10717,26848,-259,-268,-193,-522,39
2026-07-02T20:14:49.033,9.579389,FRAME,10718,26849,-253,-273,-249,-495,39
2026-07-02T20:14:49.034,9.580265,FRAME,10719,26850,-255,-282,-225,-481,39
2026-07-02T20:14:49.034,9.581023,FRAME,10720,26851,-246,-274,-224,-472,39
2026-07-02T20:14:49.035,9.581640,FRAME,10721,26852,-240,-261,-183,-487,39
2026-07-02T20:14:49.036,9.582281,FRAME,10722,26853,-228,-295,-203,-456,39
2026-07-02T20:14:49.036,9.582933,FRAME,10723,26854,-269,-290,-214,-441,39
2026-07-02T20:14:49.037,9.583548,FRAME,10724,26855,-287,-255,-151,-473,39
2026-07-02T20:14:49.037,9.584192,FRAME,10725,26856,-287,-264,-166,-476,39
2026-07-02T20:14:49.038,9.584817,FRAME,10726,26857,-234,-204,-161,-475,39
2026-07-02T20:14:49.039,9.585443,FRAME,10727,26858,-227,-240,-162,-465,39
2026-07-02T20:14:49.039,9.586094,FRAME,10728,26859,-243,-251,-167,-448,39
2026-07-02T20:14:49.040,9.586782,FRAME,10729,26860,-188,-218,-157,-483,39
2026-07-02T20:14:49.041,9.587407,FRAME,10730,26861,-195,-213,-179,-446,39
2026-07-02T20:14:49.041,9.588047,FRAME,10731,26862,-202,-196,-160,-422,39
2026-07-02T20:14:49.042,9.588684,FRAME,10732,26863,-143,-217,-112,-470,39
2026-07-02T20:14:49.043,9.589457,FRAME,10733,26864,-163,-198,-118,-457,39
2026-07-02T20:14:49.043,9.590095,FRAME,10734,26865,-121,-192,-173,-468,39
2026-07-02T20:14:49.044,9.590705,FRAME,10735,26866,-78,-156,-127,-494,38
2026-07-02T20:14:49.045,9.591310,FRAME,10736,26867,-83,-208,-60,-457,37
2026-07-02T20:14:49.045,9.591949,FRAME,10737,26868,-104,-152,-116,-504,39
2026-07-02T20:14:49.046,9.592559,FRAME,10738,26869,-179,-175,-156,-431,39
2026-07-02T20:14:49.046,9.593188,FRAME,10739,26870,-147,-162,-111,-431,39
2026-07-02T20:14:49.047,9.593797,FRAME,10740,26871,-155,-119,-110,-453,39
2026-07-02T20:14:49.048,9.594390,FRAME,10741,26872,-139,-158,-92,-464,38
2026-07-02T20:14:49.048,9.595004,FRAME,10742,26873,-154,-197,-93,-433,38
2026-07-02T20:14:49.049,9.595603,FRAME,10743,26874,-127,-158,-137,-459,39
2026-07-02T20:14:49.050,9.596236,FRAME,10744,26875,-166,-149,-141,-395,39
2026-07-02T20:14:49.050,9.596850,FRAME,10745,26876,-160,-147,-151,-460,39
2026-07-02T20:14:49.051,9.597466,FRAME,10746,26877,-148,-136,-125,-432,39
2026-07-02T20:14:49.051,9.598104,FRAME,10747,26878,-154,-160,-130,-416,39
2026-07-02T20:14:49.052,9.598739,FRAME,10748,26879,-149,-140,-132,-424,39
2026-07-02T20:14:49.053,9.599346,FRAME,10749,26880,-147,-189,-115,-458,39
2026-07-02T20:14:49.053,9.600063,FRAME,10750,26881,-103,-197,-144,-458,39
2026-07-02T20:14:49.054,9.600683,FRAME,10751,26882,-155,-206,-158,-488,39
2026-07-02T20:14:49.055,9.601291,FRAME,10752,26883,-185,-214,-227,-471,39
2026-07-02T20:14:49.055,9.601917,FRAME,10753,26884,-191,-272,-219,-524,39
2026-07-02T20:14:49.056,9.602534,FRAME,10754,26885,-254,-239,-275,-489,39
2026-07-02T20:14:49.056,9.603153,FRAME,10755,26886,-300,-304,-222,-513,39
2026-07-02T20:14:49.057,9.603791,FRAME,10756,26887,-344,-303,-266,-502,39
2026-07-02T20:14:49.058,9.604394,FRAME,10757,26888,-342,-326,-263,-473,39
2026-07-02T20:14:49.058,9.605016,FRAME,10758,26889,-376,-315,-253,-502,39
2026-07-02T20:14:49.059,9.605657,FRAME,10759,26890,-393,-319,-228,-477,39
2026-07-02T20:14:49.060,9.606381,FRAME,10760,26891,-389,-268,-245,-471,39
2026-07-02T20:14:49.060,9.607099,FRAME,10761,26892,-453,-329,-274,-440,39
2026-07-02T20:14:49.061,9.607776,FRAME,10762,26893,-449,-333,-285,-487,39
2026-07-02T20:14:49.062,9.608401,FRAME,10763,26894,-427,-334,-305,-497,39
2026-07-02T20:14:49.062,9.609039,FRAME,10764,26895,-449,-358,-290,-515,39
2026-07-02T20:14:49.063,9.609637,FRAME,10765,26896,-447,-332,-269,-488,39
2026-07-02T20:14:49.064,9.610265,FRAME,10766,26897,-444,-337,-280,-538,39
2026-07-02T20:14:49.064,9.610891,FRAME,10767,26898,-427,-379,-329,-528,39
2026-07-02T20:14:49.065,9.611883,FRAME,10768,26899,-448,-359,-308,-502,39
2026-07-02T20:14:49.066,9.612556,FRAME,10769,26900,-468,-374,-340,-515,39
2026-07-02T20:14:49.094,9.640519,FRAME,10770,26901,-481,-365,-322,-525,39
2026-07-02T20:14:49.095,9.641631,FRAME,10771,26902,-482,-392,-343,-497,39
2026-07-02T20:14:49.096,9.642679,FRAME,10772,26903,-507,-387,-308,-532,39
2026-07-02T20:14:49.097,9.643323,FRAME,10773,26904,-511,-395,-323,-553,39
2026-07-02T20:14:49.098,9.644300,FRAME,10774,26905,-544,-383,-340,-524,39
2026-07-02T20:14:49.099,9.645317,FRAME,10775,26906,-566,-412,-326,-522,39
2026-07-02T20:14:49.100,9.646502,FRAME,10776,26907,-512,-371,-325,-526,39
2026-07-02T20:14:49.101,9.647510,FRAME,10777,26908,-511,-427,-336,-517,39
2026-07-02T20:14:49.102,9.648689,FRAME,10778,26909,-474,-405,-347,-508,39
2026-07-02T20:14:49.103,9.649775,FRAME,10779,26910,-473,-371,-295,-497,39
2026-07-02T20:14:49.104,9.650846,FRAME,10780,26911,-404,-322,-295,-503,39
2026-07-02T20:14:49.105,9.651972,FRAME,10781,26912,-385,-325,-261,-484,39
2026-07-02T20:14:49.106,9.652923,FRAME,10782,26913,-341,-299,-263,-475,39
2026-07-02T20:14:49.107,9.654094,FRAME,10783,26914,-282,-290,-261,-487,39
2026-07-02T20:14:49.108,9.654937,FRAME,10784,26915,-242,-266,-245,-457,39
2026-07-02T20:14:49.109,9.655751,FRAME,10785,26916,-235,-263,-234,-480,39
2026-07-02T20:14:49.110,9.656529,FRAME,10786,26917,-255,-254,-223,-498,39
2026-07-02T20:14:49.111,9.657403,FRAME,10787,26918,-274,-269,-238,-487,39
2026-07-02T20:14:49.112,9.658235,FRAME,10788,26919,-323,-248,-278,-469,39
2026-07-02T20:14:49.112,9.659090,FRAME,10789,26920,-319,-290,-314,-496,39
2026-07-02T20:14:49.113,9.659928,FRAME,10790,26921,-324,-313,-290,-512,39
2026-07-02T20:14:49.114,9.660781,FRAME,10791,26922,-391,-352,-305,-502,39
2026-07-02T20:14:49.115,9.661414,FRAME,10792,26923,-423,-358,-266,-496,39
2026-07-02T20:14:49.115,9.662063,FRAME,10793,26924,-397,-315,-309,-499,39
2026-07-02T20:14:49.116,9.662798,FRAME,10794,26925,-404,-337,-276,-498,39
2026-07-02T20:14:49.117,9.663532,FRAME,10795,26926,-369,-313,-325,-483,39
2026-07-02T20:14:49.117,9.664175,FRAME,10796,26927,-325,-317,-258,-478,39
2026-07-02T20:14:49.118,9.664814,FRAME,10797,26928,-268,-311,-307,-495,39
2026-07-02T20:14:49.119,9.665442,FRAME,10798,26929,-257,-292,-247,-488,39
2026-07-02T20:14:49.119,9.666097,FRAME,10799,26930,-267,-280,-268,-484,39
2026-07-02T20:14:49.120,9.666727,FRAME,10800,26931,-205,-345,-234,-507,39
2026-07-02T20:14:49.121,9.667357,FRAME,10801,26932,-225,-273,-241,-481,39
2026-07-02T20:14:49.121,9.667999,FRAME,10802,26933,-242,-286,-243,-512,39
2026-07-02T20:14:49.122,9.668612,FRAME,10803,26934,-164,-290,-242,-434,39
2026-07-02T20:14:49.123,9.669250,FRAME,10804,26935,-196,-231,-213,-490,39
2026-07-02T20:14:49.123,9.669889,FRAME,10805,26936,-200,-247,-215,-472,39
2026-07-02T20:14:49.124,9.670499,FRAME,10806,26937,-208,-201,-226,-453,39
2026-07-02T20:14:49.125,9.671457,FRAME,10807,26938,-210,-244,-164,-412,39
2026-07-02T20:14:49.126,9.672697,FRAME,10808,26939,-217,-203,-186,-437,39
2026-07-02T20:14:49.127,9.674004,FRAME,10809,26940,-180,-137,-148,-426,39
2026-07-02T20:14:49.128,9.675023,FRAME,10810,26941,-181,-145,-130,-429,39
2026-07-02T20:14:49.129,9.676049,FRAME,10811,26942,-138,-148,-156,-428,39
2026-07-02T20:14:49.130,9.677071,FRAME,10812,26943,-103,-147,-140,-423,39
2026-07-02T20:14:49.131,9.678082,FRAME,10813,26944,-152,-137,-141,-405,39
2026-07-02T20:14:49.132,9.679069,FRAME,10814,26945,-104,-75,-131,-425,38
2026-07-02T20:14:49.133,9.680017,FRAME,10815,26946,-86,-91,-69,-450,36
2026-07-02T20:14:49.134,9.681007,FRAME,10816,26947,-80,-111,-94,-434,37
2026-07-02T20:14:49.135,9.681947,FRAME,10817,26948,-72,-97,-91,-478,36
2026-07-02T20:14:49.136,9.682946,FRAME,10818,26949,-73,-138,-115,-454,38
2026-07-02T20:14:49.137,9.683936,FRAME,10819,26950,-83,-88,-107,-445,37
2026-07-02T20:14:49.138,9.684919,FRAME,10820,26951,-39,-143,-107,-415,38
2026-07-02T20:14:49.139,9.685909,FRAME,10821,26952,-69,-111,-93,-451,37
2026-07-02T20:14:49.140,9.686869,FRAME,10822,26953,-84,-87,-93,-430,36
2026-07-02T20:14:49.141,9.687831,FRAME,10823,26954,-36,-121,-93,-418,37
2026-07-02T20:14:49.142,9.688804,FRAME,10824,26955,-90,-119,-143,-407,38
2026-07-02T20:14:49.143,9.689834,FRAME,10825,26956,-94,-93,-92,-386,36
2026-07-02T20:14:49.144,9.690985,FRAME,10826,26957,-93,-90,-74,-419,36
2026-07-02T20:14:49.145,9.692007,FRAME,10827,26958,-68,-83,-77,-398,36
2026-07-02T20:14:49.146,9.693043,FRAME,10828,26959,-29,-85,-129,-372,37
2026-07-02T20:14:49.148,9.694223,FRAME,10829,26960,-26,-84,-91,-399,36
2026-07-02T20:14:49.149,9.695350,FRAME,10830,26961,-6,-74,-57,-409,35
2026-07-02T20:14:49.150,9.696317,FRAME,10831,26962,-8,-59,-81,-409,35
2026-07-02T20:14:49.151,9.697252,FRAME,10832,26963,29,-82,-97,-439,35
2026-07-02T20:14:49.152,9.698249,FRAME,10833,26964,-9,-91,-122,-456,36
2026-07-02T20:14:49.153,9.699230,FRAME,10834,26965,-24,-101,-95,-437,37
2026-07-02T20:14:49.154,9.700287,FRAME,10835,26966,-20,-100,-103,-434,38
2026-07-02T20:14:49.155,9.701335,FRAME,10836,26967,-118,-131,-110,-447,39
2026-07-02T20:14:49.156,9.702361,FRAME,10837,26968,-106,-156,-147,-457,39
2026-07-02T20:14:49.157,9.703400,FRAME,10838,26969,-123,-173,-166,-472,39
2026-07-02T20:14:49.158,9.704441,FRAME,10839,26970,-222,-214,-179,-487,39
2026-07-02T20:14:49.159,9.705483,FRAME,10840,26971,-242,-223,-207,-445,39
2026-07-02T20:14:49.160,9.706604,FRAME,10841,26972,-253,-283,-220,-444,39
2026-07-02T20:14:49.161,9.707853,FRAME,10842,26973,-299,-298,-196,-462,39
2026-07-02T20:14:49.162,9.709134,FRAME,10843,26974,-263,-299,-209,-484,39
2026-07-02T20:14:49.164,9.710281,FRAME,10844,26975,-286,-310,-193,-457,39
2026-07-02T20:14:49.165,9.711314,FRAME,10845,26976,-307,-229,-238,-436,39
2026-07-02T20:14:49.166,9.712333,FRAME,10846,26977,-310,-287,-185,-465,39
2026-07-02T20:14:49.167,9.713380,FRAME,10847,26978,-236,-292,-208,-490,39
2026-07-02T20:14:49.168,9.714408,FRAME,10848,26979,-300,-301,-252,-483,39
2026-07-02T20:14:49.169,9.715428,FRAME,10849,26980,-281,-320,-228,-502,39
2026-07-02T20:14:49.170,9.716457,FRAME,10850,26981,-284,-332,-227,-448,39
2026-07-02T20:14:49.171,9.717473,FRAME,10851,26982,-300,-337,-239,-537,39
2026-07-02T20:14:49.172,9.718492,FRAME,10852,26983,-320,-377,-288,-553,39
2026-07-02T20:14:49.173,9.719503,FRAME,10853,26984,-353,-385,-294,-498,39
2026-07-02T20:14:49.174,9.720506,FRAME,10854,26985,-362,-358,-308,-510,39
2026-07-02T20:14:49.175,9.721523,FRAME,10855,26986,-399,-406,-295,-515,39
2026-07-02T20:14:49.176,9.722591,FRAME,10856,26987,-442,-385,-289,-536,39
2026-07-02T20:14:49.177,9.723591,FRAME,10857,26988,-471,-390,-350,-495,39
2026-07-02T20:14:49.178,9.724281,FRAME,10858,26989,-511,-412,-341,-542,39
2026-07-02T20:14:49.178,9.724908,FRAME,10859,26990,-439,-403,-284,-525,39
2026-07-02T20:14:49.179,9.725977,FRAME,10860,26991,-473,-380,-312,-533,39
2026-07-02T20:14:49.180,9.727037,FRAME,10861,26992,-480,-426,-334,-529,39
2026-07-02T20:14:49.181,9.728158,FRAME,10862,26993,-460,-417,-303,-471,39
2026-07-02T20:14:49.182,9.729145,FRAME,10863,26994,-479,-451,-292,-489,39
2026-07-02T20:14:49.184,9.730319,FRAME,10864,26995,-396,-368,-236,-469,39
2026-07-02T20:14:49.185,9.731339,FRAME,10865,26996,-434,-360,-235,-475,39
2026-07-02T20:14:49.186,9.732506,FRAME,10866,26997,-408,-386,-231,-495,39
2026-07-02T20:14:49.187,9.733618,FRAME,10867,26998,-326,-329,-224,-529,39
2026-07-02T20:14:49.188,9.734620,FRAME,10868,26999,-286,-316,-209,-532,39
2026-07-02T20:14:49.189,9.735821,FRAME,10869,27000,-261,-306,-192,-502,39
2026-07-02T20:14:49.190,9.736855,FRAME,10870,27001,-257,-289,-186,-509,39
2026-07-02T20:14:49.191,9.738002,FRAME,10871,27002,-266,-303,-230,-461,39
2026-07-02T20:14:49.192,9.739067,FRAME,10872,27003,-281,-308,-262,-497,39
2026-07-02T20:14:49.194,9.740296,FRAME,10873,27004,-328,-338,-236,-488,39
2026-07-02T20:14:49.194,9.741106,FRAME,10874,27005,-356,-382,-254,-461,39
2026-07-02T20:14:49.197,9.744178,FRAME,10875,27006,-383,-319,-262,-497,39
2026-07-02T20:14:49.198,9.744961,FRAME,10876,27007,-350,-304,-266,-488,39
2026-07-02T20:14:49.199,9.745678,FRAME,10877,27008,-355,-338,-260,-477,39
2026-07-02T20:14:49.200,9.746398,FRAME,10878,27009,-376,-315,-218,-450,39
2026-07-02T20:14:49.200,9.747075,FRAME,10879,27010,-392,-319,-198,-458,39
2026-07-02T20:14:49.201,9.747714,FRAME,10880,27011,-327,-347,-206,-478,39
2026-07-02T20:14:49.202,9.748342,FRAME,10881,27012,-355,-326,-190,-449,39
2026-07-02T20:14:49.202,9.748981,FRAME,10882,27013,-271,-291,-179,-477,39
2026-07-02T20:14:49.203,9.749596,FRAME,10883,27014,-260,-273,-219,-487,39
2026-07-02T20:14:49.204,9.750245,FRAME,10884,27015,-280,-282,-178,-477,39
2026-07-02T20:14:49.204,9.750882,FRAME,10885,27016,-246,-300,-189,-430,39
2026-07-02T20:14:49.205,9.751511,FRAME,10886,27017,-246,-287,-218,-495,39
2026-07-02T20:14:49.205,9.752146,FRAME,10887,27018,-251,-203,-181,-499,39
2026-07-02T20:14:49.206,9.752772,FRAME,10888,27019,-277,-244,-174,-465,39
2026-07-02T20:14:49.207,9.753394,FRAME,10889,27020,-262,-229,-168,-481,39
2026-07-02T20:14:49.207,9.754033,FRAME,10890,27021,-212,-233,-176,-428,39
2026-07-02T20:14:49.208,9.754662,FRAME,10891,27022,-225,-236,-146,-430,39
2026-07-02T20:14:49.209,9.755311,FRAME,10892,27023,-200,-215,-114,-426,39
2026-07-02T20:14:49.209,9.756116,FRAME,10893,27024,-206,-237,-139,-454,39
2026-07-02T20:14:49.210,9.756750,FRAME,10894,27025,-206,-210,-148,-425,39
2026-07-02T20:14:49.211,9.757371,FRAME,10895,27026,-220,-237,-149,-458,39
2026-07-02T20:14:49.211,9.758002,FRAME,10896,27027,-194,-248,-167,-442,39
2026-07-02T20:14:49.212,9.758614,FRAME,10897,27028,-206,-210,-118,-451,39
2026-07-02T20:14:49.213,9.759235,FRAME,10898,27029,-156,-185,-102,-433,39
2026-07-02T20:14:49.213,9.759836,FRAME,10899,27030,-127,-203,-97,-414,38
2026-07-02T20:14:49.214,9.760460,FRAME,10900,27031,-117,-187,-143,-443,39
2026-07-02T20:14:49.214,9.761163,FRAME,10901,27032,-105,-217,-84,-460,38
2026-07-02T20:14:49.215,9.761777,FRAME,10902,27033,-122,-158,-136,-470,39
2026-07-02T20:14:49.216,9.762406,FRAME,10903,27034,-122,-199,-132,-463,39
2026-07-02T20:14:49.216,9.763041,FRAME,10904,27035,-141,-194,-114,-426,39
2026-07-02T20:14:49.217,9.763641,FRAME,10905,27036,-136,-189,-137,-445,39
2026-07-02T20:14:49.218,9.764265,FRAME,10906,27037,-183,-193,-124,-399,39
2026-07-02T20:14:49.218,9.764883,FRAME,10907,27038,-130,-161,-137,-409,39
2026-07-02T20:14:49.219,9.765471,FRAME,10908,27039,-140,-200,-38,-397,38
2026-07-02T20:14:49.219,9.766093,FRAME,10909,27040,-110,-163,-102,-424,39
2026-07-02T20:14:49.220,9.766678,FRAME,10910,27041,-92,-169,-88,-404,37
2026-07-02T20:14:49.221,9.767270,FRAME,10911,27042,-65,-166,-90,-401,37
2026-07-02T20:14:49.221,9.767860,FRAME,10912,27043,-50,-161,-79,-402,37
2026-07-02T20:14:49.222,9.768438,FRAME,10913,27044,-74,-189,-95,-417,37
2026-07-02T20:14:49.222,9.769032,FRAME,10914,27045,-94,-152,-65,-436,37
2026-07-02T20:14:49.223,9.769622,FRAME,10915,27046,-103,-204,-80,-411,38
2026-07-02T20:14:49.224,9.770233,FRAME,10916,27047,-103,-206,-74,-464,38
2026-07-02T20:14:49.224,9.770823,FRAME,10917,27048,-99,-165,-96,-442,37
2026-07-02T20:14:49.225,9.771455,FRAME,10918,27049,-144,-206,-148,-430,39
2026-07-02T20:14:49.225,9.772166,FRAME,10919,27050,-141,-246,-144,-481,39
2026-07-02T20:14:49.226,9.772793,FRAME,10920,27051,-181,-266,-148,-458,39
2026-07-02T20:14:49.227,9.773541,FRAME,10921,27052,-216,-298,-176,-482,39
2026-07-02T20:14:49.228,9.774226,FRAME,10922,27053,-284,-264,-233,-479,39
2026-07-02T20:14:49.228,9.774859,FRAME,10923,27054,-308,-291,-197,-446,39
2026-07-02T20:14:49.229,9.775473,FRAME,10924,27055,-331,-315,-236,-463,39
2026-07-02T20:14:49.229,9.776098,FRAME,10925,27056,-332,-326,-206,-487,39
2026-07-02T20:14:49.230,9.776754,FRAME,10926,27057,-329,-319,-285,-484,39
2026-07-02T20:14:49.231,9.777390,FRAME,10927,27058,-371,-318,-223,-481,39
2026-07-02T20:14:49.231,9.778056,FRAME,10928,27059,-356,-322,-248,-455,39
2026-07-02T20:14:49.232,9.778678,FRAME,10929,27060,-357,-330,-241,-472,39
2026-07-02T20:14:49.233,9.779287,FRAME,10930,27061,-349,-323,-269,-487,39
2026-07-02T20:14:49.233,9.779911,FRAME,10931,27062,-332,-334,-266,-467,39
2026-07-02T20:14:49.234,9.780525,FRAME,10932,27063,-337,-277,-241,-503,39
2026-07-02T20:14:49.234,9.781163,FRAME,10933,27064,-339,-338,-231,-486,39
2026-07-02T20:14:49.235,9.781770,FRAME,10934,27065,-371,-314,-235,-473,39
2026-07-02T20:14:49.236,9.782379,FRAME,10935,27066,-387,-356,-298,-530,39
2026-07-02T20:14:49.236,9.783012,FRAME,10936,27067,-398,-337,-274,-510,39
2026-07-02T20:14:49.237,9.783612,FRAME,10937,27068,-410,-340,-263,-545,39
2026-07-02T20:14:49.238,9.784236,FRAME,10938,27069,-387,-354,-289,-500,39
2026-07-02T20:14:49.238,9.784857,FRAME,10939,27070,-450,-341,-295,-510,39
2026-07-02T20:14:49.239,9.785460,FRAME,10940,27071,-507,-409,-271,-497,39
2026-07-02T20:14:49.239,9.786089,FRAME,10941,27072,-456,-390,-303,-532,39
2026-07-02T20:14:49.240,9.786734,FRAME,10942,27073,-502,-395,-292,-511,39
2026-07-02T20:14:49.241,9.787361,FRAME,10943,27074,-445,-392,-262,-487,39
2026-07-02T20:14:49.241,9.788002,FRAME,10944,27075,-388,-350,-281,-499,39
2026-07-02T20:14:49.242,9.788603,FRAME,10945,27076,-362,-302,-235,-495,39
2026-07-02T20:14:49.243,9.789323,FRAME,10946,27077,-298,-318,-211,-492,39
2026-07-02T20:14:49.243,9.790034,FRAME,10947,27078,-317,-321,-239,-492,39
2026-07-02T20:14:49.244,9.790638,FRAME,10948,27079,-265,-316,-202,-448,39
2026-07-02T20:14:49.245,9.791270,FRAME,10949,27080,-232,-273,-203,-480,39
2026-07-02T20:14:49.245,9.791913,FRAME,10950,27081,-252,-250,-173,-466,39
2026-07-02T20:14:49.246,9.792526,FRAME,10951,27082,-237,-316,-234,-496,39
2026-07-02T20:14:49.246,9.793155,FRAME,10952,27083,-253,-302,-249,-472,39
2026-07-02T20:14:49.248,9.794230,FRAME,10953,27084,-310,-286,-252,-502,39
2026-07-02T20:14:49.248,9.794941,FRAME,10954,27085,-336,-349,-270,-498,39
2026-07-02T20:14:49.249,9.795892,FRAME,10955,27086,-355,-347,-225,-473,39
2026-07-02T20:14:49.250,9.796824,FRAME,10956,27087,-380,-338,-256,-510,39
2026-07-02T20:14:49.251,9.797762,FRAME,10957,27088,-400,-339,-270,-480,39
2026-07-02T20:14:49.252,9.798696,FRAME,10958,27089,-410,-322,-291,-487,39
2026-07-02T20:14:49.253,9.799609,FRAME,10959,27090,-416,-388,-242,-504,39
2026-07-02T20:14:49.254,9.800551,FRAME,10960,27091,-448,-362,-264,-481,39
2026-07-02T20:14:49.255,9.801438,FRAME,10961,27092,-405,-290,-268,-505,39
2026-07-02T20:14:49.256,9.802369,FRAME,10962,27093,-367,-266,-224,-478,39
2026-07-02T20:14:49.257,9.803290,FRAME,10963,27094,-398,-277,-225,-501,39
2026-07-02T20:14:49.258,9.804229,FRAME,10964,27095,-383,-300,-223,-481,39
2026-07-02T20:14:49.258,9.805132,FRAME,10965,27096,-361,-252,-215,-505,39
2026-07-02T20:14:49.259,9.805981,FRAME,10966,27097,-319,-258,-222,-511,39
2026-07-02T20:14:49.260,9.806900,FRAME,10967,27098,-278,-253,-228,-508,39
2026-07-02T20:14:49.261,9.807871,FRAME,10968,27099,-230,-260,-217,-485,39
2026-07-02T20:14:49.262,9.808684,FRAME,10969,27100,-227,-240,-206,-475,39
2026-07-02T20:14:49.263,9.809408,FRAME,10970,27101,-218,-226,-208,-464,39
2026-07-02T20:14:49.264,9.810463,FRAME,10971,27102,-224,-215,-151,-453,39
2026-07-02T20:14:49.265,9.811498,FRAME,10972,27103,-203,-202,-135,-431,39
2026-07-02T20:14:49.266,9.812505,FRAME,10973,27104,-181,-158,-138,-432,39
2026-07-02T20:14:49.267,9.813515,FRAME,10974,27105,-193,-147,-110,-441,39
2026-07-02T20:14:49.268,9.814539,FRAME,10975,27106,-162,-125,-125,-405,39
2026-07-02T20:14:49.269,9.815560,FRAME,10976,27107,-132,-135,-131,-408,39
2026-07-02T20:14:49.270,9.816567,FRAME,10977,27108,-130,-112,-90,-443,38
2026-07-02T20:14:49.271,9.817557,FRAME,10978,27109,-95,-109,-146,-421,38
2026-07-02T20:14:49.303,9.849701,FRAME,10979,27110,-127,-131,-81,-437,38
2026-07-02T20:14:49.304,9.850850,FRAME,10980,27111,-134,-110,-129,-414,39
2026-07-02T20:14:49.305,9.851918,FRAME,10981,27112,-141,-133,-100,-415,39
2026-07-02T20:14:49.306,9.852933,FRAME,10982,27113,-111,-121,-100,-458,39
2026-07-02T20:14:49.307,9.853892,FRAME,10983,27114,-33,-131,-91,-418,37
2026-07-02T20:14:49.308,9.854873,FRAME,10984,27115,-80,-120,-88,-421,37
2026-07-02T20:14:49.309,9.855864,FRAME,10985,27116,-78,-141,-73,-445,37
2026-07-02T20:14:49.310,9.856987,FRAME,10986,27117,-134,-105,-101,-437,39
2026-07-02T20:14:49.312,9.858229,FRAME,10987,27118,-94,-154,-90,-454,37
2026-07-02T20:14:49.313,9.859404,FRAME,10988,27119,-88,-105,-70,-414,37
2026-07-02T20:14:49.314,9.860533,FRAME,10989,27120,-128,-138,-104,-451,39
2026-07-02T20:14:49.315,9.861550,FRAME,10990,27121,-103,-117,-67,-418,38
2026-07-02T20:14:49.316,9.862532,FRAME,10991,27122,-95,-111,-62,-407,37
2026-07-02T20:14:49.317,9.863508,FRAME,10992,27123,-78,-113,-85,-402,37
2026-07-02T20:14:49.318,9.864454,FRAME,10993,27124,-53,-69,-64,-404,36
2026-07-02T20:14:49.319,9.865391,FRAME,10994,27125,-63,-88,-63,-413,36
2026-07-02T20:14:49.320,9.866352,FRAME,10995,27126,-72,-97,-30,-377,36
2026-07-02T20:14:49.321,9.867365,FRAME,10996,27127,-57,-108,-50,-394,37
2026-07-02T20:14:49.322,9.868315,FRAME,10997,27128,-64,-122,-4,-405,36
2026-07-02T20:14:49.323,9.869265,FRAME,10998,27129,-37,-85,-53,-416,36
2026-07-02T20:14:49.324,9.870264,FRAME,10999,27130,-19,-77,-69,-463,36
2026-07-02T20:14:49.325,9.871341,FRAME,11000,27131,-19,-101,-65,-441,37
2026-07-02T20:14:49.326,9.872389,FRAME,11001,27132,-53,-133,-113,-429,38
2026-07-02T20:14:49.327,9.873492,FRAME,11002,27133,-96,-218,-81,-477,37
2026-07-02T20:14:49.328,9.874774,FRAME,11003,27134,-133,-198,-131,-483,39
2026-07-02T20:14:49.329,9.876038,FRAME,11004,27135,-213,-210,-143,-469,39
2026-07-02T20:14:49.331,9.877207,FRAME,11005,27136,-183,-224,-108,-472,39
2026-07-02T20:14:49.332,9.878459,FRAME,11006,27137,-267,-224,-169,-482,39
2026-07-02T20:14:49.333,9.879512,FRAME,11007,27138,-278,-250,-195,-472,39
2026-07-02T20:14:49.334,9.880534,FRAME,11008,27139,-300,-249,-182,-457,39
2026-07-02T20:14:49.335,9.881595,FRAME,11009,27140,-337,-248,-203,-434,39
2026-07-02T20:14:49.336,9.882620,FRAME,11010,27141,-330,-286,-208,-471,39
2026-07-02T20:14:49.337,9.883659,FRAME,11011,27142,-288,-314,-212,-500,39
2026-07-02T20:14:49.338,9.884777,FRAME,11012,27143,-321,-329,-227,-478,39
2026-07-02T20:14:49.339,9.885804,FRAME,11013,27144,-324,-269,-200,-436,39
2026-07-02T20:14:49.340,9.886831,FRAME,11014,27145,-257,-336,-223,-475,39
2026-07-02T20:14:49.341,9.887845,FRAME,11015,27146,-277,-346,-240,-536,39
2026-07-02T20:14:49.342,9.888860,FRAME,11016,27147,-346,-341,-211,-498,39
2026-07-02T20:14:49.343,9.889928,FRAME,11017,27148,-299,-351,-205,-519,39
2026-07-02T20:14:49.344,9.891080,FRAME,11018,27149,-341,-319,-241,-522,39
2026-07-02T20:14:49.346,9.892324,FRAME,11019,27150,-355,-353,-247,-509,39
2026-07-02T20:14:49.347,9.893510,FRAME,11020,27151,-321,-352,-269,-572,39
2026-07-02T20:14:49.348,9.894835,FRAME,11021,27152,-381,-356,-250,-537,39
2026-07-02T20:14:49.349,9.896013,FRAME,11022,27153,-412,-388,-270,-537,39
2026-07-02T20:14:49.350,9.897111,FRAME,11023,27154,-432,-368,-289,-524,39
2026-07-02T20:14:49.352,9.898339,FRAME,11024,27155,-466,-411,-319,-525,39
2026-07-02T20:14:49.353,9.899259,FRAME,11025,27156,-448,-404,-302,-525,39
2026-07-02T20:14:49.354,9.900212,FRAME,11026,27157,-457,-414,-294,-491,39
2026-07-02T20:14:49.354,9.901058,FRAME,11027,27158,-465,-403,-275,-563,39
2026-07-02T20:14:49.355,9.901964,FRAME,11028,27159,-447,-359,-312,-521,39
2026-07-02T20:14:49.356,9.902928,FRAME,11029,27160,-413,-335,-234,-539,39
2026-07-02T20:14:49.357,9.903574,FRAME,11030,27161,-383,-352,-274,-480,39
2026-07-02T20:14:49.358,9.904201,FRAME,11031,27162,-321,-305,-244,-497,39
2026-07-02T20:14:49.358,9.904818,FRAME,11032,27163,-294,-287,-237,-509,39
2026-07-02T20:14:49.359,9.905423,FRAME,11033,27164,-309,-266,-217,-475,39
2026-07-02T20:14:49.360,9.906333,FRAME,11034,27165,-270,-271,-195,-503,39
2026-07-02T20:14:49.361,9.907347,FRAME,11035,27166,-244,-232,-189,-500,39
2026-07-02T20:14:49.361,9.908189,FRAME,11036,27167,-235,-278,-249,-527,39
2026-07-02T20:14:49.362,9.908939,FRAME,11037,27168,-239,-278,-195,-515,39
2026-07-02T20:14:49.363,9.909813,FRAME,11038,27169,-306,-267,-218,-499,39
2026-07-02T20:14:49.364,9.910742,FRAME,11039,27170,-331,-317,-233,-507,39
2026-07-02T20:14:49.365,9.911580,FRAME,11040,27171,-358,-304,-234,-482,39
2026-07-02T20:14:49.366,9.912384,FRAME,11041,27172,-373,-292,-237,-517,39
2026-07-02T20:14:49.366,9.913032,FRAME,11042,27173,-335,-314,-251,-492,39
2026-07-02T20:14:49.367,9.913735,FRAME,11043,27174,-312,-303,-206,-515,39
2026-07-02T20:14:49.368,9.914483,FRAME,11044,27175,-374,-287,-223,-463,39
2026-07-02T20:14:49.368,9.915127,FRAME,11045,27176,-335,-298,-240,-480,39
2026-07-02T20:14:49.369,9.915756,FRAME,11046,27177,-283,-281,-230,-478,39
2026-07-02T20:14:49.370,9.916394,FRAME,11047,27178,-281,-315,-228,-467,39
2026-07-02T20:14:49.370,9.917036,FRAME,11048,27179,-213,-246,-224,-515,39
2026-07-02T20:14:49.371,9.917645,FRAME,11049,27180,-216,-279,-203,-508,39
2026-07-02T20:14:49.372,9.918276,FRAME,11050,27181,-212,-206,-184,-482,39
2026-07-02T20:14:49.372,9.918929,FRAME,11051,27182,-210,-226,-226,-511,39
2026-07-02T20:14:49.373,9.919546,FRAME,11052,27183,-208,-284,-181,-483,39
2026-07-02T20:14:49.373,9.920186,FRAME,11053,27184,-230,-232,-193,-509,39
2026-07-02T20:14:49.374,9.920804,FRAME,11054,27185,-223,-247,-182,-523,39
2026-07-02T20:14:49.375,9.921414,FRAME,11055,27186,-212,-225,-163,-428,39
2026-07-02T20:14:49.375,9.922153,FRAME,11056,27187,-181,-234,-154,-444,39
2026-07-02T20:14:49.376,9.922933,FRAME,11057,27188,-201,-168,-190,-471,39
2026-07-02T20:14:49.377,9.923585,FRAME,11058,27189,-178,-192,-148,-447,39
2026-07-02T20:14:49.378,9.924238,FRAME,11059,27190,-188,-211,-155,-457,39
2026-07-02T20:14:49.378,9.924884,FRAME,11060,27191,-182,-153,-134,-457,39
2026-07-02T20:14:49.379,9.925497,FRAME,11061,27192,-151,-235,-157,-463,39
2026-07-02T20:14:49.379,9.926122,FRAME,11062,27193,-170,-205,-170,-457,39
2026-07-02T20:14:49.380,9.926729,FRAME,11063,27194,-158,-210,-178,-456,39
2026-07-02T20:14:49.381,9.927351,FRAME,11064,27195,-124,-203,-131,-467,39
2026-07-02T20:14:49.381,9.927976,FRAME,11065,27196,-126,-186,-162,-483,39
2026-07-02T20:14:49.382,9.928556,FRAME,11066,27197,-96,-196,-138,-460,38
2026-07-02T20:14:49.383,9.929251,FRAME,11067,27198,-121,-183,-164,-465,39
2026-07-02T20:14:49.383,9.929885,FRAME,11068,27199,-105,-167,-145,-444,39
2026-07-02T20:14:49.384,9.930481,FRAME,11069,27200,-104,-222,-162,-495,39
2026-07-02T20:14:49.384,9.931104,FRAME,11070,27201,-123,-222,-227,-451,39
2026-07-02T20:14:49.385,9.931702,FRAME,11071,27202,-98,-207,-190,-432,38
2026-07-02T20:14:49.386,9.932321,FRAME,11072,27203,-111,-196,-178,-434,39
2026-07-02T20:14:49.386,9.932939,FRAME,11073,27204,-120,-178,-155,-438,39
2026-07-02T20:14:49.387,9.933537,FRAME,11074,27205,-147,-179,-115,-412,39
2026-07-02T20:14:49.387,9.934141,FRAME,11075,27206,-85,-172,-116,-416,38
2026-07-02T20:14:49.388,9.934743,FRAME,11076,27207,-103,-134,-149,-392,39
2026-07-02T20:14:49.389,9.935353,FRAME,11077,27208,-147,-165,-108,-415,39
2026-07-02T20:14:49.389,9.935974,FRAME,11078,27209,-123,-177,-156,-440,39
2026-07-02T20:14:49.390,9.936554,FRAME,11079,27210,-94,-169,-135,-421,38
2026-07-02T20:14:49.390,9.937155,FRAME,11080,27211,-97,-147,-136,-417,38
2026-07-02T20:14:49.391,9.937791,FRAME,11081,27212,-141,-143,-134,-440,39
2026-07-02T20:14:49.392,9.938416,FRAME,11082,27213,-110,-213,-163,-443,39
2026-07-02T20:14:49.392,9.939125,FRAME,11083,27214,-121,-188,-165,-457,39
2026-07-02T20:14:49.409,9.955237,FRAME,11084,27215,-143,-191,-217,-454,39
2026-07-02T20:14:49.410,9.956385,FRAME,11085,27216,-184,-198,-183,-485,39
2026-07-02T20:14:49.411,9.957413,FRAME,11086,27217,-190,-203,-203,-485,39
2026-07-02T20:14:49.412,9.958480,FRAME,11087,27218,-219,-247,-216,-472,39
2026-07-02T20:14:49.413,9.959440,FRAME,11088,27219,-247,-271,-219,-491,39
2026-07-02T20:14:49.414,9.960398,FRAME,11089,27220,-279,-282,-215,-467,39
2026-07-02T20:14:49.415,9.961368,FRAME,11090,27221,-309,-283,-263,-430,39
2026-07-02T20:14:49.416,9.962300,FRAME,11091,27222,-345,-293,-244,-452,39
2026-07-02T20:14:49.417,9.963222,FRAME,11092,27223,-366,-345,-209,-480,39
2026-07-02T20:14:49.417,9.964177,FRAME,11093,27224,-358,-284,-214,-480,39
2026-07-02T20:14:49.418,9.965095,FRAME,11094,27225,-307,-327,-221,-481,39
2026-07-02T20:14:49.419,9.965745,FRAME,11095,27226,-368,-311,-207,-469,39
2026-07-02T20:14:49.420,9.966609,FRAME,11096,27227,-375,-331,-179,-461,39
2026-07-02T20:14:49.421,9.967479,FRAME,11097,27228,-342,-275,-181,-465,39
2026-07-02T20:14:49.422,9.968399,FRAME,11098,27229,-309,-310,-206,-509,39
2026-07-02T20:14:49.423,9.969230,FRAME,11099,27230,-324,-304,-222,-500,39
2026-07-02T20:14:49.423,9.969866,FRAME,11100,27231,-330,-278,-220,-509,39
2026-07-02T20:14:49.424,9.970827,FRAME,11101,27232,-314,-305,-234,-545,39
2026-07-02T20:14:49.425,9.971708,FRAME,11102,27233,-344,-340,-245,-507,39
2026-07-02T20:14:49.426,9.972612,FRAME,11103,27234,-393,-343,-205,-497,39
2026-07-02T20:14:49.427,9.973624,FRAME,11104,27235,-371,-366,-262,-535,39
2026-07-02T20:14:49.428,9.974586,FRAME,11105,27236,-434,-377,-260,-510,39
2026-07-02T20:14:49.429,9.975522,FRAME,11106,27237,-473,-403,-295,-486,39
2026-07-02T20:14:49.430,9.976455,FRAME,11107,27238,-489,-344,-280,-513,39
2026-07-02T20:14:49.431,9.977383,FRAME,11108,27239,-501,-395,-293,-518,39
2026-07-02T20:14:49.432,9.978262,FRAME,11109,27240,-470,-378,-277,-522,39
2026-07-02T20:14:49.433,9.979202,FRAME,11110,27241,-411,-375,-241,-485,39
2026-07-02T20:14:49.433,9.980143,FRAME,11111,27242,-390,-335,-226,-455,39
2026-07-02T20:14:49.434,9.980953,FRAME,11112,27243,-352,-326,-215,-467,39
2026-07-02T20:14:49.435,9.981611,FRAME,11113,27244,-314,-359,-179,-498,39
2026-07-02T20:14:49.436,9.982372,FRAME,11114,27245,-267,-304,-182,-494,39
2026-07-02T20:14:49.436,9.983139,FRAME,11115,27246,-234,-287,-188,-443,39
2026-07-02T20:14:49.437,9.983940,FRAME,11116,27247,-263,-320,-165,-498,39
2026-07-02T20:14:49.438,9.984562,FRAME,11117,27248,-257,-296,-165,-501,39
2026-07-02T20:14:49.439,9.985298,FRAME,11118,27249,-314,-333,-194,-456,39
2026-07-02T20:14:49.439,9.985926,FRAME,11119,27250,-330,-318,-168,-503,39
2026-07-02T20:14:49.440,9.986538,FRAME,11120,27251,-318,-341,-200,-475,39
2026-07-02T20:14:49.440,9.987162,FRAME,11121,27252,-339,-327,-186,-514,39
2026-07-02T20:14:49.441,9.987849,FRAME,11122,27253,-365,-322,-205,-471,39
2026-07-02T20:14:49.442,9.988457,FRAME,11123,27254,-378,-298,-221,-497,39
2026-07-02T20:14:49.442,9.989067,FRAME,11124,27255,-408,-334,-247,-448,39
2026-07-02T20:14:49.443,9.989794,FRAME,11125,27256,-383,-303,-217,-459,39
2026-07-02T20:14:49.444,9.990470,FRAME,11126,27257,-343,-321,-199,-442,39
2026-07-02T20:14:49.444,9.991125,FRAME,11127,27258,-362,-297,-198,-473,39
2026-07-02T20:14:49.445,9.991755,FRAME,11128,27259,-330,-264,-254,-447,39
2026-07-02T20:14:49.446,9.992379,FRAME,11129,27260,-292,-269,-209,-411,39
2026-07-02T20:14:49.446,9.993031,FRAME,11130,27261,-262,-309,-150,-415,39
2026-07-02T20:14:49.447,9.993657,FRAME,11131,27262,-220,-262,-114,-472,39
2026-07-02T20:14:49.448,9.994286,FRAME,11132,27263,-202,-247,-177,-461,39
2026-07-02T20:14:49.448,9.994928,FRAME,11133,27264,-185,-205,-175,-471,39
2026-07-02T20:14:49.449,9.995541,FRAME,11134,27265,-154,-214,-158,-468,39
2026-07-02T20:14:49.449,9.996183,FRAME,11135,27266,-145,-220,-150,-425,39
2026-07-02T20:14:49.450,9.996811,FRAME,11136,27267,-125,-203,-149,-426,39
2026-07-02T20:14:49.451,9.997428,FRAME,11137,27268,-91,-148,-159,-405,38
2026-07-02T20:14:49.451,9.998067,FRAME,11138,27269,-105,-144,-136,-423,39
2026-07-02T20:14:49.452,9.998679,FRAME,11139,27270,-73,-192,-152,-438,38
2026-07-02T20:14:49.453,9.999290,FRAME,11140,27271,-57,-125,-138,-365,38
2026-07-02T20:14:49.453,9.999913,FRAME,11141,27272,-85,-161,-128,-445,38
2026-07-02T20:14:49.454,10.000496,FRAME,11142,27273,-87,-119,-106,-413,38
